id,priority,category,current_filename,extension,occurrences,used_in,current_url,recommended_filename,status,notes
ANH-0001,P0,DU_AN_CASE_STUDY,Website-Song-Quan-land.jpg,jpg,1,src/lib/site-data.json:686,https://image.homenest.com.vn/wp-content/uploads/2025/10/22123019/Website-Song-Quan-land.jpg,public/images/projects/thiet-ke-website-bat-dong-san-song-quan-land/01-anh-bia-du-an.webp,CHO_KIEM_TRA,URL ảnh từ máy chủ bên ngoài.
ANH-0002,P0,DU_AN_CASE_STUDY,Du-an-website-bontravel.jpg,jpg,1,src/lib/site-data.json:697,https://image.homenest.com.vn/wp-content/uploads/2025/10/22123021/Du-an-website-bontravel.jpg,public/images/projects/website-dich-vu-cho-thue-xe-bontravel/01-anh-bia-du-an.webp,CHO_KIEM_TRA,URL ảnh từ máy chủ bên ngoài.
ANH-0003,P0,DU_AN_CASE_STUDY,Website-chu-quan-ca-phe.jpg,jpg,1,src/lib/site-data.json:708,https://image.homenest.com.vn/wp-content/uploads/2025/10/22123024/Website-chu-quan-ca-phe.jpg,public/images/projects/du-an-website-chu-quan-ca-phe/01-anh-bia-du-an.webp,CHO_KIEM_TRA,URL ảnh từ máy chủ bên ngoài.
ANH-0004,P0,DU_AN_CASE_STUDY,Website-MCS.jpg,jpg,1,src/lib/site-data.json:719,https://image.homenest.com.vn/wp-content/uploads/2025/10/22123025/Website-MCS.jpg,public/images/projects/don-vi-thiet-ke-thi-cong-xay-dung-mcs/01-anh-bia-du-an.webp,CHO_KIEM_TRA,URL ảnh từ máy chủ bên ngoài.
ANH-0005,P0,DU_AN_CASE_STUDY,giao-dien-noi-that-gia-dinh-Thanh-Tung-case-study.jpg,jpg,11,src/lib/site-data.json:678,https://image.homenest.com.vn/wp-content/uploads/2025/10/giao-dien-noi-that-gia-dinh-Thanh-Tung-case-study.jpg,public/images/projects/website-noi-that-thanh-tung/04-man-hinh-website.webp,CHO_KIEM_TRA,URL ảnh từ máy chủ bên ngoài.
ANH-0006,P0,DU_AN_CASE_STUDY,giao-dien-noi-that-ki-tuc-xa-Thanh-Tung-case-study.jpg,jpg,11,src/lib/site-data.json:678,https://image.homenest.com.vn/wp-content/uploads/2025/10/giao-dien-noi-that-ki-tuc-xa-Thanh-Tung-case-study.jpg,public/images/projects/website-noi-that-thanh-tung/03-man-hinh-website.webp,CHO_KIEM_TRA,URL ảnh từ máy chủ bên ngoài.
ANH-0007,P0,DU_AN_CASE_STUDY,giao-dien-noi-that-Thanh-Tung-case-study.jpg,jpg,6,src/lib/site-data.json:678,https://image.homenest.com.vn/wp-content/uploads/2025/10/giao-dien-noi-that-Thanh-Tung-case-study.jpg,public/images/projects/website-noi-that-thanh-tung/06-man-hinh-website.webp,CHO_KIEM_TRA,URL ảnh từ máy chủ bên ngoài.
ANH-0008,P0,DU_AN_CASE_STUDY,giao-dien-noi-that-van-phong-Thanh-Tung-case-study.jpg,jpg,6,src/lib/site-data.json:678,https://image.homenest.com.vn/wp-content/uploads/2025/10/giao-dien-noi-that-van-phong-Thanh-Tung-case-study.jpg,public/images/projects/website-noi-that-thanh-tung/07-man-hinh-website.webp,CHO_KIEM_TRA,URL ảnh từ máy chủ bên ngoài.
ANH-0009,P0,DU_AN_CASE_STUDY,giao-dien-thiet-ke-Thanh-Tung-case-study.jpg,jpg,11,src/lib/site-data.json:678,https://image.homenest.com.vn/wp-content/uploads/2025/10/giao-dien-thiet-ke-Thanh-Tung-case-study.jpg,public/images/projects/website-noi-that-thanh-tung/05-man-hinh-website.webp,CHO_KIEM_TRA,URL ảnh từ máy chủ bên ngoài.
ANH-0010,P0,DU_AN_CASE_STUDY,giao-dien-trang-chu-Thanh-Tung-case-study.jpg,jpg,11,src/lib/site-data.json:678,https://image.homenest.com.vn/wp-content/uploads/2025/10/giao-dien-trang-chu-Thanh-Tung-case-study.jpg,public/images/projects/website-noi-that-thanh-tung/02-man-hinh-website.webp,CHO_KIEM_TRA,URL ảnh từ máy chủ bên ngoài.
ANH-0011,P0,DU_AN_CASE_STUDY,Trang-chu-Thanh-Tung-Case-Study.jpg,jpg,1,src/lib/site-data.json:674,https://image.homenest.com.vn/wp-content/uploads/2025/10/Trang-chu-Thanh-Tung-Case-Study.jpg,public/images/projects/website-noi-that-thanh-tung/01-anh-bia-du-an.webp,CHO_KIEM_TRA,URL ảnh từ máy chủ bên ngoài.
ANH-0012,P0,DU_AN_CASE_STUDY,giao-dien-dich-vu-SingapoDent-case-study.jpg,jpg,6,src/lib/site-data.json:664,https://image.homenest.com.vn/wp-content/uploads/2026/02/giao-dien-dich-vu-SingapoDent-case-study.jpg,public/images/projects/website-singapodent/06-man-hinh-website.webp,CHO_KIEM_TRA,URL ảnh từ máy chủ bên ngoài.
ANH-0013,P0,DU_AN_CASE_STUDY,giao-dien-may-in-SingapoDent-case-study.jpg,jpg,6,src/lib/site-data.json:664,https://image.homenest.com.vn/wp-content/uploads/2026/02/giao-dien-may-in-SingapoDent-case-study.jpg,public/images/projects/website-singapodent/07-man-hinh-website.webp,CHO_KIEM_TRA,URL ảnh từ máy chủ bên ngoài.
ANH-0014,P0,DU_AN_CASE_STUDY,giao-dien-san-pham-noi-bat-SingapoDent-case-study.jpg,jpg,11,src/lib/site-data.json:664,https://image.homenest.com.vn/wp-content/uploads/2026/02/giao-dien-san-pham-noi-bat-SingapoDent-case-study.jpg,public/images/projects/website-singapodent/05-man-hinh-website.webp,CHO_KIEM_TRA,URL ảnh từ máy chủ bên ngoài.
ANH-0015,P0,DU_AN_CASE_STUDY,Giao-dien-Singapoden-Case-Study.jpg,jpg,3,src/lib/industry-detail-data.json:4529; src/lib/site-data.json:286|660,https://image.homenest.com.vn/wp-content/uploads/2026/02/Giao-dien-Singapoden-Case-Study.jpg,public/images/projects/website-singapodent/01-anh-bia-du-an.webp,CHO_KIEM_TRA,URL ảnh từ máy chủ bên ngoài.
ANH-0016,P0,DU_AN_CASE_STUDY,giao-dien-tat-ca-san-pham-SingapoDent-case-study.jpg,jpg,11,src/lib/site-data.json:664,https://image.homenest.com.vn/wp-content/uploads/2026/02/giao-dien-tat-ca-san-pham-SingapoDent-case-study.jpg,public/images/projects/website-singapodent/04-man-hinh-website.webp,CHO_KIEM_TRA,URL ảnh từ máy chủ bên ngoài.
ANH-0017,P0,DU_AN_CASE_STUDY,giao-dien-trang-chu-SingapoDent-case-study.jpg,jpg,11,src/lib/site-data.json:664,https://image.homenest.com.vn/wp-content/uploads/2026/02/giao-dien-trang-chu-SingapoDent-case-study.jpg,public/images/projects/website-singapodent/02-man-hinh-website.webp,CHO_KIEM_TRA,URL ảnh từ máy chủ bên ngoài.
ANH-0018,P0,DU_AN_CASE_STUDY,Trang-chu-SingapoDent-case-study.jpg,jpg,11,src/lib/site-data.json:664,https://image.homenest.com.vn/wp-content/uploads/2026/02/Trang-chu-SingapoDent-case-study.jpg,public/images/projects/website-singapodent/03-man-hinh-website.webp,CHO_KIEM_TRA,URL ảnh từ máy chủ bên ngoài.
ANH-0019,P0,DU_AN_CASE_STUDY,about-hero-image-1.jpg,jpg,2,src/lib/site-data.json:812|1784,https://image.homenest.com.vn/wp-content/uploads/2026/04/about-hero-image-1.jpg,public/images/projects/gioi-thieu-nang-luc/03-man-hinh-mobile-3.webp,CHO_KIEM_TRA,URL ảnh từ máy chủ bên ngoài.
ANH-0020,P0,DU_AN_CASE_STUDY,about-hero-image-2.jpg,jpg,2,src/lib/site-data.json:812|1782,https://image.homenest.com.vn/wp-content/uploads/2026/04/about-hero-image-2.jpg,public/images/projects/gioi-thieu-nang-luc/01-man-hinh-mobile-1.webp,CHO_KIEM_TRA,URL ảnh từ máy chủ bên ngoài.
ANH-0021,P0,DU_AN_CASE_STUDY,about-hero-image-3.jpg,jpg,2,src/lib/site-data.json:812|1783,https://image.homenest.com.vn/wp-content/uploads/2026/04/about-hero-image-3.jpg,public/images/projects/gioi-thieu-nang-luc/02-man-hinh-mobile-2.webp,CHO_KIEM_TRA,URL ảnh từ máy chủ bên ngoài.
ANH-0022,P0,DU_AN_CASE_STUDY,du-an-Song-Quan-Ads-Case-Study.jpg,jpg,6,src/lib/site-data.json:480,https://image.homenest.com.vn/wp-content/uploads/2026/04/du-an-Song-Quan-Ads-Case-Study.jpg,public/images/projects/website-song-quan-ads/06-man-hinh-website.webp,CHO_KIEM_TRA,URL ảnh từ máy chủ bên ngoài.
ANH-0023,P0,DU_AN_CASE_STUDY,giao-dien-AUTOLINK-case-study.jpg,jpg,1,src/lib/site-data.json:647,https://image.homenest.com.vn/wp-content/uploads/2026/04/giao-dien-AUTOLINK-case-study.jpg,public/images/projects/autolink-vietnam/01-anh-bia-du-an.webp,CHO_KIEM_TRA,URL ảnh từ máy chủ bên ngoài.
ANH-0024,P0,DU_AN_CASE_STUDY,Giao-dien-ban-sac-cua-Nuage-Sauvage-Case-Study.jpg,jpg,6,src/lib/site-data.json:494,https://image.homenest.com.vn/wp-content/uploads/2026/04/Giao-dien-ban-sac-cua-Nuage-Sauvage-Case-Study.jpg,public/images/projects/website-tra-nuage-sauvage/06-man-hinh-website.webp,CHO_KIEM_TRA,URL ảnh từ máy chủ bên ngoài.
ANH-0025,P0,DU_AN_CASE_STUDY,Giao-dien-bang-mau-Paint-and-More-case-study.jpg,jpg,11,src/lib/site-data.json:564,https://image.homenest.com.vn/wp-content/uploads/2026/04/Giao-dien-bang-mau-Paint-and-More-case-study.jpg,public/images/projects/website-paint-and-more/02-man-hinh-website.webp,CHO_KIEM_TRA,URL ảnh từ máy chủ bên ngoài.
ANH-0026,P0,DU_AN_CASE_STUDY,Giao-dien-blog-Nuage-Sauvage-Case-Study.jpg,jpg,11,src/lib/site-data.json:494,https://image.homenest.com.vn/wp-content/uploads/2026/04/Giao-dien-blog-Nuage-Sauvage-Case-Study.jpg,public/images/projects/website-tra-nuage-sauvage/02-man-hinh-website.webp,CHO_KIEM_TRA,URL ảnh từ máy chủ bên ngoài.
ANH-0027,P0,DU_AN_CASE_STUDY,giao-dien-candygogo-case-study.jpg,jpg,1,src/lib/site-data.json:586,https://image.homenest.com.vn/wp-content/uploads/2026/04/giao-dien-candygogo-case-study.jpg,public/images/projects/website-candygogo-factory/01-anh-bia-du-an.webp,CHO_KIEM_TRA,URL ảnh từ máy chủ bên ngoài.
ANH-0028,P0,DU_AN_CASE_STUDY,Giao-dien-cua-Vietplus-case-study.jpg,jpg,6,src/lib/site-data.json:522,https://image.homenest.com.vn/wp-content/uploads/2026/04/Giao-dien-cua-Vietplus-case-study.jpg,public/images/projects/app-vietplus/06-man-hinh-ung-dung.webp,CHO_KIEM_TRA,URL ảnh từ máy chủ bên ngoài.
ANH-0029,P0,DU_AN_CASE_STUDY,Giao-dien-dang-nhap-Vietplus-case-study.jpg,jpg,7,src/lib/site-data.json:522,https://image.homenest.com.vn/wp-content/uploads/2026/04/Giao-dien-dang-nhap-Vietplus-case-study.jpg,public/images/projects/app-vietplus/04-man-hinh-ung-dung.webp,CHO_KIEM_TRA,URL ảnh từ máy chủ bên ngoài.
ANH-0030,P0,DU_AN_CASE_STUDY,Giao-dien-dat-lich-cua-Lovers-Lawn-case-study.jpg,jpg,7,src/lib/site-data.json:536,https://image.homenest.com.vn/wp-content/uploads/2026/04/Giao-dien-dat-lich-cua-Lovers-Lawn-case-study.jpg,public/images/projects/lovers-lawn-app/04-man-hinh-ung-dung.webp,CHO_KIEM_TRA,URL ảnh từ máy chủ bên ngoài.
ANH-0031,P0,DU_AN_CASE_STUDY,Giao-dien-dich-vu-cua-Lovers-Lawn-case-study.jpg,jpg,7,src/lib/site-data.json:536,https://image.homenest.com.vn/wp-content/uploads/2026/04/Giao-dien-dich-vu-cua-Lovers-Lawn-case-study.jpg,public/images/projects/lovers-lawn-app/03-man-hinh-ung-dung.webp,CHO_KIEM_TRA,URL ảnh từ máy chủ bên ngoài.
ANH-0032,P0,DU_AN_CASE_STUDY,Giao-dien-dich-vu-Kim-cuong-Xanh-case-study.jpg,jpg,6,src/lib/site-data.json:578,https://image.homenest.com.vn/wp-content/uploads/2026/04/Giao-dien-dich-vu-Kim-cuong-Xanh-case-study.jpg,public/images/projects/website-kim-cuong-xanh/06-man-hinh-website.webp,CHO_KIEM_TRA,URL ảnh từ máy chủ bên ngoài.
ANH-0033,P0,DU_AN_CASE_STUDY,Giao-dien-dich-vu-quan-ly-Kim-cuong-Xanh-case-study.jpg,jpg,11,src/lib/site-data.json:578,https://image.homenest.com.vn/wp-content/uploads/2026/04/Giao-dien-dich-vu-quan-ly-Kim-cuong-Xanh-case-study.jpg,public/images/projects/website-kim-cuong-xanh/05-man-hinh-website.webp,CHO_KIEM_TRA,URL ảnh từ máy chủ bên ngoài.
ANH-0034,P0,DU_AN_CASE_STUDY,Giao-dien-dich-vu-Song-Quan-Ads-Case-Study.jpg,jpg,6,src/lib/site-data.json:480,https://image.homenest.com.vn/wp-content/uploads/2026/04/Giao-dien-dich-vu-Song-Quan-Ads-Case-Study.jpg,public/images/projects/website-song-quan-ads/07-man-hinh-website.webp,CHO_KIEM_TRA,URL ảnh từ máy chủ bên ngoài.
ANH-0035,P0,DU_AN_CASE_STUDY,Giao-dien-doi-ngu-Kim-cuong-Xanh-case-study.jpg,jpg,11,src/lib/site-data.json:578,https://image.homenest.com.vn/wp-content/uploads/2026/04/Giao-dien-doi-ngu-Kim-cuong-Xanh-case-study.jpg,public/images/projects/website-kim-cuong-xanh/04-man-hinh-website.webp,CHO_KIEM_TRA,URL ảnh từ máy chủ bên ngoài.
ANH-0036,P0,DU_AN_CASE_STUDY,Giao-dien-doi-tac-Kim-cuong-Xanh-case-study.jpg,jpg,6,src/lib/site-data.json:578,https://image.homenest.com.vn/wp-content/uploads/2026/04/Giao-dien-doi-tac-Kim-cuong-Xanh-case-study.jpg,public/images/projects/website-kim-cuong-xanh/07-man-hinh-website.webp,CHO_KIEM_TRA,URL ảnh từ máy chủ bên ngoài.
ANH-0037,P0,DU_AN_CASE_STUDY,Giao-dien-du-an-Kim-cuong-Xanh-case-study.jpg,jpg,11,src/lib/site-data.json:578,https://image.homenest.com.vn/wp-content/uploads/2026/04/Giao-dien-du-an-Kim-cuong-Xanh-case-study.jpg,public/images/projects/website-kim-cuong-xanh/03-man-hinh-website.webp,CHO_KIEM_TRA,URL ảnh từ máy chủ bên ngoài.
ANH-0038,P0,DU_AN_CASE_STUDY,Giao-dien-du-an-Paint-and-More-case-study.jpg,jpg,6,src/lib/site-data.json:564,https://image.homenest.com.vn/wp-content/uploads/2026/04/Giao-dien-du-an-Paint-and-More-case-study.jpg,public/images/projects/website-paint-and-more/06-man-hinh-website.webp,CHO_KIEM_TRA,URL ảnh từ máy chủ bên ngoài.
ANH-0039,P0,DU_AN_CASE_STUDY,Giao-dien-du-an-Song-Quan-Ads-Case-Study.jpg,jpg,11,src/lib/site-data.json:480,https://image.homenest.com.vn/wp-content/uploads/2026/04/Giao-dien-du-an-Song-Quan-Ads-Case-Study.jpg,public/images/projects/website-song-quan-ads/02-man-hinh-website.webp,CHO_KIEM_TRA,URL ảnh từ máy chủ bên ngoài.
ANH-0040,P0,DU_AN_CASE_STUDY,Giao-dien-ho-so-cua-Lovers-Lawn-case-study.jpg,jpg,8,src/lib/site-data.json:536|1193,https://image.homenest.com.vn/wp-content/uploads/2026/04/Giao-dien-ho-so-cua-Lovers-Lawn-case-study.jpg,public/images/projects/lovers-lawn-app/02-man-hinh-ung-dung.webp,CHO_KIEM_TRA,URL ảnh từ máy chủ bên ngoài.
ANH-0041,P0,DU_AN_CASE_STUDY,Giao-dien-ho-tro-cua-Lovers-Lawn-case-study.jpg,jpg,7,src/lib/site-data.json:536,https://image.homenest.com.vn/wp-content/uploads/2026/04/Giao-dien-ho-tro-cua-Lovers-Lawn-case-study.jpg,public/images/projects/lovers-lawn-app/06-man-hinh-ung-dung.webp,CHO_KIEM_TRA,URL ảnh từ máy chủ bên ngoài.
ANH-0042,P0,DU_AN_CASE_STUDY,giao-dien-hoi-thao-Nuage-Sauvage-Case-Study.jpg,jpg,11,src/lib/site-data.json:494,https://image.homenest.com.vn/wp-content/uploads/2026/04/giao-dien-hoi-thao-Nuage-Sauvage-Case-Study.jpg,public/images/projects/website-tra-nuage-sauvage/03-man-hinh-website.webp,CHO_KIEM_TRA,URL ảnh từ máy chủ bên ngoài.
ANH-0043,P0,DU_AN_CASE_STUDY,Giao-dien-Housing-cua-Vietplus-case-study.jpg,jpg,7,src/lib/site-data.json:522,https://image.homenest.com.vn/wp-content/uploads/2026/04/Giao-dien-Housing-cua-Vietplus-case-study.jpg,public/images/projects/app-vietplus/03-man-hinh-ung-dung.webp,CHO_KIEM_TRA,URL ảnh từ máy chủ bên ngoài.
ANH-0044,P0,DU_AN_CASE_STUDY,Giao-dien-Khanh-Phong-case-study.jpg,jpg,2,src/lib/industry-detail-data.json:2731; src/lib/site-data.json:613,https://image.homenest.com.vn/wp-content/uploads/2026/04/Giao-dien-Khanh-Phong-case-study.jpg,public/images/projects/nhua-khanh-phong/01-anh-bia-du-an.webp,CHO_KIEM_TRA,URL ảnh từ máy chủ bên ngoài.
ANH-0045,P0,DU_AN_CASE_STUDY,Giao-dien-Kim-Cuong-Xanh-case-study.jpg,jpg,3,src/lib/industry-detail-data.json:423; src/lib/site-data.json:334|574,https://image.homenest.com.vn/wp-content/uploads/2026/04/Giao-dien-Kim-Cuong-Xanh-case-study.jpg,public/images/projects/website-kim-cuong-xanh/01-anh-bia-du-an.webp,CHO_KIEM_TRA,URL ảnh từ máy chủ bên ngoài.
ANH-0046,P0,DU_AN_CASE_STUDY,giao-dien-laptop-alltech-case-study.jpg,jpg,1,src/lib/site-data.json:636,https://image.homenest.com.vn/wp-content/uploads/2026/04/giao-dien-laptop-alltech-case-study.jpg,public/images/projects/laptop-alltech/01-anh-bia-du-an.webp,CHO_KIEM_TRA,URL ảnh từ máy chủ bên ngoài.
ANH-0047,P0,DU_AN_CASE_STUDY,giao-dien-lien-he-Peace-Case-Study.jpg,jpg,6,src/lib/site-data.json:508,https://image.homenest.com.vn/wp-content/uploads/2026/04/giao-dien-lien-he-Peace-Case-Study.jpg,public/images/projects/peace-viet-nam/06-man-hinh-website.webp,CHO_KIEM_TRA,URL ảnh từ máy chủ bên ngoài.
ANH-0048,P0,DU_AN_CASE_STUDY,Giao-dien-lien-he-Tan-Phong-Case-Study.jpg,jpg,6,src/lib/site-data.json:603,https://image.homenest.com.vn/wp-content/uploads/2026/04/Giao-dien-lien-he-Tan-Phong-Case-Study.jpg,public/images/projects/bao-bi-tan-phong/06-man-hinh-website.webp,CHO_KIEM_TRA,URL ảnh từ máy chủ bên ngoài.
ANH-0049,P0,DU_AN_CASE_STUDY,giao-dien-lovers-lawn-case-study.jpg,jpg,10,src/components/sections/CaseStudiesCarousel.tsx:35; src/components/sections/CustomSoftwareRawPage.tsx:33; src/lib/dich-vu-page.ts:220; src/lib/industry-detail-data.json:3496; src/lib/site-data.json:128|480|494|508|522|532,https://image.homenest.com.vn/wp-content/uploads/2026/04/giao-dien-lovers-lawn-case-study.jpg,public/images/projects/lovers-lawn-app/01-anh-bia-du-an.webp,CHO_KIEM_TRA,URL ảnh từ máy chủ bên ngoài.
ANH-0050,P0,DU_AN_CASE_STUDY,giao-dien-mida-case-study.jpg,jpg,1,src/lib/site-data.json:625,https://image.homenest.com.vn/wp-content/uploads/2026/04/giao-dien-mida-case-study.jpg,public/images/projects/website-mida/01-anh-bia-du-an.webp,CHO_KIEM_TRA,URL ảnh từ máy chủ bên ngoài.
ANH-0051,P0,DU_AN_CASE_STUDY,Giao-dien-Nuage-Sauvage-Case-Study-1.jpg,jpg,6,src/lib/site-data.json:494,https://image.homenest.com.vn/wp-content/uploads/2026/04/Giao-dien-Nuage-Sauvage-Case-Study-1.jpg,public/images/projects/website-tra-nuage-sauvage/07-man-hinh-website.webp,CHO_KIEM_TRA,URL ảnh từ máy chủ bên ngoài.
ANH-0052,P0,DU_AN_CASE_STUDY,giao-dien-Nuage-Sauvage-case-study.jpg,jpg,16,src/lib/industry-detail-data.json:154|4014; src/lib/site-data.json:262|322|480|490|508|522|536|550|564|578|603|617|664|678,https://image.homenest.com.vn/wp-content/uploads/2026/04/giao-dien-Nuage-Sauvage-case-study.jpg,public/images/projects/website-tra-nuage-sauvage/01-anh-bia-du-an.webp,CHO_KIEM_TRA,URL ảnh từ máy chủ bên ngoài.
ANH-0053,P0,DU_AN_CASE_STUDY,giao-dien-Peace-Viet-Nam-case-study.jpg,jpg,15,src/lib/industry-detail-data.json:4525; src/lib/site-data.json:286|322|480|494|504|522|536|550|564|578|603|617|664|678,https://image.homenest.com.vn/wp-content/uploads/2026/04/giao-dien-Peace-Viet-Nam-case-study.jpg,public/images/projects/peace-viet-nam/01-anh-bia-du-an.webp,CHO_KIEM_TRA,URL ảnh từ máy chủ bên ngoài.
ANH-0054,P0,DU_AN_CASE_STUDY,Giao-dien-san-pham-Paint-and-More-case-study.jpg,jpg,6,src/lib/site-data.json:564,https://image.homenest.com.vn/wp-content/uploads/2026/04/Giao-dien-san-pham-Paint-and-More-case-study.jpg,public/images/projects/website-paint-and-more/07-man-hinh-website.webp,CHO_KIEM_TRA,URL ảnh từ máy chủ bên ngoài.
ANH-0055,P0,DU_AN_CASE_STUDY,Giao-dien-san-pham-Peace-Case-Study.jpg,jpg,6,src/lib/site-data.json:508,https://image.homenest.com.vn/wp-content/uploads/2026/04/Giao-dien-san-pham-Peace-Case-Study.jpg,public/images/projects/peace-viet-nam/07-man-hinh-website.webp,CHO_KIEM_TRA,URL ảnh từ máy chủ bên ngoài.
ANH-0056,P0,DU_AN_CASE_STUDY,Giao-dien-san-pham-Tan-Phong-Case-Study.jpg,jpg,11,src/lib/site-data.json:603,https://image.homenest.com.vn/wp-content/uploads/2026/04/Giao-dien-san-pham-Tan-Phong-Case-Study.jpg,public/images/projects/bao-bi-tan-phong/03-man-hinh-website.webp,CHO_KIEM_TRA,URL ảnh từ máy chủ bên ngoài.
ANH-0057,P0,DU_AN_CASE_STUDY,giao-dien-son-Paint-and-More-case-study.jpg,jpg,11,src/lib/site-data.json:564,https://image.homenest.com.vn/wp-content/uploads/2026/04/giao-dien-son-Paint-and-More-case-study.jpg,public/images/projects/website-paint-and-more/03-man-hinh-website.webp,CHO_KIEM_TRA,URL ảnh từ máy chủ bên ngoài.
ANH-0058,P0,DU_AN_CASE_STUDY,Giao-dien-Tan-Phong-Case-Study-1.jpg,jpg,11,src/lib/site-data.json:603,https://image.homenest.com.vn/wp-content/uploads/2026/04/Giao-dien-Tan-Phong-Case-Study-1.jpg,public/images/projects/bao-bi-tan-phong/05-man-hinh-website.webp,CHO_KIEM_TRA,URL ảnh từ máy chủ bên ngoài.
ANH-0059,P0,DU_AN_CASE_STUDY,Giao-dien-Tan-Phong-case-study.jpg,jpg,2,src/lib/industry-detail-data.json:2727; src/lib/site-data.json:599,https://image.homenest.com.vn/wp-content/uploads/2026/04/Giao-dien-Tan-Phong-case-study.jpg,public/images/projects/bao-bi-tan-phong/01-anh-bia-du-an.webp,CHO_KIEM_TRA,URL ảnh từ máy chủ bên ngoài.
ANH-0060,P0,DU_AN_CASE_STUDY,Giao-dien-tham-Decor-Hang-Kenh-case-study.jpg,jpg,12,src/lib/site-data.json:550|1211,https://image.homenest.com.vn/wp-content/uploads/2026/04/Giao-dien-tham-Decor-Hang-Kenh-case-study.jpg,public/images/projects/website-hang-kenh/02-man-hinh-website.webp,CHO_KIEM_TRA,URL ảnh từ máy chủ bên ngoài.
ANH-0061,P0,DU_AN_CASE_STUDY,Giao-dien-tham-du-thuyen-Hang-Kenh-case-study.jpg,jpg,11,src/lib/site-data.json:550,https://image.homenest.com.vn/wp-content/uploads/2026/04/Giao-dien-tham-du-thuyen-Hang-Kenh-case-study.jpg,public/images/projects/website-hang-kenh/03-man-hinh-website.webp,CHO_KIEM_TRA,URL ảnh từ máy chủ bên ngoài.
ANH-0062,P0,DU_AN_CASE_STUDY,Giao-dien-tham-khach-san-Hang-Kenh-case-study.jpg,jpg,11,src/lib/site-data.json:550,https://image.homenest.com.vn/wp-content/uploads/2026/04/Giao-dien-tham-khach-san-Hang-Kenh-case-study.jpg,public/images/projects/website-hang-kenh/04-man-hinh-website.webp,CHO_KIEM_TRA,URL ảnh từ máy chủ bên ngoài.
ANH-0063,P0,DU_AN_CASE_STUDY,Giao-dien-tham-tranh-Hang-Kenh-case-study.jpg,jpg,6,src/lib/site-data.json:550,https://image.homenest.com.vn/wp-content/uploads/2026/04/Giao-dien-tham-tranh-Hang-Kenh-case-study.jpg,public/images/projects/website-hang-kenh/06-man-hinh-website.webp,CHO_KIEM_TRA,URL ảnh từ máy chủ bên ngoài.
ANH-0064,P0,DU_AN_CASE_STUDY,giao-dien-thu-vien-anh-Peace-Vietnam-Case-Study.jpg,jpg,12,src/lib/site-data.json:508|1205,https://image.homenest.com.vn/wp-content/uploads/2026/04/giao-dien-thu-vien-anh-Peace-Vietnam-Case-Study.jpg,public/images/projects/peace-viet-nam/02-man-hinh-website.webp,CHO_KIEM_TRA,URL ảnh từ máy chủ bên ngoài.
ANH-0065,P0,DU_AN_CASE_STUDY,Giao-dien-tin-nhan-cua-Vietplus-case-study.jpg,jpg,9,src/lib/site-data.json:522|1175,https://image.homenest.com.vn/wp-content/uploads/2026/04/Giao-dien-tin-nhan-cua-Vietplus-case-study.jpg,public/images/projects/app-vietplus/02-man-hinh-ung-dung.webp,CHO_KIEM_TRA,URL ảnh từ máy chủ bên ngoài.
ANH-0066,P0,DU_AN_CASE_STUDY,Giao-dien-tin-tuc-Peace-Case-Study.jpg,jpg,11,src/lib/site-data.json:508,https://image.homenest.com.vn/wp-content/uploads/2026/04/Giao-dien-tin-tuc-Peace-Case-Study.jpg,public/images/projects/peace-viet-nam/03-man-hinh-website.webp,CHO_KIEM_TRA,URL ảnh từ máy chủ bên ngoài.
ANH-0067,P0,DU_AN_CASE_STUDY,Giao-dien-tin-tuc-Tan-Phong-Case-Study.jpg,jpg,6,src/lib/site-data.json:603,https://image.homenest.com.vn/wp-content/uploads/2026/04/Giao-dien-tin-tuc-Tan-Phong-Case-Study.jpg,public/images/projects/bao-bi-tan-phong/07-man-hinh-website.webp,CHO_KIEM_TRA,URL ảnh từ máy chủ bên ngoài.
ANH-0068,P0,DU_AN_CASE_STUDY,Giao-dien-Tra-Nuage-Sauvage-Case-Study.jpg,jpg,11,src/lib/site-data.json:494,https://image.homenest.com.vn/wp-content/uploads/2026/04/Giao-dien-Tra-Nuage-Sauvage-Case-Study.jpg,public/images/projects/website-tra-nuage-sauvage/04-man-hinh-website.webp,CHO_KIEM_TRA,URL ảnh từ máy chủ bên ngoài.
ANH-0069,P0,DU_AN_CASE_STUDY,Giao-dien-trai-nghiem-Song-Quan-Ads-Case-Study.jpg,jpg,11,src/lib/site-data.json:480,https://image.homenest.com.vn/wp-content/uploads/2026/04/Giao-dien-trai-nghiem-Song-Quan-Ads-Case-Study.jpg,public/images/projects/website-song-quan-ads/03-man-hinh-website.webp,CHO_KIEM_TRA,URL ảnh từ máy chủ bên ngoài.
ANH-0070,P0,DU_AN_CASE_STUDY,Giao-dien-trang-chu-cua-Lovers-Lawn-case-study.jpg,jpg,7,src/lib/site-data.json:536,https://image.homenest.com.vn/wp-content/uploads/2026/04/Giao-dien-trang-chu-cua-Lovers-Lawn-case-study.jpg,public/images/projects/lovers-lawn-app/05-man-hinh-ung-dung.webp,CHO_KIEM_TRA,URL ảnh từ máy chủ bên ngoài.
ANH-0071,P0,DU_AN_CASE_STUDY,Giao-dien-trang-chu-cua-Vietplus-case-study.jpg,jpg,7,src/lib/site-data.json:522,https://image.homenest.com.vn/wp-content/uploads/2026/04/Giao-dien-trang-chu-cua-Vietplus-case-study.jpg,public/images/projects/app-vietplus/05-man-hinh-ung-dung.webp,CHO_KIEM_TRA,URL ảnh từ máy chủ bên ngoài.
ANH-0072,P0,DU_AN_CASE_STUDY,Giao-dien-trang-chu-Hang-kenh-Case-study.jpg,jpg,6,src/components/sections/CaseStudiesCarousel.tsx:44; src/components/sections/CustomSoftwareRawPage.tsx:33; src/lib/dich-vu-page.ts:228; src/lib/site-data.json:262|322|546,https://image.homenest.com.vn/wp-content/uploads/2026/04/Giao-dien-trang-chu-Hang-kenh-Case-study.jpg,public/images/projects/website-hang-kenh/01-anh-bia-du-an.webp,CHO_KIEM_TRA,URL ảnh từ máy chủ bên ngoài.
ANH-0073,P0,DU_AN_CASE_STUDY,Giao-dien-trang-chu-Paint-and-More-Case-study.jpg,jpg,3,src/lib/industry-detail-data.json:2214; src/lib/site-data.json:262|560,https://image.homenest.com.vn/wp-content/uploads/2026/04/Giao-dien-trang-chu-Paint-and-More-Case-study.jpg,public/images/projects/website-paint-and-more/01-anh-bia-du-an.webp,CHO_KIEM_TRA,URL ảnh từ máy chủ bên ngoài.
ANH-0074,P0,DU_AN_CASE_STUDY,Giao-dien-trang-chu-Peace-Case-Study.jpg,jpg,11,src/lib/site-data.json:508,https://image.homenest.com.vn/wp-content/uploads/2026/04/Giao-dien-trang-chu-Peace-Case-Study.jpg,public/images/projects/peace-viet-nam/04-man-hinh-website.webp,CHO_KIEM_TRA,URL ảnh từ máy chủ bên ngoài.
ANH-0075,P0,DU_AN_CASE_STUDY,Giao-dien-trang-chu-Song-Quan-Ads-Case-Study.jpg,jpg,12,src/lib/site-data.json:476|494|508|522|536|550|564|578|603|617|664|678,https://image.homenest.com.vn/wp-content/uploads/2026/04/Giao-dien-trang-chu-Song-Quan-Ads-Case-Study.jpg,public/images/projects/website-song-quan-ads/01-anh-bia-du-an.webp,CHO_KIEM_TRA,URL ảnh từ máy chủ bên ngoài.
ANH-0076,P0,DU_AN_CASE_STUDY,Giao-dien-trang-chu-Tan-Phong-Case-Study.jpg,jpg,12,src/lib/site-data.json:603|1181,https://image.homenest.com.vn/wp-content/uploads/2026/04/Giao-dien-trang-chu-Tan-Phong-Case-Study.jpg,public/images/projects/bao-bi-tan-phong/02-man-hinh-website.webp,CHO_KIEM_TRA,URL ảnh từ máy chủ bên ngoài.
ANH-0077,P0,DU_AN_CASE_STUDY,Giao-dien-Vietplus-case-study.jpg,jpg,17,src/components/sections/CaseStudiesCarousel.tsx:26; src/components/sections/CustomSoftwareRawPage.tsx:33; src/lib/dich-vu-page.ts:212; src/lib/industry-detail-data.json:3492; src/lib/site-data.json:128|480|494|508|518|536|550|564|578|603|617|664|678,https://image.homenest.com.vn/wp-content/uploads/2026/04/Giao-dien-Vietplus-case-study.jpg,public/images/projects/app-vietplus/01-anh-bia-du-an.webp,CHO_KIEM_TRA,URL ảnh từ máy chủ bên ngoài.
ANH-0078,P0,DU_AN_CASE_STUDY,Go-QuestX-Chatbot-thong-minh-HomeNest-Viet-Nam.png,png,1,src/components/sections/BuildingScalable.tsx:15,https://image.homenest.com.vn/wp-content/uploads/2026/04/Go-QuestX-Chatbot-thong-minh-HomeNest-Viet-Nam.png,public/images/projects/showcase-tong-hop/03-anh-collage-showcase.webp,CHO_KIEM_TRA,URL ảnh từ máy chủ bên ngoài.
ANH-0079,P0,DU_AN_CASE_STUDY,Homepage-interface-of-Khanh-Phong-Plastics-case-study.jpg,jpg,11,src/lib/site-data.json:617|1199,https://image.homenest.com.vn/wp-content/uploads/2026/04/Homepage-interface-of-Khanh-Phong-Plastics-case-study.jpg,public/images/projects/nhua-khanh-phong/02-man-hinh-website.webp,CHO_KIEM_TRA,URL ảnh từ máy chủ bên ngoài.
ANH-0080,P0,DU_AN_CASE_STUDY,Khanh-Phong-PE-greenhouse-film-case-study.jpg,jpg,10,src/lib/site-data.json:617,https://image.homenest.com.vn/wp-content/uploads/2026/04/Khanh-Phong-PE-greenhouse-film-case-study.jpg,public/images/projects/nhua-khanh-phong/03-man-hinh-website.webp,CHO_KIEM_TRA,URL ảnh từ máy chủ bên ngoài.
ANH-0081,P0,DU_AN_CASE_STUDY,Khanh-Phong-Plastics-contact-interface-case-study.jpg,jpg,10,src/lib/site-data.json:617,https://image.homenest.com.vn/wp-content/uploads/2026/04/Khanh-Phong-Plastics-contact-interface-case-study.jpg,public/images/projects/nhua-khanh-phong/04-man-hinh-website.webp,CHO_KIEM_TRA,URL ảnh từ máy chủ bên ngoài.
ANH-0082,P0,DU_AN_CASE_STUDY,Khanh-Phong-Plastics-product-interface-case-study.jpg,jpg,10,src/lib/site-data.json:617,https://image.homenest.com.vn/wp-content/uploads/2026/04/Khanh-Phong-Plastics-product-interface-case-study.jpg,public/images/projects/nhua-khanh-phong/05-man-hinh-website.webp,CHO_KIEM_TRA,URL ảnh từ máy chủ bên ngoài.
ANH-0083,P0,DU_AN_CASE_STUDY,Khanh-Phong-waterproofing-membrane-page-case-study.jpg,jpg,10,src/lib/site-data.json:617,https://image.homenest.com.vn/wp-content/uploads/2026/04/Khanh-Phong-waterproofing-membrane-page-case-study.jpg,public/images/projects/nhua-khanh-phong/06-man-hinh-website.webp,CHO_KIEM_TRA,URL ảnh từ máy chủ bên ngoài.
ANH-0084,P0,DU_AN_CASE_STUDY,Phat-trien-Phan-mem-HomeNest-Viet-Nam.jpg,jpg,1,src/components/sections/BuildingScalable.tsx:14,https://image.homenest.com.vn/wp-content/uploads/2026/04/Phat-trien-Phan-mem-HomeNest-Viet-Nam.jpg,public/images/projects/showcase-tong-hop/02-anh-collage-showcase.webp,CHO_KIEM_TRA,URL ảnh từ máy chủ bên ngoài.
ANH-0085,P0,DU_AN_CASE_STUDY,San-pham-cua-Paint-and-More-case-study.jpg,jpg,11,src/lib/site-data.json:564,https://image.homenest.com.vn/wp-content/uploads/2026/04/San-pham-cua-Paint-and-More-case-study.jpg,public/images/projects/website-paint-and-more/04-man-hinh-website.webp,CHO_KIEM_TRA,URL ảnh từ máy chủ bên ngoài.
ANH-0086,P0,DU_AN_CASE_STUDY,San-pham-Film-Hdpe-Tan-Phong-Case-Study.jpg,jpg,11,src/lib/site-data.json:603,https://image.homenest.com.vn/wp-content/uploads/2026/04/San-pham-Film-Hdpe-Tan-Phong-Case-Study.jpg,public/images/projects/bao-bi-tan-phong/04-man-hinh-website.webp,CHO_KIEM_TRA,URL ảnh từ máy chủ bên ngoài.
ANH-0087,P0,DU_AN_CASE_STUDY,Tham-Decor-Hang-Kenh-case-study.jpg,jpg,6,src/lib/site-data.json:550,https://image.homenest.com.vn/wp-content/uploads/2026/04/Tham-Decor-Hang-Kenh-case-study.jpg,public/images/projects/website-hang-kenh/07-man-hinh-website.webp,CHO_KIEM_TRA,URL ảnh từ máy chủ bên ngoài.
ANH-0088,P0,DU_AN_CASE_STUDY,thiet-bi-phong-sach-Peace-Vietnam-Case-Study.jpg,jpg,11,src/lib/site-data.json:508,https://image.homenest.com.vn/wp-content/uploads/2026/04/thiet-bi-phong-sach-Peace-Vietnam-Case-Study.jpg,public/images/projects/peace-viet-nam/05-man-hinh-website.webp,CHO_KIEM_TRA,URL ảnh từ máy chủ bên ngoài.
ANH-0089,P0,DU_AN_CASE_STUDY,Thiet-ke-App-HomeNest-Viet-Nam.jpg,jpg,1,src/components/sections/BuildingScalable.tsx:13,https://image.homenest.com.vn/wp-content/uploads/2026/04/Thiet-ke-App-HomeNest-Viet-Nam.jpg,public/images/projects/showcase-tong-hop/01-anh-collage-showcase.webp,CHO_KIEM_TRA,URL ảnh từ máy chủ bên ngoài.
ANH-0090,P0,DU_AN_CASE_STUDY,Tin-tuc-Song-Quan-Ads-Case-Study.jpg,jpg,11,src/lib/site-data.json:480,https://image.homenest.com.vn/wp-content/uploads/2026/04/Tin-tuc-Song-Quan-Ads-Case-Study.jpg,public/images/projects/website-song-quan-ads/04-man-hinh-website.webp,CHO_KIEM_TRA,URL ảnh từ máy chủ bên ngoài.
ANH-0091,P0,DU_AN_CASE_STUDY,Trang-chu-cua-Paint-and-More-case-study.jpg,jpg,11,src/lib/site-data.json:564,https://image.homenest.com.vn/wp-content/uploads/2026/04/Trang-chu-cua-Paint-and-More-case-study.jpg,public/images/projects/website-paint-and-more/05-man-hinh-website.webp,CHO_KIEM_TRA,URL ảnh từ máy chủ bên ngoài.
ANH-0092,P0,DU_AN_CASE_STUDY,Trang-chu-Hang-Kenh-case-study.jpg,jpg,11,src/lib/site-data.json:550,https://image.homenest.com.vn/wp-content/uploads/2026/04/Trang-chu-Hang-Kenh-case-study.jpg,public/images/projects/website-hang-kenh/05-man-hinh-website.webp,CHO_KIEM_TRA,URL ảnh từ máy chủ bên ngoài.
ANH-0093,P0,DU_AN_CASE_STUDY,Trang-chu-Kim-cuong-Xanh-case-study.jpg,jpg,11,src/lib/site-data.json:578,https://image.homenest.com.vn/wp-content/uploads/2026/04/Trang-chu-Kim-cuong-Xanh-case-study.jpg,public/images/projects/website-kim-cuong-xanh/02-man-hinh-website.webp,CHO_KIEM_TRA,URL ảnh từ máy chủ bên ngoài.
ANH-0094,P0,DU_AN_CASE_STUDY,Trang-chu-Nuage-Sauvage-Case-Study.jpg,jpg,11,src/lib/site-data.json:494,https://image.homenest.com.vn/wp-content/uploads/2026/04/Trang-chu-Nuage-Sauvage-Case-Study.jpg,public/images/projects/website-tra-nuage-sauvage/05-man-hinh-website.webp,CHO_KIEM_TRA,URL ảnh từ máy chủ bên ngoài.
ANH-0095,P0,DU_AN_CASE_STUDY,Trang-chu-Song-Quan-Ads-Case-Study.jpg,jpg,11,src/lib/site-data.json:480,https://image.homenest.com.vn/wp-content/uploads/2026/04/Trang-chu-Song-Quan-Ads-Case-Study.jpg,public/images/projects/website-song-quan-ads/05-man-hinh-website.webp,CHO_KIEM_TRA,URL ảnh từ máy chủ bên ngoài.
ANH-0096,P0,DU_AN_CASE_STUDY,App-Lover_s-Lawn-Banner-HomeNest-Viet-Nam.jpg,jpg,1,src/lib/dich-vu-page.ts:38,https://image.homenest.com.vn/wp-content/uploads/2026/05/App-Lover_s-Lawn-Banner-HomeNest-Viet-Nam.jpg,public/images/projects/showcase-tong-hop/14-anh-collage-showcase.webp,CHO_KIEM_TRA,URL ảnh từ máy chủ bên ngoài.
ANH-0097,P0,DU_AN_CASE_STUDY,App-Vietplus-Banner-HomeNest-Viet-Nam.jpg,jpg,1,src/lib/dich-vu-page.ts:40,https://image.homenest.com.vn/wp-content/uploads/2026/05/App-Vietplus-Banner-HomeNest-Viet-Nam.jpg,public/images/projects/showcase-tong-hop/16-anh-collage-showcase.webp,CHO_KIEM_TRA,URL ảnh từ máy chủ bên ngoài.
ANH-0098,P0,DU_AN_CASE_STUDY,Giao-dien-dich-vu-dua-don-duong-dai-cua-Website-Bontravel.jpg,jpg,2,src/lib/case-study-live-details.json:153|166,https://image.homenest.com.vn/wp-content/uploads/2026/05/Giao-dien-dich-vu-dua-don-duong-dai-cua-Website-Bontravel.jpg,public/images/projects/website-bontravel/05-man-hinh-website.webp,CHO_KIEM_TRA,URL ảnh từ máy chủ bên ngoài.
ANH-0099,P0,DU_AN_CASE_STUDY,Giao-dien-trang-about-us-cua-Website-Destiny-Nail-Bar.jpg,jpg,2,src/lib/case-study-live-details.json:248|264,https://image.homenest.com.vn/wp-content/uploads/2026/05/Giao-dien-trang-about-us-cua-Website-Destiny-Nail-Bar.jpg,public/images/projects/website-destiny-nail-bar/04-man-hinh-website.webp,CHO_KIEM_TRA,URL ảnh từ máy chủ bên ngoài.
ANH-0100,P0,DU_AN_CASE_STUDY,Giao-dien-trang-bai-viet-chi-tiet-cua-Website-Dava-Edu.jpg,jpg,2,src/lib/case-study-live-details.json:21|29,https://image.homenest.com.vn/wp-content/uploads/2026/05/Giao-dien-trang-bai-viet-chi-tiet-cua-Website-Dava-Edu.jpg,public/images/projects/website-dava-edu/03-man-hinh-website.webp,CHO_KIEM_TRA,URL ảnh từ máy chủ bên ngoài.
ANH-0101,P0,DU_AN_CASE_STUDY,Giao-dien-trang-booking-cua-Website-Destiny-Nail-Bar.jpg,jpg,2,src/lib/case-study-live-details.json:249|265,https://image.homenest.com.vn/wp-content/uploads/2026/05/Giao-dien-trang-booking-cua-Website-Destiny-Nail-Bar.jpg,public/images/projects/website-destiny-nail-bar/05-man-hinh-website.webp,CHO_KIEM_TRA,URL ảnh từ máy chủ bên ngoài.
ANH-0102,P0,DU_AN_CASE_STUDY,Giao-dien-trang-cac-khoa-hoc-cua-Website-Dava-Edu.jpg,jpg,2,src/lib/case-study-live-details.json:20|28,https://image.homenest.com.vn/wp-content/uploads/2026/05/Giao-dien-trang-cac-khoa-hoc-cua-Website-Dava-Edu.jpg,public/images/projects/website-dava-edu/02-man-hinh-website.webp,CHO_KIEM_TRA,URL ảnh từ máy chủ bên ngoài.
ANH-0103,P0,DU_AN_CASE_STUDY,Giao-dien-trang-cam-nang-cua-Website-Bontravel.jpg,jpg,2,src/lib/case-study-live-details.json:152|165,https://image.homenest.com.vn/wp-content/uploads/2026/05/Giao-dien-trang-cam-nang-cua-Website-Bontravel.jpg,public/images/projects/website-bontravel/04-man-hinh-website.webp,CHO_KIEM_TRA,URL ảnh từ máy chủ bên ngoài.
ANH-0104,P0,DU_AN_CASE_STUDY,Giao-dien-trang-chu-cua-Website-Bontravel.jpg,jpg,3,src/lib/case-studies-live.ts:37; src/lib/case-study-live-details.json:149|162,https://image.homenest.com.vn/wp-content/uploads/2026/05/Giao-dien-trang-chu-cua-Website-Bontravel.jpg,public/images/projects/website-bontravel/01-anh-bia-du-an.webp,CHO_KIEM_TRA,URL ảnh từ máy chủ bên ngoài.
ANH-0105,P0,DU_AN_CASE_STUDY,Giao-dien-trang-chu-cua-Website-Zappa.jpg,jpg,2,src/lib/case-study-live-details.json:206|213,https://image.homenest.com.vn/wp-content/uploads/2026/05/Giao-dien-trang-chu-cua-Website-Zappa.jpg,public/images/projects/website-zappa/02-man-hinh-website.webp,CHO_KIEM_TRA,URL ảnh từ máy chủ bên ngoài.
ANH-0106,P0,DU_AN_CASE_STUDY,Giao-dien-trang-chu-Website-Bao-Vy-Pottery.jpg,jpg,4,src/app/dich-vu/[slug]/page.tsx:82; src/lib/case-studies-live.ts:27; src/lib/case-study-live-details.json:109|116,https://image.homenest.com.vn/wp-content/uploads/2026/05/Giao-dien-trang-chu-Website-Bao-Vy-Pottery.jpg,public/images/projects/website-bao-vy-pottery/01-anh-bia-du-an.webp,CHO_KIEM_TRA,URL ảnh từ máy chủ bên ngoài.
ANH-0107,P0,DU_AN_CASE_STUDY,Giao-dien-trang-chu-website-noi-that-van-quyet.jpg,jpg,4,src/app/dich-vu/[slug]/page.tsx:74; src/lib/case-studies-live.ts:17; src/lib/case-study-live-details.json:65|72,https://image.homenest.com.vn/wp-content/uploads/2026/05/Giao-dien-trang-chu-website-noi-that-van-quyet.jpg,public/images/projects/website-noi-that-van-quyet/01-anh-bia-du-an.webp,CHO_KIEM_TRA,URL ảnh từ máy chủ bên ngoài.
ANH-0108,P0,DU_AN_CASE_STUDY,Giao-dien-trang-cua-Website-Dava-Edu.jpg,jpg,3,src/lib/case-studies-live.ts:7; src/lib/case-study-live-details.json:19|27,https://image.homenest.com.vn/wp-content/uploads/2026/05/Giao-dien-trang-cua-Website-Dava-Edu.jpg,public/images/projects/website-dava-edu/01-anh-bia-du-an.webp,CHO_KIEM_TRA,URL ảnh từ máy chủ bên ngoài.
ANH-0109,P0,DU_AN_CASE_STUDY,Giao-dien-trang-dich-vu-xe-dua-don-di-tinh-duong-dai-cua-Website-Bontravel.jpg,jpg,2,src/lib/case-study-live-details.json:151|164,https://image.homenest.com.vn/wp-content/uploads/2026/05/Giao-dien-trang-dich-vu-xe-dua-don-di-tinh-duong-dai-cua-Website-Bontravel.jpg,public/images/projects/website-bontravel/03-man-hinh-website.webp,CHO_KIEM_TRA,URL ảnh từ máy chủ bên ngoài.
ANH-0110,P0,DU_AN_CASE_STUDY,Giao-dien-trang-dich-vu-xe-dua-don-san-bay-noi-bai-cua-Website-Bontravel.jpg,jpg,2,src/lib/case-study-live-details.json:150|163,https://image.homenest.com.vn/wp-content/uploads/2026/05/Giao-dien-trang-dich-vu-xe-dua-don-san-bay-noi-bai-cua-Website-Bontravel.jpg,public/images/projects/website-bontravel/02-man-hinh-website.webp,CHO_KIEM_TRA,URL ảnh từ máy chủ bên ngoài.
ANH-0111,P0,DU_AN_CASE_STUDY,Giao-dien-trang-he-thong-dai-li-chinh-hang-cua-Website-Zappa.jpg,jpg,3,src/lib/case-studies-live.ts:47; src/lib/case-study-live-details.json:205|212,https://image.homenest.com.vn/wp-content/uploads/2026/05/Giao-dien-trang-he-thong-dai-li-chinh-hang-cua-Website-Zappa.jpg,public/images/projects/website-zappa/01-anh-bia-du-an.webp,CHO_KIEM_TRA,URL ảnh từ máy chủ bên ngoài.
ANH-0112,P0,DU_AN_CASE_STUDY,Giao-dien-trang-Home-cua-Website-Destiny-Nail-Bar.jpg,jpg,3,src/lib/case-studies-live.ts:57; src/lib/case-study-live-details.json:245|261,https://image.homenest.com.vn/wp-content/uploads/2026/05/Giao-dien-trang-Home-cua-Website-Destiny-Nail-Bar.jpg,public/images/projects/website-destiny-nail-bar/01-anh-bia-du-an.webp,CHO_KIEM_TRA,URL ảnh từ máy chủ bên ngoài.
ANH-0113,P0,DU_AN_CASE_STUDY,Giao-dien-trang-khoa-hoc-tham-mi-cua-Website-Dava-Edu.jpg,jpg,2,src/lib/case-study-live-details.json:23|31,https://image.homenest.com.vn/wp-content/uploads/2026/05/Giao-dien-trang-khoa-hoc-tham-mi-cua-Website-Dava-Edu.jpg,public/images/projects/website-dava-edu/05-man-hinh-website.webp,CHO_KIEM_TRA,URL ảnh từ máy chủ bên ngoài.
ANH-0114,P0,DU_AN_CASE_STUDY,Giao-dien-trang-lien-he-noi-that-van-quyet.jpg,jpg,2,src/lib/case-study-live-details.json:66|73,https://image.homenest.com.vn/wp-content/uploads/2026/05/Giao-dien-trang-lien-he-noi-that-van-quyet.jpg,public/images/projects/website-noi-that-van-quyet/02-man-hinh-website.webp,CHO_KIEM_TRA,URL ảnh từ máy chủ bên ngoài.
ANH-0115,P0,DU_AN_CASE_STUDY,Giao-dien-trang-lien-he-Website-Bao-Vy-Pottery.jpg,jpg,2,src/lib/case-study-live-details.json:110|117,https://image.homenest.com.vn/wp-content/uploads/2026/05/Giao-dien-trang-lien-he-Website-Bao-Vy-Pottery.jpg,public/images/projects/website-bao-vy-pottery/02-man-hinh-website.webp,CHO_KIEM_TRA,URL ảnh từ máy chủ bên ngoài.
ANH-0116,P0,DU_AN_CASE_STUDY,Giao-dien-trang-phong-trung-bay-Website-Bao-Vy-Pottery.jpg,jpg,2,src/lib/case-study-live-details.json:111|118,https://image.homenest.com.vn/wp-content/uploads/2026/05/Giao-dien-trang-phong-trung-bay-Website-Bao-Vy-Pottery.jpg,public/images/projects/website-bao-vy-pottery/03-man-hinh-website.webp,CHO_KIEM_TRA,URL ảnh từ máy chủ bên ngoài.
ANH-0117,P0,DU_AN_CASE_STUDY,Giao-dien-trang-polishes-cua-Website-Destiny-Nail-Bar.jpg,jpg,2,src/lib/case-study-live-details.json:250|266,https://image.homenest.com.vn/wp-content/uploads/2026/05/Giao-dien-trang-polishes-cua-Website-Destiny-Nail-Bar.jpg,public/images/projects/website-destiny-nail-bar/06-man-hinh-website.webp,CHO_KIEM_TRA,URL ảnh từ máy chủ bên ngoài.
ANH-0118,P0,DU_AN_CASE_STUDY,Giao-dien-trang-san-pham-ban-chay-noi-that-van-quyet.jpg,jpg,2,src/lib/case-study-live-details.json:67|74,https://image.homenest.com.vn/wp-content/uploads/2026/05/Giao-dien-trang-san-pham-ban-chay-noi-that-van-quyet.jpg,public/images/projects/website-noi-that-van-quyet/03-man-hinh-website.webp,CHO_KIEM_TRA,URL ảnh từ máy chủ bên ngoài.
ANH-0119,P0,DU_AN_CASE_STUDY,Giao-dien-trang-san-pham-chi-tiet-Website-Bao-Vy-Pottery.jpg,jpg,2,src/lib/case-study-live-details.json:112|119,https://image.homenest.com.vn/wp-content/uploads/2026/05/Giao-dien-trang-san-pham-chi-tiet-Website-Bao-Vy-Pottery.jpg,public/images/projects/website-bao-vy-pottery/04-man-hinh-website.webp,CHO_KIEM_TRA,URL ảnh từ máy chủ bên ngoài.
ANH-0120,P0,DU_AN_CASE_STUDY,Giao-dien-trang-san-pham-cua-Website-Zappa.jpg,jpg,2,src/lib/case-study-live-details.json:207|214,https://image.homenest.com.vn/wp-content/uploads/2026/05/Giao-dien-trang-san-pham-cua-Website-Zappa.jpg,public/images/projects/website-zappa/03-man-hinh-website.webp,CHO_KIEM_TRA,URL ảnh từ máy chủ bên ngoài.
ANH-0121,P0,DU_AN_CASE_STUDY,Giao-dien-trang-thu-vien-sach-cua-Website-Dava-Edu.jpg,jpg,2,src/lib/case-study-live-details.json:22|30,https://image.homenest.com.vn/wp-content/uploads/2026/05/Giao-dien-trang-thu-vien-sach-cua-Website-Dava-Edu.jpg,public/images/projects/website-dava-edu/04-man-hinh-website.webp,CHO_KIEM_TRA,URL ảnh từ máy chủ bên ngoài.
ANH-0122,P0,DU_AN_CASE_STUDY,Giao-dien-trang-tin-tuc-cua-Website-Zappa.jpg,jpg,2,src/lib/case-study-live-details.json:208|215,https://image.homenest.com.vn/wp-content/uploads/2026/05/Giao-dien-trang-tin-tuc-cua-Website-Zappa.jpg,public/images/projects/website-zappa/04-man-hinh-website.webp,CHO_KIEM_TRA,URL ảnh từ máy chủ bên ngoài.
ANH-0123,P0,DU_AN_CASE_STUDY,Giao-dien-trang-tour-chi-tiet-cua-Website-Bontravel.jpg,jpg,2,src/lib/case-study-live-details.json:157|170,https://image.homenest.com.vn/wp-content/uploads/2026/05/Giao-dien-trang-tour-chi-tiet-cua-Website-Bontravel.jpg,public/images/projects/website-bontravel/09-man-hinh-website.webp,CHO_KIEM_TRA,URL ảnh từ máy chủ bên ngoài.
ANH-0124,P0,DU_AN_CASE_STUDY,Giao-dien-trang-tour-cua-Website-Bontravel.jpg,jpg,2,src/lib/case-study-live-details.json:158|171,https://image.homenest.com.vn/wp-content/uploads/2026/05/Giao-dien-trang-tour-cua-Website-Bontravel.jpg,public/images/projects/website-bontravel/10-man-hinh-website.webp,CHO_KIEM_TRA,URL ảnh từ máy chủ bên ngoài.
ANH-0125,P0,DU_AN_CASE_STUDY,Giao-dien-trang-treatments-vprices-cua-Website-Destiny-Nail-Bar.jpg,jpg,2,src/lib/case-study-live-details.json:247|263,https://image.homenest.com.vn/wp-content/uploads/2026/05/Giao-dien-trang-treatments-vprices-cua-Website-Destiny-Nail-Bar.jpg,public/images/projects/website-destiny-nail-bar/03-man-hinh-website.webp,CHO_KIEM_TRA,URL ảnh từ máy chủ bên ngoài.
ANH-0126,P0,DU_AN_CASE_STUDY,Giao-dien-trang-trends-cua-Website-Destiny-Nail-Bar.jpg,jpg,2,src/lib/case-study-live-details.json:246|262,https://image.homenest.com.vn/wp-content/uploads/2026/05/Giao-dien-trang-trends-cua-Website-Destiny-Nail-Bar.jpg,public/images/projects/website-destiny-nail-bar/02-man-hinh-website.webp,CHO_KIEM_TRA,URL ảnh từ máy chủ bên ngoài.
ANH-0127,P0,DU_AN_CASE_STUDY,Giao-dien-trang-voucher-va-deal-tot-noi-that-van-quyet.jpg,jpg,2,src/lib/case-study-live-details.json:68|75,https://image.homenest.com.vn/wp-content/uploads/2026/05/Giao-dien-trang-voucher-va-deal-tot-noi-that-van-quyet.jpg,public/images/projects/website-noi-that-van-quyet/04-man-hinh-website.webp,CHO_KIEM_TRA,URL ảnh từ máy chủ bên ngoài.
ANH-0128,P0,DU_AN_CASE_STUDY,Giao-dien-trang-xe-16-cua-Website-Bontravel.jpg,jpg,2,src/lib/case-study-live-details.json:155|168,https://image.homenest.com.vn/wp-content/uploads/2026/05/Giao-dien-trang-xe-16-cua-Website-Bontravel.jpg,public/images/projects/website-bontravel/07-man-hinh-website.webp,CHO_KIEM_TRA,URL ảnh từ máy chủ bên ngoài.
ANH-0129,P0,DU_AN_CASE_STUDY,Giao-dien-trang-xe-7-cho-cua-Website-Bontravel.jpg,jpg,2,src/lib/case-study-live-details.json:156|169,https://image.homenest.com.vn/wp-content/uploads/2026/05/Giao-dien-trang-xe-7-cho-cua-Website-Bontravel.jpg,public/images/projects/website-bontravel/08-man-hinh-website.webp,CHO_KIEM_TRA,URL ảnh từ máy chủ bên ngoài.
ANH-0130,P0,DU_AN_CASE_STUDY,Giao-dien-trang-xe-sendan-5-cho-cua-Website-Bontravel.jpg,jpg,2,src/lib/case-study-live-details.json:154|167,https://image.homenest.com.vn/wp-content/uploads/2026/05/Giao-dien-trang-xe-sendan-5-cho-cua-Website-Bontravel.jpg,public/images/projects/website-bontravel/06-man-hinh-website.webp,CHO_KIEM_TRA,URL ảnh từ máy chủ bên ngoài.
ANH-0131,P0,DU_AN_CASE_STUDY,Website-Level-Trip-Banner-HomeNest-Viet-Nam.jpg,jpg,1,src/lib/dich-vu-page.ts:37,https://image.homenest.com.vn/wp-content/uploads/2026/05/Website-Level-Trip-Banner-HomeNest-Viet-Nam.jpg,public/images/projects/showcase-tong-hop/13-anh-collage-showcase.webp,CHO_KIEM_TRA,URL ảnh từ máy chủ bên ngoài.
ANH-0132,P0,DU_AN_CASE_STUDY,Website-Paint-More-Banner-HomeNest-Viet-Nam.jpg,jpg,1,src/lib/dich-vu-page.ts:39,https://image.homenest.com.vn/wp-content/uploads/2026/05/Website-Paint-More-Banner-HomeNest-Viet-Nam.jpg,public/images/projects/showcase-tong-hop/15-anh-collage-showcase.webp,CHO_KIEM_TRA,URL ảnh từ máy chủ bên ngoài.
ANH-0133,P0,DU_AN_CASE_STUDY,Giao-dien-About-Us-Destiny-Nail-Bar-scaled.jpg,jpg,2,src/lib/case-study-live-details.json:256|270,https://image.homenest.com.vn/wp-content/uploads/2026/07/Giao-dien-About-Us-Destiny-Nail-Bar-scaled.jpg,public/images/projects/website-destiny-nail-bar/10-man-hinh-mobile.webp,CHO_KIEM_TRA,URL ảnh từ máy chủ bên ngoài.
ANH-0134,P0,DU_AN_CASE_STUDY,Giao-dien-chi-nhanh-Destiny-Nail-Bar-scaled.jpg,jpg,2,src/lib/case-study-live-details.json:257|271,https://image.homenest.com.vn/wp-content/uploads/2026/07/Giao-dien-chi-nhanh-Destiny-Nail-Bar-scaled.jpg,public/images/projects/website-destiny-nail-bar/11-man-hinh-mobile.webp,CHO_KIEM_TRA,URL ảnh từ máy chủ bên ngoài.
ANH-0135,P0,DU_AN_CASE_STUDY,Giao-dien-Destiny-Nail-Bar-scaled.jpg,jpg,2,src/lib/case-study-live-details.json:254|268,https://image.homenest.com.vn/wp-content/uploads/2026/07/Giao-dien-Destiny-Nail-Bar-scaled.jpg,public/images/projects/website-destiny-nail-bar/08-man-hinh-mobile.webp,CHO_KIEM_TRA,URL ảnh từ máy chủ bên ngoài.
ANH-0136,P0,DU_AN_CASE_STUDY,Giao-dien-san-pham-Destiny-Nail-Bar-scaled.jpg,jpg,2,src/lib/case-study-live-details.json:258|272,https://image.homenest.com.vn/wp-content/uploads/2026/07/Giao-dien-san-pham-Destiny-Nail-Bar-scaled.jpg,public/images/projects/website-destiny-nail-bar/12-man-hinh-mobile.webp,CHO_KIEM_TRA,URL ảnh từ máy chủ bên ngoài.
ANH-0137,P0,DU_AN_CASE_STUDY,Giao-dien-trang-chu-Destiny-Nail-Bar-scaled.jpg,jpg,2,src/lib/case-study-live-details.json:253|267,https://image.homenest.com.vn/wp-content/uploads/2026/07/Giao-dien-trang-chu-Destiny-Nail-Bar-scaled.jpg,public/images/projects/website-destiny-nail-bar/07-man-hinh-mobile.webp,CHO_KIEM_TRA,URL ảnh từ máy chủ bên ngoài.
ANH-0138,P0,DU_AN_CASE_STUDY,Giao-dien-Treatment-Destiny-Nail-Bar-scaled.jpg,jpg,2,src/lib/case-study-live-details.json:255|269,https://image.homenest.com.vn/wp-content/uploads/2026/07/Giao-dien-Treatment-Destiny-Nail-Bar-scaled.jpg,public/images/projects/website-destiny-nail-bar/09-man-hinh-mobile.webp,CHO_KIEM_TRA,URL ảnh từ máy chủ bên ngoài.
ANH-0139,P0,DU_AN_CASE_STUDY,1.jpg,jpg,1,src/components/sections/CaseStudiesAbout.tsx:12,https://image.homenest.software/wp-content/uploads/2026/03/1.jpg,public/images/projects/showcase-tong-hop/08-anh-collage-showcase.webp,CHO_KIEM_TRA,URL ảnh từ máy chủ bên ngoài.
ANH-0140,P0,DU_AN_CASE_STUDY,2.png,png,1,src/components/sections/CaseStudiesAbout.tsx:9,https://image.homenest.software/wp-content/uploads/2026/03/2.png,public/images/projects/showcase-tong-hop/05-anh-collage-showcase.webp,CHO_KIEM_TRA,URL ảnh từ máy chủ bên ngoài.
ANH-0141,P0,DU_AN_CASE_STUDY,3.png,png,1,src/components/sections/CaseStudiesAbout.tsx:15,https://image.homenest.software/wp-content/uploads/2026/03/3.png,public/images/projects/showcase-tong-hop/11-anh-collage-showcase.webp,CHO_KIEM_TRA,URL ảnh từ máy chủ bên ngoài.
ANH-0142,P0,DU_AN_CASE_STUDY,4.png,png,1,src/components/sections/CaseStudiesAbout.tsx:11,https://image.homenest.software/wp-content/uploads/2026/03/4.png,public/images/projects/showcase-tong-hop/07-anh-collage-showcase.webp,CHO_KIEM_TRA,URL ảnh từ máy chủ bên ngoài.
ANH-0143,P0,DU_AN_CASE_STUDY,5.png,png,1,src/components/sections/CaseStudiesAbout.tsx:13,https://image.homenest.software/wp-content/uploads/2026/03/5.png,public/images/projects/showcase-tong-hop/09-anh-collage-showcase.webp,CHO_KIEM_TRA,URL ảnh từ máy chủ bên ngoài.
ANH-0144,P0,DU_AN_CASE_STUDY,6.png,png,1,src/components/sections/CaseStudiesAbout.tsx:8,https://image.homenest.software/wp-content/uploads/2026/03/6.png,public/images/projects/showcase-tong-hop/04-anh-collage-showcase.webp,CHO_KIEM_TRA,URL ảnh từ máy chủ bên ngoài.
ANH-0145,P0,DU_AN_CASE_STUDY,7.png,png,1,src/components/sections/CaseStudiesAbout.tsx:10,https://image.homenest.software/wp-content/uploads/2026/03/7.png,public/images/projects/showcase-tong-hop/06-anh-collage-showcase.webp,CHO_KIEM_TRA,URL ảnh từ máy chủ bên ngoài.
ANH-0146,P0,DU_AN_CASE_STUDY,8.png,png,1,src/components/sections/CaseStudiesAbout.tsx:14,https://image.homenest.software/wp-content/uploads/2026/03/8.png,public/images/projects/showcase-tong-hop/10-anh-collage-showcase.webp,CHO_KIEM_TRA,URL ảnh từ máy chủ bên ngoài.
ANH-0147,P0,DU_AN_CASE_STUDY,9.png,png,1,src/components/sections/CaseStudiesAbout.tsx:16,https://image.homenest.software/wp-content/uploads/2026/03/9.png,public/images/projects/showcase-tong-hop/12-anh-collage-showcase.webp,CHO_KIEM_TRA,URL ảnh từ máy chủ bên ngoài.
ANH-0148,P0,NGUOI_DOANH_NGHIEP,hero-banner.webp,webp,2,src/app/tuyen-dung/[slug]/page.tsx:10; src/app/tuyen-dung/page.tsx:9,https://homenest.com.vn/assets/tuyen-dung/hero-banner.webp,public/images/people/tuyen-dung/anh-tap-the-doi-ngu-tuyen-dung.webp,CHO_KIEM_TRA,URL ảnh từ máy chủ bên ngoài.
ANH-0149,P0,NGUOI_DOANH_NGHIEP,Homenest-Software-Engineer-scaled-e1773732164739-2048x1396.jpg,jpg,2,src/lib/site-data.json:793|804,https://image.homenest.com.vn/wp-content/uploads/2026/03/22115911/Homenest-Software-Engineer-scaled-e1773732164739-2048x1396.jpg,public/images/people/work-life-chi-tiet/doi-ngu-software-engineer.webp,CHO_KIEM_TRA,URL ảnh từ máy chủ bên ngoài.
ANH-0150,P0,NGUOI_DOANH_NGHIEP,Qua-trinh-lam-viec-cua-mot-Backend-Developer-768x1024.jpg,jpg,1,src/lib/site-data.json:793,https://image.homenest.com.vn/wp-content/uploads/2026/03/22115916/Qua-trinh-lam-viec-cua-mot-Backend-Developer-768x1024.jpg,public/images/people/work-life-chi-tiet/qua-trinh-lam-viec-cua-backend-developer.webp,CHO_KIEM_TRA,URL ảnh từ máy chủ bên ngoài.
ANH-0151,P0,NGUOI_DOANH_NGHIEP,Trao-doi-trong-qua-trinh-lam-viec-cua-mot-Backend-1024x768.jpg,jpg,1,src/lib/site-data.json:793,https://image.homenest.com.vn/wp-content/uploads/2026/03/22115916/Trao-doi-trong-qua-trinh-lam-viec-cua-mot-Backend-1024x768.jpg,public/images/people/work-life-chi-tiet/trao-doi-trong-qua-trinh-lam-viec-backend.webp,CHO_KIEM_TRA,URL ảnh từ máy chủ bên ngoài.
ANH-0152,P0,NGUOI_DOANH_NGHIEP,Gia-Bao-Backend-Engineer-1024x1024.jpg,jpg,1,src/lib/site-data.json:793,https://image.homenest.com.vn/wp-content/uploads/2026/03/22115917/Gia-Bao-Backend-Engineer-1024x1024.jpg,public/images/people/work-life-chi-tiet/gia-bao-backend-engineer.webp,CHO_KIEM_TRA,URL ảnh từ máy chủ bên ngoài.
ANH-0153,P0,NGUOI_DOANH_NGHIEP,Bat-dau-ngay-lam-viec-cua-Backend-Engieer-768x1024.jpg,jpg,1,src/lib/site-data.json:793,https://image.homenest.com.vn/wp-content/uploads/2026/03/22115918/Bat-dau-ngay-lam-viec-cua-Backend-Engieer-768x1024.jpg,public/images/people/work-life-chi-tiet/bat-dau-ngay-lam-viec-cua-backend-engineer.webp,CHO_KIEM_TRA,URL ảnh từ máy chủ bên ngoài.
ANH-0154,P0,NGUOI_DOANH_NGHIEP,chan.jpeg,jpeg,1,src/components/sections/MeetTeam.tsx:32,https://image.homenest.com.vn/wp-content/uploads/2026/04/chan.jpeg,public/images/people/doi-ngu/chan.webp,CHO_KIEM_TRA,URL ảnh từ máy chủ bên ngoài.
ANH-0155,P0,NGUOI_DOANH_NGHIEP,CTA-Footer-HomeNest-Viet-Nam.jpg,jpg,4,src/_content/wiki-live-details.json:1; src/components/sections/AboutContactCTA.tsx:9; src/components/sections/CaseStudiesContactCTA.tsx:8; src/components/sections/FooterCTA.tsx:39,https://image.homenest.com.vn/wp-content/uploads/2026/04/CTA-Footer-HomeNest-Viet-Nam.jpg,public/images/people/van-phong/anh-van-phong-tru-so-homenest.webp,CHO_KIEM_TRA,URL ảnh từ máy chủ bên ngoài.
ANH-0156,P0,NGUOI_DOANH_NGHIEP,Doi-tac-Kieu-Loan-HomeNest-Viet-Nam.jpg,jpg,1,src/components/sections/PricingSection.tsx:23,https://image.homenest.com.vn/wp-content/uploads/2026/04/Doi-tac-Kieu-Loan-HomeNest-Viet-Nam.jpg,public/images/people/doi-tac/kieu-loan-manager.webp,CHO_KIEM_TRA,URL ảnh từ máy chủ bên ngoài.
ANH-0157,P0,NGUOI_DOANH_NGHIEP,Doi-tac-Minh-Tam-HomeNest-Viet-Nam.jpg,jpg,1,src/components/sections/PricingSection.tsx:16,https://image.homenest.com.vn/wp-content/uploads/2026/04/Doi-tac-Minh-Tam-HomeNest-Viet-Nam.jpg,public/images/people/doi-tac/minh-tam-marketing-director-leveltrip.webp,CHO_KIEM_TRA,URL ảnh từ máy chủ bên ngoài.
ANH-0158,P0,NGUOI_DOANH_NGHIEP,Doi-tac-Ngoc-Ha-HomeNest-Viet-Nam.jpg,jpg,1,src/components/sections/PricingSection.tsx:37,https://image.homenest.com.vn/wp-content/uploads/2026/04/Doi-tac-Ngoc-Ha-HomeNest-Viet-Nam.jpg,public/images/people/doi-tac/ngoc-ha-quan-ly.webp,CHO_KIEM_TRA,URL ảnh từ máy chủ bên ngoài.
ANH-0159,P0,NGUOI_DOANH_NGHIEP,Doi-tac-Ngoc-Trieu-HomeNest-Viet-Nam.jpg,jpg,1,src/components/sections/PricingSection.tsx:30,https://image.homenest.com.vn/wp-content/uploads/2026/04/Doi-tac-Ngoc-Trieu-HomeNest-Viet-Nam.jpg,public/images/people/doi-tac/ngoc-trieu-ceo.webp,CHO_KIEM_TRA,URL ảnh từ máy chủ bên ngoài.
ANH-0160,P0,NGUOI_DOANH_NGHIEP,Doi-tac-Tan-Khang-HomeNest-Viet-Nam.jpg,jpg,1,src/components/sections/PricingSection.tsx:51,https://image.homenest.com.vn/wp-content/uploads/2026/04/Doi-tac-Tan-Khang-HomeNest-Viet-Nam.jpg,public/images/people/doi-tac/tan-khang-co-founder.webp,CHO_KIEM_TRA,URL ảnh từ máy chủ bên ngoài.
ANH-0161,P0,NGUOI_DOANH_NGHIEP,Doi-tac-Thu-Tuyet-HomeNest-Viet-Nam.jpg,jpg,1,src/components/sections/PricingSection.tsx:44,https://image.homenest.com.vn/wp-content/uploads/2026/04/Doi-tac-Thu-Tuyet-HomeNest-Viet-Nam.jpg,public/images/people/doi-tac/thu-tuyet-marketing-manager.webp,CHO_KIEM_TRA,URL ảnh từ máy chủ bên ngoài.
ANH-0162,P0,NGUOI_DOANH_NGHIEP,Khach-Hang-Chris-Tran-HomeNestVietNam.jpg,jpg,3,src/components/sections/BuildingScalable.tsx:9; src/lib/site-data.json:936|1353,https://image.homenest.com.vn/wp-content/uploads/2026/04/Khach-Hang-Chris-Tran-HomeNestVietNam.jpg,public/images/people/khach-hang/chris-tran-cmo.webp,CHO_KIEM_TRA,URL ảnh từ máy chủ bên ngoài.
ANH-0163,P0,NGUOI_DOANH_NGHIEP,Khach-Hang-David-Chen-HomeNestVietNam.jpg,jpg,1,src/lib/site-data.json:1347,https://image.homenest.com.vn/wp-content/uploads/2026/04/Khach-Hang-David-Chen-HomeNestVietNam.jpg,public/images/people/khach-hang/david-chen-co-founder.webp,CHO_KIEM_TRA,URL ảnh từ máy chủ bên ngoài.
ANH-0164,P0,NGUOI_DOANH_NGHIEP,Khach-Hang-Le-Minh-Khang-HomeNestVietNam.jpg,jpg,1,src/lib/site-data.json:1359,https://image.homenest.com.vn/wp-content/uploads/2026/04/Khach-Hang-Le-Minh-Khang-HomeNestVietNam.jpg,public/images/people/khach-hang/le-minh-khang-product-marketing-manager.webp,CHO_KIEM_TRA,URL ảnh từ máy chủ bên ngoài.
ANH-0165,P0,NGUOI_DOANH_NGHIEP,Khach-Hang-Ngo-Tuoi-HomeNestVietNam.jpg,jpg,3,src/components/sections/BuildingScalable.tsx:7; src/lib/site-data.json:934|1335,https://image.homenest.com.vn/wp-content/uploads/2026/04/Khach-Hang-Ngo-Tuoi-HomeNestVietNam.jpg,public/images/people/khach-hang/ngo-tuoi-quan-ly-tai-peace-viet-nam-va-nguyen-le-gift.webp,CHO_KIEM_TRA,URL ảnh từ máy chủ bên ngoài.
ANH-0166,P0,NGUOI_DOANH_NGHIEP,Khach-Hang-Nguyen-Bach-HomeNestVietNam.jpg,jpg,3,src/components/sections/BuildingScalable.tsx:8; src/lib/site-data.json:935|1341,https://image.homenest.com.vn/wp-content/uploads/2026/04/Khach-Hang-Nguyen-Bach-HomeNestVietNam.jpg,public/images/people/khach-hang/nguyen-bach-founder.webp,CHO_KIEM_TRA,URL ảnh từ máy chủ bên ngoài.
ANH-0167,P0,NGUOI_DOANH_NGHIEP,Khach-Hang-Vu-Son-HomeNestVietNam.jpg,jpg,3,src/components/sections/BuildingScalable.tsx:6; src/lib/site-data.json:933|1329,https://image.homenest.com.vn/wp-content/uploads/2026/04/Khach-Hang-Vu-Son-HomeNestVietNam.jpg,public/images/people/khach-hang/vu-son-ceo-tai-hang-kenh.webp,CHO_KIEM_TRA,URL ảnh từ máy chủ bên ngoài.
ANH-0168,P0,NGUOI_DOANH_NGHIEP,Male-Manager-at-HomeNestVietNam-CTA.png,png,9,src/_content/phat-trien-blockchain.json:74; src/_content/thiet-ke-website.json:74; src/_content/van-hanh-va-bao-tri.json:143; src/components/sections/technologies/TechnologiesPage.tsx:479; src/lib/industry-detail-data.json:2192|2461|4261; src/lib/site-data.json:238|249,https://image.homenest.com.vn/wp-content/uploads/2026/04/Male-Manager-at-HomeNestVietNam-CTA.png,public/images/people/cta/male-manager-at-homenestvietnam-cta.webp,CHO_KIEM_TRA,URL ảnh từ máy chủ bên ngoài.
ANH-0169,P0,NGUOI_DOANH_NGHIEP,Nguyen-Tien-Co-Founder-at-HomeNest-Viet-Nam.jpg,jpg,6,src/components/sections/BuildingScalable.tsx; src/components/sections/PricingSection.tsx; src/lib/site-data.json,https://image.homenest.com.vn/wp-content/uploads/2026/04/Nguyen-Tien-Co-Founder-at-HomeNest-Viet-Nam.jpg,public/images/people/founder/winterfrost/le-khai-minh.webp,DA_TAO_VA_TICH_HOP,Đã thay bằng chân dung Lê Khải Minh và chuyển toàn bộ vị trí dùng sang tệp nội bộ.
ANH-0170,P0,NGUOI_DOANH_NGHIEP,user-avatar-5.jpg,jpg,2,src/lib/site-data.json:812|1306,https://image.homenest.com.vn/wp-content/uploads/2026/04/user-avatar-5.jpg,public/images/people/anh-hoi-thoai/khach-hang-trong-the-hoi-thoai.webp,CHO_KIEM_TRA,URL ảnh từ máy chủ bên ngoài.
ANH-0171,P0,NGUOI_DOANH_NGHIEP,Woman-staff-HomeNestVietNam-CTA.png,png,13,src/_content/phat-trien-iot.json:75; src/_content/phat-trien-phan-mem-mvp.json:149; src/_content/phat-trien-ung-dung-saas.json:144; src/components/sections/dichvu/CTABannerDynamic.tsx:8; src/lib/industry-detail-data.json:401|1183|1944|2709|3744|3992; src/lib/site-data.json:172|194|216,https://image.homenest.com.vn/wp-content/uploads/2026/04/Woman-staff-HomeNestVietNam-CTA.png,public/images/people/cta/woman-staff-homenestvietnam-cta.webp,CHO_KIEM_TRA,URL ảnh từ máy chủ bên ngoài.
ANH-0172,P0,NGUOI_DOANH_NGHIEP,Young-man-at-HomeNestVietNam-CTA.png,png,9,src/_content/phat-trien-ai.json:150; src/_content/phat-trien-phan-mem-doanh-nghiep.json:149; src/lib/industry-detail-data.json:935|1431|1697|2979|3226; src/lib/site-data.json:139|183,https://image.homenest.com.vn/wp-content/uploads/2026/04/Young-man-at-HomeNestVietNam-CTA.png,public/images/people/cta/young-man-at-homenestvietnam-cta.webp,CHO_KIEM_TRA,URL ảnh từ máy chủ bên ngoài.
ANH-0173,P0,NGUOI_DOANH_NGHIEP,Young-staff-HomeNestVietNam-CTA.png,png,8,src/_content/phat-trien-devops.json:74; src/_content/thiet-ke-app.json:143; src/lib/industry-detail-data.json:678|3474|4503; src/lib/site-data.json:161|227|812,https://image.homenest.com.vn/wp-content/uploads/2026/04/Young-staff-HomeNestVietNam-CTA.png,public/images/people/cta/young-staff-homenestvietnam-cta.webp,CHO_KIEM_TRA,URL ảnh từ máy chủ bên ngoài.
ANH-0174,P0,NGUOI_DOANH_NGHIEP,Doi-tac-Chu-Quan-Ca-Phe-cua-HomeNest-Viet-Nam.jpg,jpg,1,src/lib/site-data.json:1257,https://image.homenest.com.vn/wp-content/uploads/2026/05/Doi-tac-Chu-Quan-Ca-Phe-cua-HomeNest-Viet-Nam.jpg,public/images/people/doi-tac/chu-quan-ca-phe.webp,CHO_KIEM_TRA,URL ảnh từ máy chủ bên ngoài.
ANH-0175,P0,NGUOI_DOANH_NGHIEP,Doi-tac-Dai-Phat-cua-HomeNest-Viet-Nam.jpg,jpg,1,src/lib/site-data.json:1250,https://image.homenest.com.vn/wp-content/uploads/2026/05/Doi-tac-Dai-Phat-cua-HomeNest-Viet-Nam.jpg,public/images/people/doi-tac/dai-phat.webp,CHO_KIEM_TRA,URL ảnh từ máy chủ bên ngoài.
ANH-0176,P0,NGUOI_DOANH_NGHIEP,Doi-tac-Dava-cua-HomeNest-Viet-Nam.jpg,jpg,1,src/lib/site-data.json:1251,https://image.homenest.com.vn/wp-content/uploads/2026/05/Doi-tac-Dava-cua-HomeNest-Viet-Nam.jpg,public/images/people/doi-tac/dava.webp,CHO_KIEM_TRA,URL ảnh từ máy chủ bên ngoài.
ANH-0177,P0,NGUOI_DOANH_NGHIEP,Doi-tac-Khanh-Phong-cua-HomeNest-Viet-Nam.jpg,jpg,1,src/lib/site-data.json:1252,https://image.homenest.com.vn/wp-content/uploads/2026/05/Doi-tac-Khanh-Phong-cua-HomeNest-Viet-Nam.jpg,public/images/people/doi-tac/khanh-phong.webp,CHO_KIEM_TRA,URL ảnh từ máy chủ bên ngoài.
ANH-0178,P0,NGUOI_DOANH_NGHIEP,Doi-tac-Kien-Cat-cua-HomeNest-Viet-Nam.jpg,jpg,1,src/lib/site-data.json:1253,https://image.homenest.com.vn/wp-content/uploads/2026/05/Doi-tac-Kien-Cat-cua-HomeNest-Viet-Nam.jpg,public/images/people/doi-tac/kien-cat.webp,CHO_KIEM_TRA,URL ảnh từ máy chủ bên ngoài.
ANH-0179,P0,NGUOI_DOANH_NGHIEP,Doi-tac-Mira-cua-HomeNest-Viet-Nam.jpg,jpg,1,src/lib/site-data.json:1254,https://image.homenest.com.vn/wp-content/uploads/2026/05/Doi-tac-Mira-cua-HomeNest-Viet-Nam.jpg,public/images/people/doi-tac/mira.webp,CHO_KIEM_TRA,URL ảnh từ máy chủ bên ngoài.
ANH-0180,P0,NGUOI_DOANH_NGHIEP,Doi-tac-Niziko-Group-cua-HomeNest-Viet-Nam.jpg,jpg,1,src/lib/site-data.json:1255,https://image.homenest.com.vn/wp-content/uploads/2026/05/Doi-tac-Niziko-Group-cua-HomeNest-Viet-Nam.jpg,public/images/people/doi-tac/niziko-group.webp,CHO_KIEM_TRA,URL ảnh từ máy chủ bên ngoài.
ANH-0181,P0,NGUOI_DOANH_NGHIEP,Doi-tac-NST-Tech-cua-HomeNest-Viet-Nam.jpg,jpg,1,src/lib/site-data.json:1256,https://image.homenest.com.vn/wp-content/uploads/2026/05/Doi-tac-NST-Tech-cua-HomeNest-Viet-Nam.jpg,public/images/people/doi-tac/nst-tech.webp,CHO_KIEM_TRA,URL ảnh từ máy chủ bên ngoài.
ANH-0182,P0,NGUOI_DOANH_NGHIEP,Hang-BA-tai-HomeNest-Viet-Nam.jpg,jpg,1,src/components/sections/MeetTeam.tsx:20,https://image.homenest.com.vn/wp-content/uploads/2026/05/Hang-BA-tai-HomeNest-Viet-Nam.jpg,public/images/people/doi-ngu/hang.webp,CHO_KIEM_TRA,URL ảnh từ máy chủ bên ngoài.
ANH-0183,P0,NGUOI_DOANH_NGHIEP,Hoang-Developer.jpg,jpg,1,src/components/sections/MeetTeam.tsx:19,https://image.homenest.com.vn/wp-content/uploads/2026/05/Hoang-Developer.jpg,public/images/people/doi-ngu/hoang.webp,CHO_KIEM_TRA,URL ảnh từ máy chủ bên ngoài.
ANH-0184,P0,NGUOI_DOANH_NGHIEP,Hung-Developer.jpg,jpg,1,src/components/sections/MeetTeam.tsx:23,https://image.homenest.com.vn/wp-content/uploads/2026/05/Hung-Developer.jpg,public/images/people/doi-ngu/hung.webp,CHO_KIEM_TRA,URL ảnh từ máy chủ bên ngoài.
ANH-0185,P0,NGUOI_DOANH_NGHIEP,Khang-Graphic-Design.jpg,jpg,1,src/components/sections/MeetTeam.tsx:42,https://image.homenest.com.vn/wp-content/uploads/2026/05/Khang-Graphic-Design.jpg,public/images/people/doi-ngu/khang-graphic-design.webp,CHO_KIEM_TRA,URL ảnh từ máy chủ bên ngoài.
ANH-0186,P0,NGUOI_DOANH_NGHIEP,Tai-BA-tai-HomeNest-Viet-Nam.jpg,jpg,1,src/components/sections/MeetTeam.tsx:18,https://image.homenest.com.vn/wp-content/uploads/2026/05/Tai-BA-tai-HomeNest-Viet-Nam.jpg,public/images/people/doi-ngu/tai.webp,CHO_KIEM_TRA,URL ảnh từ máy chủ bên ngoài.
ANH-0187,P0,NGUOI_DOANH_NGHIEP,Thanh-Graphic-Design.jpg,jpg,1,src/components/sections/MeetTeam.tsx:46,https://image.homenest.com.vn/wp-content/uploads/2026/05/Thanh-Graphic-Design.jpg,public/images/people/doi-ngu/thanh-graphic-design.webp,CHO_KIEM_TRA,URL ảnh từ máy chủ bên ngoài.
ANH-0188,P0,NGUOI_DOANH_NGHIEP,Thanh-Mai-Tester.jpg,jpg,1,src/components/sections/MeetTeam.tsx:45,https://image.homenest.com.vn/wp-content/uploads/2026/05/Thanh-Mai-Tester.jpg,public/images/people/doi-ngu/thanh-mai-tester.webp,CHO_KIEM_TRA,URL ảnh từ máy chủ bên ngoài.
ANH-0189,P0,NGUOI_DOANH_NGHIEP,Thanh-Phuc-Developer.jpg,jpg,1,src/components/sections/MeetTeam.tsx:44,https://image.homenest.com.vn/wp-content/uploads/2026/05/Thanh-Phuc-Developer.jpg,public/images/people/doi-ngu/thanh-phuc-developer.webp,CHO_KIEM_TRA,URL ảnh từ máy chủ bên ngoài.
ANH-0190,P0,NGUOI_DOANH_NGHIEP,Thu-Marketing.jpg,jpg,1,src/components/sections/MeetTeam.tsx:29,https://image.homenest.com.vn/wp-content/uploads/2026/05/Thu-Marketing.jpg,public/images/people/doi-ngu/thu.webp,CHO_KIEM_TRA,URL ảnh từ máy chủ bên ngoài.
ANH-0191,P0,NGUOI_DOANH_NGHIEP,Thuc-AI-engineer.jpg,jpg,1,src/components/sections/MeetTeam.tsx:24,https://image.homenest.com.vn/wp-content/uploads/2026/05/Thuc-AI-engineer.jpg,public/images/people/doi-ngu/thuc.webp,CHO_KIEM_TRA,URL ảnh từ máy chủ bên ngoài.
ANH-0192,P0,NGUOI_DOANH_NGHIEP,Tien-Phat-Developer.jpg,jpg,1,src/components/sections/MeetTeam.tsx:43,https://image.homenest.com.vn/wp-content/uploads/2026/05/Tien-Phat-Developer.jpg,public/images/people/doi-ngu/tien-phat-developer.webp,CHO_KIEM_TRA,URL ảnh từ máy chủ bên ngoài.
ANH-0193,P0,NGUOI_DOANH_NGHIEP,Tin-AI-engineer.jpg,jpg,1,src/components/sections/MeetTeam.tsx:25,https://image.homenest.com.vn/wp-content/uploads/2026/05/Tin-AI-engineer.jpg,public/images/people/doi-ngu/tin.webp,CHO_KIEM_TRA,URL ảnh từ máy chủ bên ngoài.
ANH-0194,P0,NGUOI_DOANH_NGHIEP,Tri-Marketing.jpg,jpg,1,src/components/sections/MeetTeam.tsx:31,https://image.homenest.com.vn/wp-content/uploads/2026/05/Tri-Marketing.jpg,public/images/people/doi-ngu/tri.webp,CHO_KIEM_TRA,URL ảnh từ máy chủ bên ngoài.
ANH-0195,P0,NGUOI_DOANH_NGHIEP,Tuan-AI-engineer.jpg,jpg,1,src/components/sections/MeetTeam.tsx:30,https://image.homenest.com.vn/wp-content/uploads/2026/05/Tuan-AI-engineer.jpg,public/images/people/doi-ngu/tuan.webp,CHO_KIEM_TRA,URL ảnh từ máy chủ bên ngoài.
ANH-0196,P0,NGUOI_DOANH_NGHIEP,Vu-Anh-Developer.jpg,jpg,1,src/components/sections/MeetTeam.tsx:22,https://image.homenest.com.vn/wp-content/uploads/2026/05/Vu-Anh-Developer.jpg,public/images/people/doi-ngu/vu-anh.webp,CHO_KIEM_TRA,URL ảnh từ máy chủ bên ngoài.
ANH-0197,P0,NGUOI_DOANH_NGHIEP,Yen-Tester-tai-HomeNest-Viet-Nam.jpg,jpg,1,src/components/sections/MeetTeam.tsx:21,https://image.homenest.com.vn/wp-content/uploads/2026/05/Yen-Tester-tai-HomeNest-Viet-Nam.jpg,public/images/people/doi-ngu/yen.webp,CHO_KIEM_TRA,URL ảnh từ máy chủ bên ngoài.
ANH-0198,P0,NGUOI_DOANH_NGHIEP,Mot-ngay-lam-viec-cua-Flutter-Developer-tai-HomeNest-Viet-Nam.jpg,jpg,1,RUNTIME_PAGE:/mot-ngay-lam-viec-cua-flutter-developer-se-nhu-the-nao:1,https://image.homenest.com.vn/wp-content/uploads/2026/06/Mot-ngay-lam-viec-cua-Flutter-Developer-tai-HomeNest-Viet-Nam.jpg,public/images/people/work-life-chi-tiet/mot-ngay-lam-viec-cua-flutter-developer.webp,CHO_KIEM_TRA,URL ảnh từ máy chủ bên ngoài.
ANH-0199,P0,NGUOI_DOANH_NGHIEP,Mot-ngay-lam-viec-cua-Flutter-Developer-tai-HomeNest.jpg,jpg,4,src/app/tuyen-dung/[slug]/page.tsx:37; src/app/tuyen-dung/page.tsx:21; src/components/sections/WorkLifeArticles.tsx:24; src/components/sections/wiki/WorkLifeRawPage.tsx:46,https://image.homenest.com.vn/wp-content/uploads/2026/06/Mot-ngay-lam-viec-cua-Flutter-Developer-tai-HomeNest.jpg,public/images/people/work-life/mot-ngay-lam-viec-cua-flutter-developer-tai-homenest.webp,CHO_KIEM_TRA,URL ảnh từ máy chủ bên ngoài.
ANH-0200,P0,NGUOI_DOANH_NGHIEP,Nguyen-Tien-Co.Founder-HomeNest-Viet-Nam.jpeg,jpeg,1,src/components/sections/MeetTeam.tsx:33,https://image.homenest.com.vn/wp-content/uploads/2026/06/Nguyen-Tien-Co.Founder-HomeNest-Viet-Nam.jpeg,public/images/people/doi-ngu/tien.webp,CHO_KIEM_TRA,URL ảnh từ máy chủ bên ngoài.
ANH-0201,P0,NGUOI_DOANH_NGHIEP,Vo-Ngoc-Gia-Bao-Flutter-Developer-tai-HomeNest-Viet-Nam.jpg,jpg,1,RUNTIME_PAGE:/mot-ngay-lam-viec-cua-flutter-developer-se-nhu-the-nao:1,https://image.homenest.com.vn/wp-content/uploads/2026/06/Vo-Ngoc-Gia-Bao-Flutter-Developer-tai-HomeNest-Viet-Nam.jpg,public/images/people/work-life-chi-tiet/vo-ngoc-gia-bao-flutter-developer.webp,CHO_KIEM_TRA,URL ảnh từ máy chủ bên ngoài.
ANH-0202,P0,NGUOI_DOANH_NGHIEP,BA-dang-hop-du-an.jpg,jpg,1,RUNTIME_PAGE:/mot-ngay-lam-viec-cua-ba-tai-homenest-viet-nam:1,https://image.homenest.com.vn/wp-content/uploads/2026/07/BA-dang-hop-du-an.jpg,public/images/people/work-life-chi-tiet/ba-dang-hop-du-an.webp,CHO_KIEM_TRA,URL ảnh từ máy chủ bên ngoài.
ANH-0203,P0,NGUOI_DOANH_NGHIEP,Cong-viec-BA-cua-Hua-Minh-Khuong.jpg,jpg,1,RUNTIME_PAGE:/mot-ngay-lam-viec-cua-ba-tai-homenest-viet-nam:1,https://image.homenest.com.vn/wp-content/uploads/2026/07/Cong-viec-BA-cua-Hua-Minh-Khuong.jpg,public/images/people/work-life-chi-tiet/cong-viec-ba-cua-hua-minh-khuong.webp,CHO_KIEM_TRA,URL ảnh từ máy chủ bên ngoài.
ANH-0204,P0,NGUOI_DOANH_NGHIEP,Cong-viec-BA-cua-Vo-Van-Tu-Tai.jpg,jpg,1,RUNTIME_PAGE:/mot-ngay-lam-viec-cua-ba-tai-homenest-viet-nam:1,https://image.homenest.com.vn/wp-content/uploads/2026/07/Cong-viec-BA-cua-Vo-Van-Tu-Tai.jpg,public/images/people/work-life-chi-tiet/cong-viec-ba-cua-vo-van-tu-tai.webp,CHO_KIEM_TRA,URL ảnh từ máy chủ bên ngoài.
ANH-0205,P0,NGUOI_DOANH_NGHIEP,Hop-nhom-dau-ngay.jpg,jpg,1,RUNTIME_PAGE:/cong-viec-cua-tester-tai-homenest-viet-nam-se-lam-nhung-gi:1,https://image.homenest.com.vn/wp-content/uploads/2026/07/Hop-nhom-dau-ngay.jpg,public/images/people/work-life-chi-tiet/hop-nhom-dau-ngay-tester.webp,CHO_KIEM_TRA,URL ảnh từ máy chủ bên ngoài.
ANH-0206,P0,NGUOI_DOANH_NGHIEP,Loi-khuyen-cho-cac-Tester-moi-scaled.jpg,jpg,1,RUNTIME_PAGE:/cong-viec-cua-tester-tai-homenest-viet-nam-se-lam-nhung-gi:1,https://image.homenest.com.vn/wp-content/uploads/2026/07/Loi-khuyen-cho-cac-Tester-moi-scaled.jpg,public/images/people/work-life-chi-tiet/loi-khuyen-cho-tester-moi.webp,CHO_KIEM_TRA,URL ảnh từ máy chủ bên ngoài.
ANH-0207,P0,NGUOI_DOANH_NGHIEP,Loi-khuyen-danh-cho-cac-ban-moi.jpg,jpg,1,RUNTIME_PAGE:/mot-ngay-lam-viec-cua-ba-tai-homenest-viet-nam:1,https://image.homenest.com.vn/wp-content/uploads/2026/07/Loi-khuyen-danh-cho-cac-ban-moi.jpg,public/images/people/work-life-chi-tiet/loi-khuyen-danh-cho-ba-moi.webp,CHO_KIEM_TRA,URL ảnh từ máy chủ bên ngoài.
ANH-0208,P0,NGUOI_DOANH_NGHIEP,Loi-nhan-tu-Anh-Quan.jpg,jpg,1,RUNTIME_PAGE:/cong-viec-cua-tester-tai-homenest-viet-nam-se-lam-nhung-gi:1,https://image.homenest.com.vn/wp-content/uploads/2026/07/Loi-nhan-tu-Anh-Quan.jpg,public/images/people/work-life-chi-tiet/chan-dung-tester-anh-quan.webp,CHO_KIEM_TRA,URL ảnh từ máy chủ bên ngoài.
ANH-0209,P0,NGUOI_DOANH_NGHIEP,Loi-nhan-tu-Thuc-Quyen.jpg,jpg,1,RUNTIME_PAGE:/cong-viec-cua-tester-tai-homenest-viet-nam-se-lam-nhung-gi:1,https://image.homenest.com.vn/wp-content/uploads/2026/07/Loi-nhan-tu-Thuc-Quyen.jpg,public/images/people/work-life-chi-tiet/chan-dung-tester-thuc-quyen.webp,CHO_KIEM_TRA,URL ảnh từ máy chủ bên ngoài.
ANH-0210,P0,NGUOI_DOANH_NGHIEP,Mot-ngay-la-tester-tai-HomeNest-Viet-Nam-scaled.jpg,jpg,4,src/app/tuyen-dung/[slug]/page.tsx:19; src/app/tuyen-dung/page.tsx:19; src/components/sections/WorkLifeArticles.tsx:10; src/components/sections/wiki/WorkLifeRawPage.tsx:28,https://image.homenest.com.vn/wp-content/uploads/2026/07/Mot-ngay-la-tester-tai-HomeNest-Viet-Nam-scaled.jpg,public/images/people/work-life/mot-ngay-la-tester-tai-homenest-viet-nam-scaled.webp,CHO_KIEM_TRA,URL ảnh từ máy chủ bên ngoài.
ANH-0211,P0,NGUOI_DOANH_NGHIEP,Mot-ngay-lam-viec-cua-Business-Analytics.jpg,jpg,4,src/app/tuyen-dung/[slug]/page.tsx:28; src/app/tuyen-dung/page.tsx:20; src/components/sections/WorkLifeArticles.tsx:17; src/components/sections/wiki/WorkLifeRawPage.tsx:45,https://image.homenest.com.vn/wp-content/uploads/2026/07/Mot-ngay-lam-viec-cua-Business-Analytics.jpg,public/images/people/work-life/mot-ngay-lam-viec-cua-business-analytics.webp,CHO_KIEM_TRA,URL ảnh từ máy chủ bên ngoài.
ANH-0212,P0,NGUOI_DOANH_NGHIEP,Tester-Anh-Quan-ben-trai-va-Tester-Thuc-Quyen-ben-phai-scaled.jpg,jpg,1,RUNTIME_PAGE:/cong-viec-cua-tester-tai-homenest-viet-nam-se-lam-nhung-gi:1,https://image.homenest.com.vn/wp-content/uploads/2026/07/Tester-Anh-Quan-ben-trai-va-Tester-Thuc-Quyen-ben-phai-scaled.jpg,public/images/people/work-life-chi-tiet/tester-anh-quan-va-thuc-quyen.webp,CHO_KIEM_TRA,URL ảnh từ máy chủ bên ngoài.
ANH-0213,P0,NGUOI_DOANH_NGHIEP,Vo-Van-Tu-Tai-ben-trai-va-Hua-Minh-Khuong-ben-phai.jpg,jpg,1,RUNTIME_PAGE:/mot-ngay-lam-viec-cua-ba-tai-homenest-viet-nam:1,https://image.homenest.com.vn/wp-content/uploads/2026/07/Vo-Van-Tu-Tai-ben-trai-va-Hua-Minh-Khuong-ben-phai.jpg,public/images/people/work-life-chi-tiet/vo-van-tu-tai-va-hua-minh-khuong.webp,CHO_KIEM_TRA,URL ảnh từ máy chủ bên ngoài.
ANH-0214,P0,NGUOI_DOANH_NGHIEP,Bao-DEV.jpg,jpg,1,src/components/sections/MeetTeam.tsx:41,https://image.homenest.software/wp-content/uploads/2026/03/Bao-DEV.jpg,public/images/people/doi-ngu/bao.webp,CHO_KIEM_TRA,URL ảnh từ máy chủ bên ngoài.
ANH-0215,P0,NGUOI_DOANH_NGHIEP,Book-a-call-now.avif,avif,29,src/app/tuyen-dung/[slug]/page.tsx:12; src/components/sections/CTABanner.tsx:8; src/lib/dich-vu-detail-pages.ts:357|663; src/lib/industry-detail-data.json:128; src/lib/site-data.json:128|150|205|262|274|286|298|310|322|334|346|358|480|494|508|522|536|550|564|578|603|617|664|678,https://image.homenest.software/wp-content/uploads/2026/03/Book-a-call-now.avif,public/images/people/cta/chuyen-vien-tu-van-chung.webp,CHO_KIEM_TRA,URL ảnh từ máy chủ bên ngoài.
ANH-0216,P0,NGUOI_DOANH_NGHIEP,Dung-DEV.jpg,jpg,1,src/components/sections/MeetTeam.tsx:17,https://image.homenest.software/wp-content/uploads/2026/03/Dung-DEV.jpg,public/images/people/doi-ngu/dung.webp,CHO_KIEM_TRA,URL ảnh từ máy chủ bên ngoài.
ANH-0217,P0,NGUOI_DOANH_NGHIEP,Duy-DEV.jpg,jpg,1,src/components/sections/MeetTeam.tsx:16,https://image.homenest.software/wp-content/uploads/2026/03/Duy-DEV.jpg,public/images/people/doi-ngu/duy.webp,CHO_KIEM_TRA,URL ảnh từ máy chủ bên ngoài.
ANH-0218,P0,NGUOI_DOANH_NGHIEP,Hoang-Nguyen-DEV.jpg,jpg,1,src/components/sections/MeetTeam.tsx:14,https://image.homenest.software/wp-content/uploads/2026/03/Hoang-Nguyen-DEV.jpg,public/images/people/doi-ngu/hoang-nguyen.webp,CHO_KIEM_TRA,URL ảnh từ máy chủ bên ngoài.
ANH-0219,P0,NGUOI_DOANH_NGHIEP,Huy-DEV.jpg,jpg,1,src/components/sections/MeetTeam.tsx:12,https://image.homenest.software/wp-content/uploads/2026/03/Huy-DEV.jpg,public/images/people/doi-ngu/huy.webp,CHO_KIEM_TRA,URL ảnh từ máy chủ bên ngoài.
ANH-0220,P0,NGUOI_DOANH_NGHIEP,Long-UXUI.jpg,jpg,1,src/components/sections/MeetTeam.tsx:10,https://image.homenest.software/wp-content/uploads/2026/03/Long-UXUI.jpg,public/images/people/doi-ngu/long.webp,CHO_KIEM_TRA,URL ảnh từ máy chủ bên ngoài.
ANH-0221,P0,NGUOI_DOANH_NGHIEP,Ngoc-Anh-DEV.jpg,jpg,1,src/components/sections/MeetTeam.tsx:9,https://image.homenest.software/wp-content/uploads/2026/03/Ngoc-Anh-DEV.jpg,public/images/people/doi-ngu/ngoc-anh.webp,CHO_KIEM_TRA,URL ảnh từ máy chủ bên ngoài.
ANH-0222,P0,NGUOI_DOANH_NGHIEP,Nguyen-DEV.jpg,jpg,1,src/components/sections/MeetTeam.tsx:8,https://image.homenest.software/wp-content/uploads/2026/03/Nguyen-DEV.jpg,public/images/people/doi-ngu/nguyen.webp,CHO_KIEM_TRA,URL ảnh từ máy chủ bên ngoài.
ANH-0223,P0,NGUOI_DOANH_NGHIEP,Nhung-UXUI.jpg,jpg,1,src/components/sections/MeetTeam.tsx:40,https://image.homenest.software/wp-content/uploads/2026/03/Nhung-UXUI.jpg,public/images/people/doi-ngu/nhung.webp,CHO_KIEM_TRA,URL ảnh từ máy chủ bên ngoài.
ANH-0224,P0,NGUOI_DOANH_NGHIEP,Sang-DEV.jpg,jpg,1,src/components/sections/MeetTeam.tsx:39,https://image.homenest.software/wp-content/uploads/2026/03/Sang-DEV.jpg,public/images/people/doi-ngu/sang.webp,CHO_KIEM_TRA,URL ảnh từ máy chủ bên ngoài.
ANH-0225,P0,NGUOI_DOANH_NGHIEP,Tan-Huy-DEV.jpg,jpg,1,src/components/sections/MeetTeam.tsx:37,https://image.homenest.software/wp-content/uploads/2026/03/Tan-Huy-DEV.jpg,public/images/people/doi-ngu/tan-huy.webp,CHO_KIEM_TRA,URL ảnh từ máy chủ bên ngoài.
ANH-0226,P0,NGUOI_DOANH_NGHIEP,Thang-DEV.jpg,jpg,1,src/components/sections/MeetTeam.tsx:35,https://image.homenest.software/wp-content/uploads/2026/03/Thang-DEV.jpg,public/images/people/doi-ngu/thang.webp,CHO_KIEM_TRA,URL ảnh từ máy chủ bên ngoài.
ANH-0227,P0,NGUOI_DOANH_NGHIEP,Thao-DEV.jpg,jpg,1,src/components/sections/MeetTeam.tsx:34,https://image.homenest.software/wp-content/uploads/2026/03/Thao-DEV.jpg,public/images/people/doi-ngu/thao.webp,CHO_KIEM_TRA,URL ảnh từ máy chủ bên ngoài.
ANH-0228,P1,DICH_VU_LINH_VUC,La-Cerise-Dalat-Villas-Case-Study.jpg,jpg,1,src/lib/industry-detail-data.json:431,https://image.homenest.com.vn/wp-content/uploads/2025/06/La-Cerise-Dalat-Villas-Case-Study.jpg,public/images/dich_vu_linh_vuc/la-cerise-dalat-villas-case-study.jpg,CHO_KIEM_TRA,URL ảnh từ máy chủ bên ngoài.
ANH-0229,P1,DICH_VU_LINH_VUC,Mont-Pine-Realty-3-2.webp,webp,1,src/lib/industry-detail-data.json:427,https://image.homenest.com.vn/wp-content/uploads/2025/07/22124517/Mont-Pine-Realty-3-2.webp,public/images/dich_vu_linh_vuc/mont-pine-realty-3-2.webp,CHO_KIEM_TRA,URL ảnh từ máy chủ bên ngoài.
ANH-0230,P1,DICH_VU_LINH_VUC,Bao-tri-va-toi-uu-hieu-suat-HomeNest-Viet-Nam.jpg,jpg,2,src/lib/industry-detail-data.json:4055; src/lib/site-data.json:262,https://image.homenest.com.vn/wp-content/uploads/2026/04/Bao-tri-va-toi-uu-hieu-suat-HomeNest-Viet-Nam.jpg,public/images/dich_vu_linh_vuc/bao-tri-va-toi-uu-hieu-suat-homenest-viet-nam.jpg,CHO_KIEM_TRA,URL ảnh từ máy chủ bên ngoài.
ANH-0231,P1,DICH_VU_LINH_VUC,Chan-nuoi-gia-suc-va-gia-cam-HomeNest-Viet-Nam.jpg,jpg,1,src/lib/industry-detail-data.json:2748,https://image.homenest.com.vn/wp-content/uploads/2026/04/Chan-nuoi-gia-suc-va-gia-cam-HomeNest-Viet-Nam.jpg,public/images/dich_vu_linh_vuc/chan-nuoi-gia-suc-va-gia-cam-homenest-viet-nam.jpg,CHO_KIEM_TRA,URL ảnh từ máy chủ bên ngoài.
ANH-0232,P1,DICH_VU_LINH_VUC,Chan-nuoi-thuy-hai-san-HomeNest-Viet-Nam.jpg,jpg,1,src/lib/industry-detail-data.json:2754,https://image.homenest.com.vn/wp-content/uploads/2026/04/Chan-nuoi-thuy-hai-san-HomeNest-Viet-Nam.jpg,public/images/dich_vu_linh_vuc/chan-nuoi-thuy-hai-san-homenest-viet-nam.jpg,CHO_KIEM_TRA,URL ảnh từ máy chủ bên ngoài.
ANH-0233,P1,DICH_VU_LINH_VUC,Chuyen-doi-he-thong-tai-chinh-cu-sang-kien-truc-so-the-he-moi.jpg,jpg,2,src/lib/industry-detail-data.json:3635; src/lib/site-data.json:298,https://image.homenest.com.vn/wp-content/uploads/2026/04/Chuyen-doi-he-thong-tai-chinh-cu-sang-kien-truc-so-the-he-moi.jpg,public/images/dich_vu_linh_vuc/chuyen-doi-he-thong-tai-chinh-cu-sang-kien-truc-so-the-he-moi.jpg,CHO_KIEM_TRA,URL ảnh từ máy chủ bên ngoài.
ANH-0234,P1,DICH_VU_LINH_VUC,Cong-cu-kiem-soat-vat-tu-va-thiet-bi-HomeNest-Viet-Nam.jpg,jpg,1,src/lib/industry-detail-data.json:2237,https://image.homenest.com.vn/wp-content/uploads/2026/04/Cong-cu-kiem-soat-vat-tu-va-thiet-bi-HomeNest-Viet-Nam.jpg,public/images/dich_vu_linh_vuc/cong-cu-kiem-soat-vat-tu-va-thiet-bi-homenest-viet-nam.jpg,CHO_KIEM_TRA,URL ảnh từ máy chủ bên ngoài.
ANH-0235,P1,DICH_VU_LINH_VUC,Cong-ty-lu-hanh-HomeNest-Viet-Nam.jpg,jpg,1,src/lib/industry-detail-data.json:1472,https://image.homenest.com.vn/wp-content/uploads/2026/04/Cong-ty-lu-hanh-HomeNest-Viet-Nam.jpg,public/images/dich_vu_linh_vuc/cong-ty-lu-hanh-homenest-viet-nam.jpg,CHO_KIEM_TRA,URL ảnh từ máy chủ bên ngoài.
ANH-0236,P1,DICH_VU_LINH_VUC,Cung-ung-va-phan-phoi-vat-tu-nong-nghiep-HomeNest-Viet-Nam.jpg,jpg,1,src/lib/industry-detail-data.json:2760,https://image.homenest.com.vn/wp-content/uploads/2026/04/Cung-ung-va-phan-phoi-vat-tu-nong-nghiep-HomeNest-Viet-Nam.jpg,public/images/dich_vu_linh_vuc/cung-ung-va-phan-phoi-vat-tu-nong-nghiep-homenest-viet-nam.jpg,CHO_KIEM_TRA,URL ảnh từ máy chủ bên ngoài.
ANH-0237,P1,DICH_VU_LINH_VUC,Dai-ly-du-lich-truc-tuyen-HomeNest-Viet-Nam.jpg,jpg,1,src/lib/industry-detail-data.json:1466,https://image.homenest.com.vn/wp-content/uploads/2026/04/Dai-ly-du-lich-truc-tuyen-HomeNest-Viet-Nam.jpg,public/images/dich_vu_linh_vuc/dai-ly-du-lich-truc-tuyen-homenest-viet-nam.jpg,CHO_KIEM_TRA,URL ảnh từ máy chủ bên ngoài.
ANH-0238,P1,DICH_VU_LINH_VUC,Dich-vu-cho-thue-xe-HomeNest-Viet-Nam.jpg,jpg,1,src/lib/industry-detail-data.json:1484,https://image.homenest.com.vn/wp-content/uploads/2026/04/Dich-vu-cho-thue-xe-HomeNest-Viet-Nam.jpg,public/images/dich_vu_linh_vuc/dich-vu-cho-thue-xe-homenest-viet-nam.jpg,CHO_KIEM_TRA,URL ảnh từ máy chủ bên ngoài.
ANH-0239,P1,DICH_VU_LINH_VUC,Dich-vu-di-tru-du-lieu-ke-toan-chuyen-nghiep.jpg,jpg,1,src/lib/industry-detail-data.json:1985,https://image.homenest.com.vn/wp-content/uploads/2026/04/Dich-vu-di-tru-du-lieu-ke-toan-chuyen-nghiep.jpg,public/images/dich_vu_linh_vuc/dich-vu-di-tru-du-lieu-ke-toan-chuyen-nghiep.jpg,CHO_KIEM_TRA,URL ảnh từ máy chủ bên ngoài.
ANH-0240,P1,DICH_VU_LINH_VUC,Dich-vu-Phan-mem-Quan-tri-Doanh-nghiep-main-image-HomeNestVietNam.jpg,jpg,7,src/_content/thiet-ke-app.json:390; src/_content/van-hanh-va-bao-tri.json:363; src/components/sections/technologies/TechnologiesPage.tsx:165; src/lib/dich-vu-detail-pages.ts:414|720; src/lib/dich-vu-page.ts:85; src/lib/site-data.json:1010,https://image.homenest.com.vn/wp-content/uploads/2026/04/Dich-vu-Phan-mem-Quan-tri-Doanh-nghiep-main-image-HomeNestVietNam.jpg,public/images/dich_vu_linh_vuc/dich-vu-phan-mem-quan-tri-doanh-nghiep-main-image-homenestvietnam.jpg,CHO_KIEM_TRA,URL ảnh từ máy chủ bên ngoài.
ANH-0241,P1,DICH_VU_LINH_VUC,Dich-vu-phat-trien-AI-HomeNest-Viet-Nam.jpg,jpg,4,src/_content/phat-trien-iot.json:147; src/_content/phat-trien-phan-mem-doanh-nghiep.json:407; src/lib/site-data.json:172|183,https://image.homenest.com.vn/wp-content/uploads/2026/04/Dich-vu-phat-trien-AI-HomeNest-Viet-Nam.jpg,public/images/dich_vu_linh_vuc/dich-vu-phat-trien-ai-homenest-viet-nam.jpg,CHO_KIEM_TRA,URL ảnh từ máy chủ bên ngoài.
ANH-0242,P1,DICH_VU_LINH_VUC,Dich-vu-Phat-trien-Blockchain-main-image-HomeNestVietNam.jpg,jpg,4,src/lib/dich-vu-detail-pages.ts:428|734; src/lib/dich-vu-page.ts:121; src/lib/site-data.json:1057,https://image.homenest.com.vn/wp-content/uploads/2026/04/Dich-vu-Phat-trien-Blockchain-main-image-HomeNestVietNam.jpg,public/images/dich_vu_linh_vuc/dich-vu-phat-trien-blockchain-main-image-homenestvietnam.jpg,CHO_KIEM_TRA,URL ảnh từ máy chủ bên ngoài.
ANH-0243,P1,DICH_VU_LINH_VUC,Dich-vu-phat-trien-DevOps-HomeNest-Viet-Nam.jpg,jpg,7,src/_content/phat-trien-ai.json:268; src/_content/phat-trien-iot.json:149; src/_content/phat-trien-phan-mem-doanh-nghiep.json:414; src/lib/site-data.json:139|172|183|249,https://image.homenest.com.vn/wp-content/uploads/2026/04/Dich-vu-phat-trien-DevOps-HomeNest-Viet-Nam.jpg,public/images/dich_vu_linh_vuc/dich-vu-phat-trien-devops-homenest-viet-nam.jpg,CHO_KIEM_TRA,URL ảnh từ máy chủ bên ngoài.
ANH-0244,P1,DICH_VU_LINH_VUC,Dich-vu-Phat-trien-DevOps-main-image-HomeNestVietNam.jpg,jpg,3,src/_content/van-hanh-va-bao-tri.json:370; src/lib/dich-vu-page.ts:109; src/lib/site-data.json:1043,https://image.homenest.com.vn/wp-content/uploads/2026/04/Dich-vu-Phat-trien-DevOps-main-image-HomeNestVietNam.jpg,public/images/dich_vu_linh_vuc/dich-vu-phat-trien-devops-main-image-homenestvietnam.jpg,CHO_KIEM_TRA,URL ảnh từ máy chủ bên ngoài.
ANH-0245,P1,DICH_VU_LINH_VUC,Dich-vu-phat-trien-IoT-HomeNest-Viet-Nam.jpg,jpg,2,src/_content/phat-trien-devops.json:148; src/lib/site-data.json:161,https://image.homenest.com.vn/wp-content/uploads/2026/04/Dich-vu-phat-trien-IoT-HomeNest-Viet-Nam.jpg,public/images/dich_vu_linh_vuc/dich-vu-phat-trien-iot-homenest-viet-nam.jpg,CHO_KIEM_TRA,URL ảnh từ máy chủ bên ngoài.
ANH-0246,P1,DICH_VU_LINH_VUC,Dich-vu-Phat-trien-IoT-main-image-HomeNestVietNam.jpg,jpg,4,src/lib/dich-vu-detail-pages.ts:421|727; src/lib/dich-vu-page.ts:115; src/lib/site-data.json:1050,https://image.homenest.com.vn/wp-content/uploads/2026/04/Dich-vu-Phat-trien-IoT-main-image-HomeNestVietNam.jpg,public/images/dich_vu_linh_vuc/dich-vu-phat-trien-iot-main-image-homenestvietnam.jpg,CHO_KIEM_TRA,URL ảnh từ máy chủ bên ngoài.
ANH-0247,P1,DICH_VU_LINH_VUC,Dich-vu-Phat-trien-Nen-tang-SaaS-main-image-HomeNestVietNam.jpg,jpg,2,src/lib/dich-vu-page.ts:67; src/lib/site-data.json:989,https://image.homenest.com.vn/wp-content/uploads/2026/04/Dich-vu-Phat-trien-Nen-tang-SaaS-main-image-HomeNestVietNam.jpg,public/images/dich_vu_linh_vuc/dich-vu-phat-trien-nen-tang-saas-main-image-homenestvietnam.jpg,CHO_KIEM_TRA,URL ảnh từ máy chủ bên ngoài.
ANH-0248,P1,DICH_VU_LINH_VUC,Dich-vu-phat-trien-phan-mem-ban-le.jpg,jpg,2,src/lib/industry-detail-data.json:8; src/lib/site-data.json:322,https://image.homenest.com.vn/wp-content/uploads/2026/04/Dich-vu-phat-trien-phan-mem-ban-le.jpg,public/images/dich_vu_linh_vuc/dich-vu-phat-trien-phan-mem-ban-le.jpg,CHO_KIEM_TRA,URL ảnh từ máy chủ bên ngoài.
ANH-0249,P1,DICH_VU_LINH_VUC,Dich-vu-phat-trien-phan-mem-doanh-nghiep-HomeNest-Viet-Nam.jpg,jpg,11,src/_content/phat-trien-ai.json:275; src/_content/phat-trien-blockchain.json:148; src/_content/phat-trien-devops.json:147; src/_content/phat-trien-ung-dung-saas.json:395; src/_content/thiet-ke-website.json:182; src/lib/site-data.json:139|150|161|205|216|238,https://image.homenest.com.vn/wp-content/uploads/2026/04/Dich-vu-phat-trien-phan-mem-doanh-nghiep-HomeNest-Viet-Nam.jpg,public/images/dich_vu_linh_vuc/dich-vu-phat-trien-phan-mem-doanh-nghiep-homenest-viet-nam.jpg,CHO_KIEM_TRA,URL ảnh từ máy chủ bên ngoài.
ANH-0250,P1,DICH_VU_LINH_VUC,Dich-vu-phat-trien-phan-mem-MVP-HomeNest-Viet-Nam.jpg,jpg,2,src/lib/dich-vu-page.ts:91; src/lib/site-data.json:1017,https://image.homenest.com.vn/wp-content/uploads/2026/04/Dich-vu-phat-trien-phan-mem-MVP-HomeNest-Viet-Nam.jpg,public/images/dich_vu_linh_vuc/dich-vu-phat-trien-phan-mem-mvp-homenest-viet-nam.jpg,CHO_KIEM_TRA,URL ảnh từ máy chủ bên ngoài.
ANH-0251,P1,DICH_VU_LINH_VUC,Dich-vu-Phat-trien-Tri-tue-nhan-tao-AI-main-image-HomeNestVietNam.jpg,jpg,4,src/_content/van-hanh-va-bao-tri.json:377; src/components/sections/technologies/TechnologiesPage.tsx:158; src/lib/dich-vu-page.ts:61; src/lib/site-data.json:982,https://image.homenest.com.vn/wp-content/uploads/2026/04/Dich-vu-Phat-trien-Tri-tue-nhan-tao-AI-main-image-HomeNestVietNam.jpg,public/images/dich_vu_linh_vuc/dich-vu-phat-trien-tri-tue-nhan-tao-ai-main-image-homenestvietnam.jpg,CHO_KIEM_TRA,URL ảnh từ máy chủ bên ngoài.
ANH-0252,P1,DICH_VU_LINH_VUC,Dich-vu-Phat-trien-Ung-dung-Di-dong-main-image-HomeNestVietNam.jpg,jpg,3,src/components/sections/technologies/TechnologiesPage.tsx:151; src/lib/dich-vu-page.ts:73; src/lib/site-data.json:996,https://image.homenest.com.vn/wp-content/uploads/2026/04/Dich-vu-Phat-trien-Ung-dung-Di-dong-main-image-HomeNestVietNam.jpg,public/images/dich_vu_linh_vuc/dich-vu-phat-trien-ung-dung-di-dong-main-image-homenestvietnam.jpg,CHO_KIEM_TRA,URL ảnh từ máy chủ bên ngoài.
ANH-0253,P1,DICH_VU_LINH_VUC,Dich-vu-thiet-ke-App-HomeNest-Viet-Nam.jpg,jpg,2,src/_content/thiet-ke-website.json:180; src/lib/site-data.json:238,https://image.homenest.com.vn/wp-content/uploads/2026/04/Dich-vu-thiet-ke-App-HomeNest-Viet-Nam.jpg,public/images/dich_vu_linh_vuc/dich-vu-thiet-ke-app-homenest-viet-nam.jpg,CHO_KIEM_TRA,URL ảnh từ máy chủ bên ngoài.
ANH-0254,P1,DICH_VU_LINH_VUC,Dich-vu-thiet-ke-Website-HomeNest-Viet-Nam.jpg,jpg,4,src/_content/phat-trien-blockchain.json:146; src/_content/phat-trien-ung-dung-saas.json:381; src/lib/site-data.json:150|216,https://image.homenest.com.vn/wp-content/uploads/2026/04/Dich-vu-thiet-ke-Website-HomeNest-Viet-Nam.jpg,public/images/dich_vu_linh_vuc/dich-vu-thiet-ke-website-homenest-viet-nam.jpg,CHO_KIEM_TRA,URL ảnh từ máy chủ bên ngoài.
ANH-0255,P1,DICH_VU_LINH_VUC,Dich-vu-Thiet-ke-Website-main-image-HomeNestVietNam.jpg,jpg,4,src/_content/thiet-ke-app.json:383; src/components/sections/technologies/TechnologiesPage.tsx:144; src/lib/dich-vu-page.ts:55; src/lib/site-data.json:975,https://image.homenest.com.vn/wp-content/uploads/2026/04/Dich-vu-Thiet-ke-Website-main-image-HomeNestVietNam.jpg,public/images/dich_vu_linh_vuc/dich-vu-thiet-ke-website-main-image-homenestvietnam.jpg,CHO_KIEM_TRA,URL ảnh từ máy chủ bên ngoài.
ANH-0256,P1,DICH_VU_LINH_VUC,Dich-vu-Van-hanh-Bao-tri-He-thong-main-image-HomeNestVietNam.jpg,jpg,3,src/_content/thiet-ke-app.json:397; src/lib/dich-vu-page.ts:79; src/lib/site-data.json:1003,https://image.homenest.com.vn/wp-content/uploads/2026/04/Dich-vu-Van-hanh-Bao-tri-He-thong-main-image-HomeNestVietNam.jpg,public/images/dich_vu_linh_vuc/dich-vu-van-hanh-bao-tri-he-thong-main-image-homenestvietnam.jpg,CHO_KIEM_TRA,URL ảnh từ máy chủ bên ngoài.
ANH-0257,P1,DICH_VU_LINH_VUC,Dich-vu-van-hanh-va-bao-tri-HomeNest-Viet-Nam.jpg,jpg,5,src/_content/phat-trien-devops.json:146; src/_content/phat-trien-phan-mem-doanh-nghiep.json:421; src/lib/site-data.json:161|183|205,https://image.homenest.com.vn/wp-content/uploads/2026/04/Dich-vu-van-hanh-va-bao-tri-HomeNest-Viet-Nam.jpg,public/images/dich_vu_linh_vuc/dich-vu-van-hanh-va-bao-tri-homenest-viet-nam.jpg,CHO_KIEM_TRA,URL ảnh từ máy chủ bên ngoài.
ANH-0258,P1,DICH_VU_LINH_VUC,Du-Lich-HomeNest-Viet-Nam.jpg,jpg,1,src/lib/industry-detail-data.json:1322,https://image.homenest.com.vn/wp-content/uploads/2026/04/Du-Lich-HomeNest-Viet-Nam.jpg,public/images/dich_vu_linh_vuc/du-lich-homenest-viet-nam.jpg,CHO_KIEM_TRA,URL ảnh từ máy chủ bên ngoài.
ANH-0259,P1,DICH_VU_LINH_VUC,Giai-phap-bao-mat-video-dao-tao.jpg,jpg,2,src/lib/industry-detail-data.json:1726; src/lib/site-data.json:358,https://image.homenest.com.vn/wp-content/uploads/2026/04/Giai-phap-bao-mat-video-dao-tao.jpg,public/images/dich_vu_linh_vuc/giai-phap-bao-mat-video-dao-tao.jpg,CHO_KIEM_TRA,URL ảnh từ máy chủ bên ngoài.
ANH-0260,P1,DICH_VU_LINH_VUC,Giai-phap-chuyen-doi-so-cho-nganh-dau-khi.jpg,jpg,2,src/lib/industry-detail-data.json:1062; src/lib/site-data.json:379,https://image.homenest.com.vn/wp-content/uploads/2026/04/Giai-phap-chuyen-doi-so-cho-nganh-dau-khi.jpg,public/images/dich_vu_linh_vuc/giai-phap-chuyen-doi-so-cho-nganh-dau-khi.jpg,CHO_KIEM_TRA,URL ảnh từ máy chủ bên ngoài.
ANH-0261,P1,DICH_VU_LINH_VUC,Giai-phap-chuyen-doi-so-cho-nganh-ngan-hang.jpg,jpg,2,src/lib/industry-detail-data.json:2341; src/lib/site-data.json:403,https://image.homenest.com.vn/wp-content/uploads/2026/04/Giai-phap-chuyen-doi-so-cho-nganh-ngan-hang.jpg,public/images/dich_vu_linh_vuc/giai-phap-chuyen-doi-so-cho-nganh-ngan-hang.jpg,CHO_KIEM_TRA,URL ảnh từ máy chủ bên ngoài.
ANH-0262,P1,DICH_VU_LINH_VUC,Giai-phap-chuyen-doi-so-van-tai-va-logistics.jpg,jpg,2,src/lib/industry-detail-data.json:4141; src/lib/site-data.json:346,https://image.homenest.com.vn/wp-content/uploads/2026/04/Giai-phap-chuyen-doi-so-van-tai-va-logistics.jpg,public/images/dich_vu_linh_vuc/giai-phap-chuyen-doi-so-van-tai-va-logistics.jpg,CHO_KIEM_TRA,URL ảnh từ máy chủ bên ngoài.
ANH-0263,P1,DICH_VU_LINH_VUC,Giai-phap-cong-nghe-quan-ly-HomeNest-Viet-Nam.jpg,jpg,2,src/lib/industry-detail-data.json:976; src/lib/site-data.json:274,https://image.homenest.com.vn/wp-content/uploads/2026/04/Giai-phap-cong-nghe-quan-ly-HomeNest-Viet-Nam.jpg,public/images/dich_vu_linh_vuc/giai-phap-cong-nghe-quan-ly-homenest-viet-nam.jpg,CHO_KIEM_TRA,URL ảnh từ máy chủ bên ngoài.
ANH-0264,P1,DICH_VU_LINH_VUC,Giai-phap-cong-nghe-tai-chinh-HomeNest-Viet-Nam.jpg,jpg,2,src/lib/industry-detail-data.json:814; src/lib/site-data.json:274,https://image.homenest.com.vn/wp-content/uploads/2026/04/Giai-phap-cong-nghe-tai-chinh-HomeNest-Viet-Nam.jpg,public/images/dich_vu_linh_vuc/giai-phap-cong-nghe-tai-chinh-homenest-viet-nam.jpg,CHO_KIEM_TRA,URL ảnh từ máy chủ bên ngoài.
ANH-0265,P1,DICH_VU_LINH_VUC,Giai-phap-dong-bo-chuoi-cung-ung-cua-HomeNest-Viet-Nam.jpg,jpg,2,src/lib/industry-detail-data.json:558; src/lib/site-data.json:427,https://image.homenest.com.vn/wp-content/uploads/2026/04/Giai-phap-dong-bo-chuoi-cung-ung-cua-HomeNest-Viet-Nam.jpg,public/images/dich_vu_linh_vuc/giai-phap-dong-bo-chuoi-cung-ung-cua-homenest-viet-nam.jpg,CHO_KIEM_TRA,URL ảnh từ máy chủ bên ngoài.
ANH-0266,P1,DICH_VU_LINH_VUC,Giai-phap-giam-sat-dong-tien-du-an-HomeNest-Viet-Nam.jpg,jpg,1,src/lib/industry-detail-data.json:2249,https://image.homenest.com.vn/wp-content/uploads/2026/04/Giai-phap-giam-sat-dong-tien-du-an-HomeNest-Viet-Nam.jpg,public/images/dich_vu_linh_vuc/giai-phap-giam-sat-dong-tien-du-an-homenest-viet-nam.jpg,CHO_KIEM_TRA,URL ảnh từ máy chủ bên ngoài.
ANH-0267,P1,DICH_VU_LINH_VUC,Giai-phap-he-thong-ke-toan-doanh-nghiep.jpg,jpg,2,src/lib/industry-detail-data.json:1824; src/lib/site-data.json:391,https://image.homenest.com.vn/wp-content/uploads/2026/04/Giai-phap-he-thong-ke-toan-doanh-nghiep.jpg,public/images/dich_vu_linh_vuc/giai-phap-he-thong-ke-toan-doanh-nghiep.jpg,CHO_KIEM_TRA,URL ảnh từ máy chủ bên ngoài.
ANH-0268,P1,DICH_VU_LINH_VUC,Giai-phap-lap-trinh-va-chuyen-doi-so-bat-dong-san.jpg,jpg,2,src/lib/industry-detail-data.json:281; src/lib/site-data.json:334,https://image.homenest.com.vn/wp-content/uploads/2026/04/Giai-phap-lap-trinh-va-chuyen-doi-so-bat-dong-san.jpg,public/images/dich_vu_linh_vuc/giai-phap-lap-trinh-va-chuyen-doi-so-bat-dong-san.jpg,CHO_KIEM_TRA,URL ảnh từ máy chủ bên ngoài.
ANH-0269,P1,DICH_VU_LINH_VUC,Giai-phap-phan-mem-cho-nganh-giao-duc.jpg,jpg,2,src/lib/industry-detail-data.json:1576; src/lib/site-data.json:358,https://image.homenest.com.vn/wp-content/uploads/2026/04/Giai-phap-phan-mem-cho-nganh-giao-duc.jpg,public/images/dich_vu_linh_vuc/giai-phap-phan-mem-cho-nganh-giao-duc.jpg,CHO_KIEM_TRA,URL ảnh từ máy chủ bên ngoài.
ANH-0270,P1,DICH_VU_LINH_VUC,Giai-phap-phan-mem-tien-ich-cho-doanh-nghiep.jpg,jpg,2,src/lib/industry-detail-data.json:3106; src/lib/site-data.json:439,https://image.homenest.com.vn/wp-content/uploads/2026/04/Giai-phap-phan-mem-tien-ich-cho-doanh-nghiep.jpg,public/images/dich_vu_linh_vuc/giai-phap-phan-mem-tien-ich-cho-doanh-nghiep.jpg,CHO_KIEM_TRA,URL ảnh từ máy chủ bên ngoài.
ANH-0271,P1,DICH_VU_LINH_VUC,Giai-phap-quan-ly-chuoi-cung-ung-toan-dien.jpg,jpg,1,src/lib/industry-detail-data.json:569,https://image.homenest.com.vn/wp-content/uploads/2026/04/Giai-phap-quan-ly-chuoi-cung-ung-toan-dien.jpg,public/images/dich_vu_linh_vuc/giai-phap-quan-ly-chuoi-cung-ung-toan-dien.jpg,CHO_KIEM_TRA,URL ảnh từ máy chủ bên ngoài.
ANH-0272,P1,DICH_VU_LINH_VUC,Giai-phap-quan-ly-kho-va-chuoi-cung-ung.jpg,jpg,2,src/lib/industry-detail-data.json:3014; src/lib/site-data.json:310,https://image.homenest.com.vn/wp-content/uploads/2026/04/Giai-phap-quan-ly-kho-va-chuoi-cung-ung.jpg,public/images/dich_vu_linh_vuc/giai-phap-quan-ly-kho-va-chuoi-cung-ung.jpg,CHO_KIEM_TRA,URL ảnh từ máy chủ bên ngoài.
ANH-0273,P1,DICH_VU_LINH_VUC,Giai-phap-quan-ly-ngan-quy.jpg,jpg,2,src/lib/industry-detail-data.json:3773; src/lib/site-data.json:298,https://image.homenest.com.vn/wp-content/uploads/2026/04/Giai-phap-quan-ly-ngan-quy.jpg,public/images/dich_vu_linh_vuc/giai-phap-quan-ly-ngan-quy.jpg,CHO_KIEM_TRA,URL ảnh từ máy chủ bên ngoài.
ANH-0274,P1,DICH_VU_LINH_VUC,Giai-phap-quan-ly-van-tai-va-nhien-lieu-HomeNest-Viet-Nam.jpg,jpg,1,src/lib/industry-detail-data.json:1218,https://image.homenest.com.vn/wp-content/uploads/2026/04/Giai-phap-quan-ly-van-tai-va-nhien-lieu-HomeNest-Viet-Nam.jpg,public/images/dich_vu_linh_vuc/giai-phap-quan-ly-van-tai-va-nhien-lieu-homenest-viet-nam.jpg,CHO_KIEM_TRA,URL ảnh từ máy chủ bên ngoài.
ANH-0275,P1,DICH_VU_LINH_VUC,Giai-phap-thuong-mai-dien-toan-dien.jpg,jpg,2,src/lib/industry-detail-data.json:3871; src/lib/site-data.json:262,https://image.homenest.com.vn/wp-content/uploads/2026/04/Giai-phap-thuong-mai-dien-toan-dien.jpg,public/images/dich_vu_linh_vuc/giai-phap-thuong-mai-dien-toan-dien.jpg,CHO_KIEM_TRA,URL ảnh từ máy chủ bên ngoài.
ANH-0276,P1,DICH_VU_LINH_VUC,Giai-phap-y-te-tu-xa.jpg,jpg,2,src/lib/industry-detail-data.json:4546; src/lib/site-data.json:286,https://image.homenest.com.vn/wp-content/uploads/2026/04/Giai-phap-y-te-tu-xa.jpg,public/images/dich_vu_linh_vuc/giai-phap-y-te-tu-xa.jpg,CHO_KIEM_TRA,URL ảnh từ máy chủ bên ngoài.
ANH-0277,P1,DICH_VU_LINH_VUC,Gioi-thieu-linh-vuc-nong-nghiep-HomeNest-Viet-Nam.jpg,jpg,2,src/lib/industry-detail-data.json:2588; src/lib/site-data.json:415,https://image.homenest.com.vn/wp-content/uploads/2026/04/Gioi-thieu-linh-vuc-nong-nghiep-HomeNest-Viet-Nam.jpg,public/images/dich_vu_linh_vuc/gioi-thieu-linh-vuc-nong-nghiep-homenest-viet-nam.jpg,CHO_KIEM_TRA,URL ảnh từ máy chủ bên ngoài.
ANH-0278,P1,DICH_VU_LINH_VUC,Hang-khong-va-van-tai-quy-mo-lon-HomeNest-Viet-Nam.jpg,jpg,1,src/lib/industry-detail-data.json:1478,https://image.homenest.com.vn/wp-content/uploads/2026/04/Hang-khong-va-van-tai-quy-mo-lon-HomeNest-Viet-Nam.jpg,public/images/dich_vu_linh_vuc/hang-khong-va-van-tai-quy-mo-lon-homenest-viet-nam.jpg,CHO_KIEM_TRA,URL ảnh từ máy chủ bên ngoài.
ANH-0279,P1,DICH_VU_LINH_VUC,He-thong-bao-cao-BI-cho-giao-duc.jpg,jpg,2,src/lib/industry-detail-data.json:1732; src/lib/site-data.json:358,https://image.homenest.com.vn/wp-content/uploads/2026/04/He-thong-bao-cao-BI-cho-giao-duc.jpg,public/images/dich_vu_linh_vuc/he-thong-bao-cao-bi-cho-giao-duc.jpg,CHO_KIEM_TRA,URL ảnh từ máy chủ bên ngoài.
ANH-0280,P1,DICH_VU_LINH_VUC,He-thong-CRM-ban-le.jpg,jpg,2,src/lib/industry-detail-data.json:189; src/lib/site-data.json:322,https://image.homenest.com.vn/wp-content/uploads/2026/04/He-thong-CRM-ban-le.jpg,public/images/dich_vu_linh_vuc/he-thong-crm-ban-le.jpg,CHO_KIEM_TRA,URL ảnh từ máy chủ bên ngoài.
ANH-0281,P1,DICH_VU_LINH_VUC,He-thong-dung-khan-cap-tu-dong-HomeNest-Viet-Nam.jpg,jpg,1,src/lib/industry-detail-data.json:1212,https://image.homenest.com.vn/wp-content/uploads/2026/04/He-thong-dung-khan-cap-tu-dong-HomeNest-Viet-Nam.jpg,public/images/dich_vu_linh_vuc/he-thong-dung-khan-cap-tu-dong-homenest-viet-nam.jpg,CHO_KIEM_TRA,URL ảnh từ máy chủ bên ngoài.
ANH-0282,P1,DICH_VU_LINH_VUC,He-thong-phan-tich-du-lieu-bao-hiem-y-te.jpg,jpg,2,src/lib/industry-detail-data.json:4564; src/lib/site-data.json:286,https://image.homenest.com.vn/wp-content/uploads/2026/04/He-thong-phan-tich-du-lieu-bao-hiem-y-te.jpg,public/images/dich_vu_linh_vuc/he-thong-phan-tich-du-lieu-bao-hiem-y-te.jpg,CHO_KIEM_TRA,URL ảnh từ máy chủ bên ngoài.
ANH-0283,P1,DICH_VU_LINH_VUC,He-thong-quan-ly-quy-trinh-lam-viec.jpg,jpg,2,src/lib/industry-detail-data.json:3008; src/lib/site-data.json:310,https://image.homenest.com.vn/wp-content/uploads/2026/04/He-thong-quan-ly-quy-trinh-lam-viec.jpg,public/images/dich_vu_linh_vuc/he-thong-quan-ly-quy-trinh-lam-viec.jpg,CHO_KIEM_TRA,URL ảnh từ máy chủ bên ngoài.
ANH-0284,P1,DICH_VU_LINH_VUC,He-thong-quan-ly-toa-nha-va-cu-dan.jpg,jpg,2,src/lib/industry-detail-data.json:460; src/lib/site-data.json:334,https://image.homenest.com.vn/wp-content/uploads/2026/04/He-thong-quan-ly-toa-nha-va-cu-dan.jpg,public/images/dich_vu_linh_vuc/he-thong-quan-ly-toa-nha-va-cu-dan.jpg,CHO_KIEM_TRA,URL ảnh từ máy chủ bên ngoài.
ANH-0285,P1,DICH_VU_LINH_VUC,He-thong-quan-tri-cong-trinh-HomeNest-Viet-Nam.jpg,jpg,1,src/lib/industry-detail-data.json:2225,https://image.homenest.com.vn/wp-content/uploads/2026/04/He-thong-quan-tri-cong-trinh-HomeNest-Viet-Nam.jpg,public/images/dich_vu_linh_vuc/he-thong-quan-tri-cong-trinh-homenest-viet-nam.jpg,CHO_KIEM_TRA,URL ảnh từ máy chủ bên ngoài.
ANH-0286,P1,DICH_VU_LINH_VUC,He-thong-quan-tri-rui-ro-doanh-nghiep.jpg,jpg,2,src/lib/industry-detail-data.json:3767; src/lib/site-data.json:298,https://image.homenest.com.vn/wp-content/uploads/2026/04/He-thong-quan-tri-rui-ro-doanh-nghiep.jpg,public/images/dich_vu_linh_vuc/he-thong-quan-tri-rui-ro-doanh-nghiep.jpg,CHO_KIEM_TRA,URL ảnh từ máy chủ bên ngoài.
ANH-0287,P1,DICH_VU_LINH_VUC,He-thong-theo-doi-va-giam-sat-thoi-gian-thuc.jpg,jpg,2,src/lib/industry-detail-data.json:4296; src/lib/site-data.json:346,https://image.homenest.com.vn/wp-content/uploads/2026/04/He-thong-theo-doi-va-giam-sat-thoi-gian-thuc.jpg,public/images/dich_vu_linh_vuc/he-thong-theo-doi-va-giam-sat-thoi-gian-thuc.jpg,CHO_KIEM_TRA,URL ảnh từ máy chủ bên ngoài.
ANH-0288,P1,DICH_VU_LINH_VUC,He-thong-tu-dong-hoa-ho-so-hoan-cong-HomeNest-Viet-Nam.jpg,jpg,1,src/lib/industry-detail-data.json:2255,https://image.homenest.com.vn/wp-content/uploads/2026/04/He-thong-tu-dong-hoa-ho-so-hoan-cong-HomeNest-Viet-Nam.jpg,public/images/dich_vu_linh_vuc/he-thong-tu-dong-hoa-ho-so-hoan-cong-homenest-viet-nam.jpg,CHO_KIEM_TRA,URL ảnh từ máy chủ bên ngoài.
ANH-0289,P1,DICH_VU_LINH_VUC,Hien-dai-hoa-he-thong-ngan-hang-loi.jpg,jpg,2,src/lib/industry-detail-data.json:3755; src/lib/site-data.json:298,https://image.homenest.com.vn/wp-content/uploads/2026/04/Hien-dai-hoa-he-thong-ngan-hang-loi.jpg,public/images/dich_vu_linh_vuc/hien-dai-hoa-he-thong-ngan-hang-loi.jpg,CHO_KIEM_TRA,URL ảnh từ máy chủ bên ngoài.
ANH-0290,P1,DICH_VU_LINH_VUC,Ho-tro-quan-ly-nguon-von-HomeNest-Viet-Nam.jpg,jpg,1,src/lib/industry-detail-data.json:2772,https://image.homenest.com.vn/wp-content/uploads/2026/04/Ho-tro-quan-ly-nguon-von-HomeNest-Viet-Nam.jpg,public/images/dich_vu_linh_vuc/ho-tro-quan-ly-nguon-von-homenest-viet-nam.jpg,CHO_KIEM_TRA,URL ảnh từ máy chủ bên ngoài.
ANH-0291,P1,DICH_VU_LINH_VUC,Ket-noi-he-thong-quan-tri-va-kho-van-HomeNest-Viet-Nam.jpg,jpg,2,src/lib/industry-detail-data.json:4043; src/lib/site-data.json:262,https://image.homenest.com.vn/wp-content/uploads/2026/04/Ket-noi-he-thong-quan-tri-va-kho-van-HomeNest-Viet-Nam.jpg,public/images/dich_vu_linh_vuc/ket-noi-he-thong-quan-tri-va-kho-van-homenest-viet-nam.jpg,CHO_KIEM_TRA,URL ảnh từ máy chủ bên ngoài.
ANH-0292,P1,DICH_VU_LINH_VUC,Khac-phuc-rao-can-ha-tang-giao-duc.jpg,jpg,2,src/lib/industry-detail-data.json:1588; src/lib/site-data.json:358,https://image.homenest.com.vn/wp-content/uploads/2026/04/Khac-phuc-rao-can-ha-tang-giao-duc.jpg,public/images/dich_vu_linh_vuc/khac-phuc-rao-can-ha-tang-giao-duc.jpg,CHO_KIEM_TRA,URL ảnh từ máy chủ bên ngoài.
ANH-0293,P1,DICH_VU_LINH_VUC,Khach-san-va-khu-nghi-duong-HomeNest-Viet-Nam.jpg,jpg,1,src/lib/industry-detail-data.json:1460,https://image.homenest.com.vn/wp-content/uploads/2026/04/Khach-san-va-khu-nghi-duong-HomeNest-Viet-Nam.jpg,public/images/dich_vu_linh_vuc/khach-san-va-khu-nghi-duong-homenest-viet-nam.jpg,CHO_KIEM_TRA,URL ảnh từ máy chủ bên ngoài.
ANH-0294,P1,DICH_VU_LINH_VUC,Kiem-soat-tap-trung-va-chuan-hoa-quy-trinh-giao-dich.jpg,jpg,2,src/lib/industry-detail-data.json:292; src/lib/site-data.json:334,https://image.homenest.com.vn/wp-content/uploads/2026/04/Kiem-soat-tap-trung-va-chuan-hoa-quy-trinh-giao-dich.jpg,public/images/dich_vu_linh_vuc/kiem-soat-tap-trung-va-chuan-hoa-quy-trinh-giao-dich.jpg,CHO_KIEM_TRA,URL ảnh từ máy chủ bên ngoài.
ANH-0295,P1,DICH_VU_LINH_VUC,Kiem-tra-chat-luong-va-chuoi-cung-ung-HomeNest-Viet-Nam.jpg,jpg,1,src/lib/industry-detail-data.json:2766,https://image.homenest.com.vn/wp-content/uploads/2026/04/Kiem-tra-chat-luong-va-chuoi-cung-ung-HomeNest-Viet-Nam.jpg,public/images/dich_vu_linh_vuc/kiem-tra-chat-luong-va-chuoi-cung-ung-homenest-viet-nam.jpg,CHO_KIEM_TRA,URL ảnh từ máy chủ bên ngoài.
ANH-0296,P1,DICH_VU_LINH_VUC,Kien-truc-va-xay-dung-HomeNest-Viet-Nam.jpg,jpg,1,src/lib/industry-detail-data.json:2083,https://image.homenest.com.vn/wp-content/uploads/2026/04/Kien-truc-va-xay-dung-HomeNest-Viet-Nam.jpg,public/images/dich_vu_linh_vuc/kien-truc-va-xay-dung-homenest-viet-nam.jpg,CHO_KIEM_TRA,URL ảnh từ máy chủ bên ngoài.
ANH-0297,P1,DICH_VU_LINH_VUC,Lap-trinh-cong-cu-toi-uu-hoa-hieu-suat-va-don-dep-tai-nguyen.jpg,jpg,1,src/lib/industry-detail-data.json:3261,https://image.homenest.com.vn/wp-content/uploads/2026/04/Lap-trinh-cong-cu-toi-uu-hoa-hieu-suat-va-don-dep-tai-nguyen.jpg,public/images/dich_vu_linh_vuc/lap-trinh-cong-cu-toi-uu-hoa-hieu-suat-va-don-dep-tai-nguyen.jpg,CHO_KIEM_TRA,URL ảnh từ máy chủ bên ngoài.
ANH-0298,P1,DICH_VU_LINH_VUC,Lap-trinh-cong-cu-tu-dong-hoa-cac-cong-viec-lap-lai.jpg,jpg,1,src/lib/industry-detail-data.json:3237,https://image.homenest.com.vn/wp-content/uploads/2026/04/Lap-trinh-cong-cu-tu-dong-hoa-cac-cong-viec-lap-lai.jpg,public/images/dich_vu_linh_vuc/lap-trinh-cong-cu-tu-dong-hoa-cac-cong-viec-lap-lai.jpg,CHO_KIEM_TRA,URL ảnh từ máy chủ bên ngoài.
ANH-0299,P1,DICH_VU_LINH_VUC,Lap-trinh-Dashboard-phan-tich-du-lieu-1.jpg,jpg,2,src/lib/industry-detail-data.json:448; src/lib/site-data.json:334,https://image.homenest.com.vn/wp-content/uploads/2026/04/Lap-trinh-Dashboard-phan-tich-du-lieu-1.jpg,public/images/dich_vu_linh_vuc/lap-trinh-dashboard-phan-tich-du-lieu-1.jpg,CHO_KIEM_TRA,URL ảnh từ máy chủ bên ngoài.
ANH-0300,P1,DICH_VU_LINH_VUC,Lap-trinh-Dashboard-phan-tich-du-lieu.jpg,jpg,2,src/lib/industry-detail-data.json:472; src/lib/site-data.json:334,https://image.homenest.com.vn/wp-content/uploads/2026/04/Lap-trinh-Dashboard-phan-tich-du-lieu.jpg,public/images/dich_vu_linh_vuc/lap-trinh-dashboard-phan-tich-du-lieu.jpg,CHO_KIEM_TRA,URL ảnh từ máy chủ bên ngoài.
ANH-0301,P1,DICH_VU_LINH_VUC,Lap-trinh-Dashboard-phan-tich-hieu-suat.jpg,jpg,2,src/lib/industry-detail-data.json:4302; src/lib/site-data.json:346,https://image.homenest.com.vn/wp-content/uploads/2026/04/Lap-trinh-Dashboard-phan-tich-hieu-suat.jpg,public/images/dich_vu_linh_vuc/lap-trinh-dashboard-phan-tich-hieu-suat.jpg,CHO_KIEM_TRA,URL ảnh từ máy chủ bên ngoài.
ANH-0302,P1,DICH_VU_LINH_VUC,Lap-trinh-Dashboard-tai-chinh-thong-minh.jpg,jpg,1,src/lib/industry-detail-data.json:1979,https://image.homenest.com.vn/wp-content/uploads/2026/04/Lap-trinh-Dashboard-tai-chinh-thong-minh.jpg,public/images/dich_vu_linh_vuc/lap-trinh-dashboard-tai-chinh-thong-minh.jpg,CHO_KIEM_TRA,URL ảnh từ máy chủ bên ngoài.
ANH-0303,P1,DICH_VU_LINH_VUC,Lap-trinh-he-thong-dieu-phoi-don-hang-tap-trung.jpg,jpg,1,src/lib/industry-detail-data.json:698,https://image.homenest.com.vn/wp-content/uploads/2026/04/Lap-trinh-he-thong-dieu-phoi-don-hang-tap-trung.jpg,public/images/dich_vu_linh_vuc/lap-trinh-he-thong-dieu-phoi-don-hang-tap-trung.jpg,CHO_KIEM_TRA,URL ảnh từ máy chủ bên ngoài.
ANH-0304,P1,DICH_VU_LINH_VUC,Lap-trinh-he-thong-giao-dich-thuat-toan-HomeNest-Viet-Nam.jpg,jpg,2,src/lib/industry-detail-data.json:958; src/lib/site-data.json:274,https://image.homenest.com.vn/wp-content/uploads/2026/04/Lap-trinh-he-thong-giao-dich-thuat-toan-HomeNest-Viet-Nam.jpg,public/images/dich_vu_linh_vuc/lap-trinh-he-thong-giao-dich-thuat-toan-homenest-viet-nam.jpg,CHO_KIEM_TRA,URL ảnh từ máy chủ bên ngoài.
ANH-0305,P1,DICH_VU_LINH_VUC,Lap-trinh-he-thong-LMS-tuy-chinh.jpg,jpg,2,src/lib/industry-detail-data.json:1708; src/lib/site-data.json:358,https://image.homenest.com.vn/wp-content/uploads/2026/04/Lap-trinh-he-thong-LMS-tuy-chinh.jpg,public/images/dich_vu_linh_vuc/lap-trinh-he-thong-lms-tuy-chinh.jpg,CHO_KIEM_TRA,URL ảnh từ máy chủ bên ngoài.
ANH-0306,P1,DICH_VU_LINH_VUC,Lap-trinh-he-thong-ngan-hang-loi-Core-Banking-HomeNest-Viet-Nam.jpg,jpg,1,src/lib/industry-detail-data.json:2472,https://image.homenest.com.vn/wp-content/uploads/2026/04/Lap-trinh-he-thong-ngan-hang-loi-Core-Banking-HomeNest-Viet-Nam.jpg,public/images/dich_vu_linh_vuc/lap-trinh-he-thong-ngan-hang-loi-core-banking-homenest-viet-nam.jpg,CHO_KIEM_TRA,URL ảnh từ máy chủ bên ngoài.
ANH-0307,P1,DICH_VU_LINH_VUC,Lap-trinh-he-thong-POS.jpg,jpg,2,src/lib/industry-detail-data.json:177; src/lib/site-data.json:322,https://image.homenest.com.vn/wp-content/uploads/2026/04/Lap-trinh-he-thong-POS.jpg,public/images/dich_vu_linh_vuc/lap-trinh-he-thong-pos.jpg,CHO_KIEM_TRA,URL ảnh từ máy chủ bên ngoài.
ANH-0308,P1,DICH_VU_LINH_VUC,Lap-trinh-he-thong-quan-ly-kho-WMS.jpg,jpg,2,src/lib/industry-detail-data.json:4278; src/lib/site-data.json:346,https://image.homenest.com.vn/wp-content/uploads/2026/04/Lap-trinh-he-thong-quan-ly-kho-WMS.jpg,public/images/dich_vu_linh_vuc/lap-trinh-he-thong-quan-ly-kho-wms.jpg,CHO_KIEM_TRA,URL ảnh từ máy chủ bên ngoài.
ANH-0309,P1,DICH_VU_LINH_VUC,Lap-trinh-he-thong-quan-tri-rui-ro-va-chong-gian-lan.jpg,jpg,1,src/lib/industry-detail-data.json:2496,https://image.homenest.com.vn/wp-content/uploads/2026/04/Lap-trinh-he-thong-quan-tri-rui-ro-va-chong-gian-lan.jpg,public/images/dich_vu_linh_vuc/lap-trinh-he-thong-quan-tri-rui-ro-va-chong-gian-lan.jpg,CHO_KIEM_TRA,URL ảnh từ máy chủ bên ngoài.
ANH-0310,P1,DICH_VU_LINH_VUC,Lap-trinh-loi-ke-toan-tong-hop.jpg,jpg,1,src/lib/industry-detail-data.json:1955,https://image.homenest.com.vn/wp-content/uploads/2026/04/Lap-trinh-loi-ke-toan-tong-hop.jpg,public/images/dich_vu_linh_vuc/lap-trinh-loi-ke-toan-tong-hop.jpg,CHO_KIEM_TRA,URL ảnh từ máy chủ bên ngoài.
ANH-0311,P1,DICH_VU_LINH_VUC,Lap-trinh-module-toi-uu-hoa-quan-tri-kho-hang.jpg,jpg,1,src/lib/industry-detail-data.json:716,https://image.homenest.com.vn/wp-content/uploads/2026/04/Lap-trinh-module-toi-uu-hoa-quan-tri-kho-hang.jpg,public/images/dich_vu_linh_vuc/lap-trinh-module-toi-uu-hoa-quan-tri-kho-hang.jpg,CHO_KIEM_TRA,URL ảnh từ máy chủ bên ngoài.
ANH-0312,P1,DICH_VU_LINH_VUC,Lap-trinh-thuat-toan-du-bao-va-quan-tri-rui-ro.jpg,jpg,1,src/lib/industry-detail-data.json:728,https://image.homenest.com.vn/wp-content/uploads/2026/04/Lap-trinh-thuat-toan-du-bao-va-quan-tri-rui-ro.jpg,public/images/dich_vu_linh_vuc/lap-trinh-thuat-toan-du-bao-va-quan-tri-rui-ro.jpg,CHO_KIEM_TRA,URL ảnh từ máy chủ bên ngoài.
ANH-0313,P1,DICH_VU_LINH_VUC,Linh-vuc-du-lich.jpg,jpg,2,src/lib/industry-detail-data.json:1310; src/lib/site-data.json:367,https://image.homenest.com.vn/wp-content/uploads/2026/04/Linh-vuc-du-lich.jpg,public/images/dich_vu_linh_vuc/linh-vuc-du-lich.jpg,CHO_KIEM_TRA,URL ảnh từ máy chủ bên ngoài.
ANH-0314,P1,DICH_VU_LINH_VUC,Linh-vuc-Xay-dung-HomeNest-Viet-Nam.jpg,jpg,2,src/lib/industry-detail-data.json:2071; src/lib/site-data.json:463,https://image.homenest.com.vn/wp-content/uploads/2026/04/Linh-vuc-Xay-dung-HomeNest-Viet-Nam.jpg,public/images/dich_vu_linh_vuc/linh-vuc-xay-dung-homenest-viet-nam.jpg,CHO_KIEM_TRA,URL ảnh từ máy chủ bên ngoài.
ANH-0315,P1,DICH_VU_LINH_VUC,main-background-services-page.jpg,jpg,1,src/lib/dich-vu-page.ts:42,https://image.homenest.com.vn/wp-content/uploads/2026/04/main-background-services-page.jpg,public/images/dich_vu_linh_vuc/main-background-services-page.jpg,CHO_KIEM_TRA,URL ảnh từ máy chủ bên ngoài.
ANH-0316,P1,DICH_VU_LINH_VUC,Nang-cap-va-bao-tri-ung-dung-HomeNest-Viet-Nam.jpg,jpg,1,src/lib/industry-detail-data.json:3537,https://image.homenest.com.vn/wp-content/uploads/2026/04/Nang-cap-va-bao-tri-ung-dung-HomeNest-Viet-Nam.jpg,public/images/dich_vu_linh_vuc/nang-cap-va-bao-tri-ung-dung-homenest-viet-nam.jpg,CHO_KIEM_TRA,URL ảnh từ máy chủ bên ngoài.
ANH-0317,P1,DICH_VU_LINH_VUC,Nen-tang-giam-sat-HomeNest-Viet-Nam.jpg,jpg,1,src/lib/industry-detail-data.json:1206,https://image.homenest.com.vn/wp-content/uploads/2026/04/Nen-tang-giam-sat-HomeNest-Viet-Nam.jpg,public/images/dich_vu_linh_vuc/nen-tang-giam-sat-homenest-viet-nam.jpg,CHO_KIEM_TRA,URL ảnh từ máy chủ bên ngoài.
ANH-0318,P1,DICH_VU_LINH_VUC,Nen-tang-giao-dich-tai-chinh-so.jpg,jpg,2,src/lib/industry-detail-data.json:3779; src/lib/site-data.json:298,https://image.homenest.com.vn/wp-content/uploads/2026/04/Nen-tang-giao-dich-tai-chinh-so.jpg,public/images/dich_vu_linh_vuc/nen-tang-giao-dich-tai-chinh-so.jpg,CHO_KIEM_TRA,URL ảnh từ máy chủ bên ngoài.
ANH-0319,P1,DICH_VU_LINH_VUC,Nen-tang-phan-tich-du-lieu-HomeNest-Viet-Nam.jpg,jpg,1,src/lib/industry-detail-data.json:1224,https://image.homenest.com.vn/wp-content/uploads/2026/04/Nen-tang-phan-tich-du-lieu-HomeNest-Viet-Nam.jpg,public/images/dich_vu_linh_vuc/nen-tang-phan-tich-du-lieu-homenest-viet-nam.jpg,CHO_KIEM_TRA,URL ảnh từ máy chủ bên ngoài.
ANH-0320,P1,DICH_VU_LINH_VUC,Nong-nghiep-HomeNest-Viet-Nam.jpg,jpg,1,src/lib/industry-detail-data.json:2600,https://image.homenest.com.vn/wp-content/uploads/2026/04/Nong-nghiep-HomeNest-Viet-Nam.jpg,public/images/dich_vu_linh_vuc/nong-nghiep-homenest-viet-nam.jpg,CHO_KIEM_TRA,URL ảnh từ máy chủ bên ngoài.
ANH-0321,P1,DICH_VU_LINH_VUC,Phan-mem-du-bao-bao-tri-HomeNest-Viet-Nam.jpg,jpg,1,src/lib/industry-detail-data.json:1200,https://image.homenest.com.vn/wp-content/uploads/2026/04/Phan-mem-du-bao-bao-tri-HomeNest-Viet-Nam.jpg,public/images/dich_vu_linh_vuc/phan-mem-du-bao-bao-tri-homenest-viet-nam.jpg,CHO_KIEM_TRA,URL ảnh từ máy chủ bên ngoài.
ANH-0322,P1,DICH_VU_LINH_VUC,Phan-mem-quan-tri-nhan-su-va-tien-luong-.jpg,jpg,2,src/lib/industry-detail-data.json:3002; src/lib/site-data.json:310,https://image.homenest.com.vn/wp-content/uploads/2026/04/Phan-mem-quan-tri-nhan-su-va-tien-luong-.jpg,public/images/dich_vu_linh_vuc/phan-mem-quan-tri-nhan-su-va-tien-luong.jpg,CHO_KIEM_TRA,URL ảnh từ máy chủ bên ngoài.
ANH-0323,P1,DICH_VU_LINH_VUC,Phat-trien-app-ban-hang-HomeNest-Viet-Nam.jpg,jpg,1,src/lib/industry-detail-data.json:3513,https://image.homenest.com.vn/wp-content/uploads/2026/04/Phat-trien-app-ban-hang-HomeNest-Viet-Nam.jpg,public/images/dich_vu_linh_vuc/phat-trien-app-ban-hang-homenest-viet-nam.jpg,CHO_KIEM_TRA,URL ảnh từ máy chủ bên ngoài.
ANH-0324,P1,DICH_VU_LINH_VUC,Phat-trien-he-thong-ERP-tong-the.jpg,jpg,2,src/lib/industry-detail-data.json:2990; src/lib/site-data.json:310,https://image.homenest.com.vn/wp-content/uploads/2026/04/Phat-trien-he-thong-ERP-tong-the.jpg,public/images/dich_vu_linh_vuc/phat-trien-he-thong-erp-tong-the.jpg,CHO_KIEM_TRA,URL ảnh từ máy chủ bên ngoài.
ANH-0325,P1,DICH_VU_LINH_VUC,Phat-trien-he-thong-quan-ly-tai-san-co-dinh.jpg,jpg,1,src/lib/industry-detail-data.json:1973,https://image.homenest.com.vn/wp-content/uploads/2026/04/Phat-trien-he-thong-quan-ly-tai-san-co-dinh.jpg,public/images/dich_vu_linh_vuc/phat-trien-he-thong-quan-ly-tai-san-co-dinh.jpg,CHO_KIEM_TRA,URL ảnh từ máy chủ bên ngoài.
ANH-0326,P1,DICH_VU_LINH_VUC,Phat-trien-he-thong-quan-ly-van-tai-TMS.jpg,jpg,2,src/lib/industry-detail-data.json:4272; src/lib/site-data.json:346,https://image.homenest.com.vn/wp-content/uploads/2026/04/Phat-trien-he-thong-quan-ly-van-tai-TMS.jpg,public/images/dich_vu_linh_vuc/phat-trien-he-thong-quan-ly-van-tai-tms.jpg,CHO_KIEM_TRA,URL ảnh từ máy chủ bên ngoài.
ANH-0327,P1,DICH_VU_LINH_VUC,Phat-trien-Mobile-App-giao-duc.jpg,jpg,2,src/lib/industry-detail-data.json:1738; src/lib/site-data.json:358,https://image.homenest.com.vn/wp-content/uploads/2026/04/Phat-trien-Mobile-App-giao-duc.jpg,public/images/dich_vu_linh_vuc/phat-trien-mobile-app-giao-duc.jpg,CHO_KIEM_TRA,URL ảnh từ máy chủ bên ngoài.
ANH-0328,P1,DICH_VU_LINH_VUC,Phat-trien-Mobile-App-mua-sam.jpg,jpg,2,src/lib/industry-detail-data.json:171; src/lib/site-data.json:322,https://image.homenest.com.vn/wp-content/uploads/2026/04/Phat-trien-Mobile-App-mua-sam.jpg,public/images/dich_vu_linh_vuc/phat-trien-mobile-app-mua-sam.jpg,CHO_KIEM_TRA,URL ảnh từ máy chủ bên ngoài.
ANH-0329,P1,DICH_VU_LINH_VUC,Phat-trien-nen-tang-ban-hang-tuy-chinh-HomeNest-Viet-Nam.jpg,jpg,2,src/lib/industry-detail-data.json:4025; src/lib/site-data.json:262,https://image.homenest.com.vn/wp-content/uploads/2026/04/Phat-trien-nen-tang-ban-hang-tuy-chinh-HomeNest-Viet-Nam.jpg,public/images/dich_vu_linh_vuc/phat-trien-nen-tang-ban-hang-tuy-chinh-homenest-viet-nam.jpg,CHO_KIEM_TRA,URL ảnh từ máy chủ bên ngoài.
ANH-0330,P1,DICH_VU_LINH_VUC,Phat-trien-nen-tang-cho-vay-HomeNest-Viet-Nam.jpg,jpg,2,src/lib/industry-detail-data.json:970; src/lib/site-data.json:274,https://image.homenest.com.vn/wp-content/uploads/2026/04/Phat-trien-nen-tang-cho-vay-HomeNest-Viet-Nam.jpg,public/images/dich_vu_linh_vuc/phat-trien-nen-tang-cho-vay-homenest-viet-nam.jpg,CHO_KIEM_TRA,URL ảnh từ máy chủ bên ngoài.
ANH-0331,P1,DICH_VU_LINH_VUC,Phat-trien-nen-tang-ngan-hang-so-HomeNest-Viet-Nam.jpg,jpg,2,src/lib/industry-detail-data.json:946; src/lib/site-data.json:274,https://image.homenest.com.vn/wp-content/uploads/2026/04/Phat-trien-nen-tang-ngan-hang-so-HomeNest-Viet-Nam.jpg,public/images/dich_vu_linh_vuc/phat-trien-nen-tang-ngan-hang-so-homenest-viet-nam.jpg,CHO_KIEM_TRA,URL ảnh từ máy chủ bên ngoài.
ANH-0332,P1,DICH_VU_LINH_VUC,Phat-trien-nen-tang-quan-ly-tai-san.jpg,jpg,2,src/lib/industry-detail-data.json:3761; src/lib/site-data.json:298,https://image.homenest.com.vn/wp-content/uploads/2026/04/Phat-trien-nen-tang-quan-ly-tai-san.jpg,public/images/dich_vu_linh_vuc/phat-trien-nen-tang-quan-ly-tai-san.jpg,CHO_KIEM_TRA,URL ảnh từ máy chủ bên ngoài.
ANH-0333,P1,DICH_VU_LINH_VUC,Phat-trien-phan-mem-doanh-nghiep-tuy-chinh.jpg,jpg,2,src/lib/industry-detail-data.json:2858; src/lib/site-data.json:310,https://image.homenest.com.vn/wp-content/uploads/2026/04/Phat-trien-phan-mem-doanh-nghiep-tuy-chinh.jpg,public/images/dich_vu_linh_vuc/phat-trien-phan-mem-doanh-nghiep-tuy-chinh.jpg,CHO_KIEM_TRA,URL ảnh từ máy chủ bên ngoài.
ANH-0334,P1,DICH_VU_LINH_VUC,Phat-trien-phan-mem-quan-ly-benh-vien.jpg,jpg,2,src/lib/industry-detail-data.json:4540; src/lib/site-data.json:286,https://image.homenest.com.vn/wp-content/uploads/2026/04/Phat-trien-phan-mem-quan-ly-benh-vien.jpg,public/images/dich_vu_linh_vuc/phat-trien-phan-mem-quan-ly-benh-vien.jpg,CHO_KIEM_TRA,URL ảnh từ máy chủ bên ngoài.
ANH-0335,P1,DICH_VU_LINH_VUC,Phat-trien-phan-mem-y-te-va-cham-soc-suc-khoe.jpg,jpg,2,src/lib/industry-detail-data.json:4382; src/lib/site-data.json:286,https://image.homenest.com.vn/wp-content/uploads/2026/04/Phat-trien-phan-mem-y-te-va-cham-soc-suc-khoe.jpg,public/images/dich_vu_linh_vuc/phat-trien-phan-mem-y-te-va-cham-soc-suc-khoe.jpg,CHO_KIEM_TRA,URL ảnh từ máy chủ bên ngoài.
ANH-0336,P1,DICH_VU_LINH_VUC,Phat-trien-san-giao-dich-truc-tuyen.jpg,jpg,2,src/lib/industry-detail-data.json:442; src/lib/site-data.json:334,https://image.homenest.com.vn/wp-content/uploads/2026/04/Phat-trien-san-giao-dich-truc-tuyen.jpg,public/images/dich_vu_linh_vuc/phat-trien-san-giao-dich-truc-tuyen.jpg,CHO_KIEM_TRA,URL ảnh từ máy chủ bên ngoài.
ANH-0337,P1,DICH_VU_LINH_VUC,Phat-trien-tien-ich-quan-ly-va-chuyen-doi-du-lieu.jpg,jpg,1,src/lib/industry-detail-data.json:3249,https://image.homenest.com.vn/wp-content/uploads/2026/04/Phat-trien-tien-ich-quan-ly-va-chuyen-doi-du-lieu.jpg,public/images/dich_vu_linh_vuc/phat-trien-tien-ich-quan-ly-va-chuyen-doi-du-lieu.jpg,CHO_KIEM_TRA,URL ảnh từ máy chủ bên ngoài.
ANH-0338,P1,DICH_VU_LINH_VUC,Phat-trien-ung-dung-cho-tai-xe.jpg,jpg,2,src/lib/industry-detail-data.json:4290; src/lib/site-data.json:346,https://image.homenest.com.vn/wp-content/uploads/2026/04/Phat-trien-ung-dung-cho-tai-xe.jpg,public/images/dich_vu_linh_vuc/phat-trien-ung-dung-cho-tai-xe.jpg,CHO_KIEM_TRA,URL ảnh từ máy chủ bên ngoài.
ANH-0339,P1,DICH_VU_LINH_VUC,Phat-trien-ung-dung-Mobile-Banking-chuyen-sau.jpg,jpg,1,src/lib/industry-detail-data.json:2484,https://image.homenest.com.vn/wp-content/uploads/2026/04/Phat-trien-ung-dung-Mobile-Banking-chuyen-sau.jpg,public/images/dich_vu_linh_vuc/phat-trien-ung-dung-mobile-banking-chuyen-sau.jpg,CHO_KIEM_TRA,URL ảnh từ máy chủ bên ngoài.
ANH-0340,P1,DICH_VU_LINH_VUC,Phat-trien-Virtual-Classroom.jpg,jpg,2,src/lib/industry-detail-data.json:1714; src/lib/site-data.json:358,https://image.homenest.com.vn/wp-content/uploads/2026/04/Phat-trien-Virtual-Classroom.jpg,public/images/dich_vu_linh_vuc/phat-trien-virtual-classroom.jpg,CHO_KIEM_TRA,URL ảnh từ máy chủ bên ngoài.
ANH-0341,P1,DICH_VU_LINH_VUC,Quan-ly-ban-ve-va-du-lieu-ky-thuat-HomeNest-Viet-Nam.jpg,jpg,1,src/lib/industry-detail-data.json:2243,https://image.homenest.com.vn/wp-content/uploads/2026/04/Quan-ly-ban-ve-va-du-lieu-ky-thuat-HomeNest-Viet-Nam.jpg,public/images/dich_vu_linh_vuc/quan-ly-ban-ve-va-du-lieu-ky-thuat-homenest-viet-nam.jpg,CHO_KIEM_TRA,URL ảnh từ máy chủ bên ngoài.
ANH-0342,P1,DICH_VU_LINH_VUC,Quan-tri-du-lich-cho-doanh-nghiep-HomeNest-Viet-Nam.jpg,jpg,1,src/lib/industry-detail-data.json:1490,https://image.homenest.com.vn/wp-content/uploads/2026/04/Quan-tri-du-lich-cho-doanh-nghiep-HomeNest-Viet-Nam.jpg,public/images/dich_vu_linh_vuc/quan-tri-du-lich-cho-doanh-nghiep-homenest-viet-nam.jpg,CHO_KIEM_TRA,URL ảnh từ máy chủ bên ngoài.
ANH-0343,P1,DICH_VU_LINH_VUC,Tai-chinh-doanh-nghiep.jpg,jpg,2,src/lib/industry-detail-data.json:3623; src/lib/site-data.json:298,https://image.homenest.com.vn/wp-content/uploads/2026/04/Tai-chinh-doanh-nghiep.jpg,public/images/dich_vu_linh_vuc/tai-chinh-doanh-nghiep.jpg,CHO_KIEM_TRA,URL ảnh từ máy chủ bên ngoài.
ANH-0344,P1,DICH_VU_LINH_VUC,Thach-thuc-cua-linh-vuc-cong-nghe-tai-chinh.jpg,jpg,2,src/lib/industry-detail-data.json:826; src/lib/site-data.json:274,https://image.homenest.com.vn/wp-content/uploads/2026/04/Thach-thuc-cua-linh-vuc-cong-nghe-tai-chinh.jpg,public/images/dich_vu_linh_vuc/thach-thuc-cua-linh-vuc-cong-nghe-tai-chinh.jpg,CHO_KIEM_TRA,URL ảnh từ máy chủ bên ngoài.
ANH-0345,P1,DICH_VU_LINH_VUC,Thach-thuc-va-giai-phap-ky-thuat-tu-HomeNest-Viet-Nam.jpg,jpg,2,src/lib/industry-detail-data.json:19; src/lib/site-data.json:322,https://image.homenest.com.vn/wp-content/uploads/2026/04/Thach-thuc-va-giai-phap-ky-thuat-tu-HomeNest-Viet-Nam.jpg,public/images/dich_vu_linh_vuc/thach-thuc-va-giai-phap-ky-thuat-tu-homenest-viet-nam.jpg,CHO_KIEM_TRA,URL ảnh từ máy chủ bên ngoài.
ANH-0346,P1,DICH_VU_LINH_VUC,Thiet-ke-giao-dien-chuan-UXUI-HomeNest-Viet-Nam.jpg,jpg,1,src/lib/industry-detail-data.json:3525,https://image.homenest.com.vn/wp-content/uploads/2026/04/Thiet-ke-giao-dien-chuan-UXUI-HomeNest-Viet-Nam.jpg,public/images/dich_vu_linh_vuc/thiet-ke-giao-dien-chuan-uxui-homenest-viet-nam.jpg,CHO_KIEM_TRA,URL ảnh từ máy chủ bên ngoài.
ANH-0347,P1,DICH_VU_LINH_VUC,Thiet-ke-ung-dung-cho-doanh-nghiep-HomeNest-Viet-Nam.jpg,jpg,1,src/lib/industry-detail-data.json:3507,https://image.homenest.com.vn/wp-content/uploads/2026/04/Thiet-ke-ung-dung-cho-doanh-nghiep-HomeNest-Viet-Nam.jpg,public/images/dich_vu_linh_vuc/thiet-ke-ung-dung-cho-doanh-nghiep-homenest-viet-nam.jpg,CHO_KIEM_TRA,URL ảnh từ máy chủ bên ngoài.
ANH-0348,P1,DICH_VU_LINH_VUC,Thiet-ke-ung-dung-theo-yeu-cau-HomeNest-Viet-Nam.jpg,jpg,1,src/lib/industry-detail-data.json:3519,https://image.homenest.com.vn/wp-content/uploads/2026/04/Thiet-ke-ung-dung-theo-yeu-cau-HomeNest-Viet-Nam.jpg,public/images/dich_vu_linh_vuc/thiet-ke-ung-dung-theo-yeu-cau-homenest-viet-nam.jpg,CHO_KIEM_TRA,URL ảnh từ máy chủ bên ngoài.
ANH-0349,P1,DICH_VU_LINH_VUC,Thiet-ke-va-phat-trien-ung-dung-di-dong-theo-yeu-cau.jpg,jpg,2,src/lib/industry-detail-data.json:3353; src/lib/site-data.json:451,https://image.homenest.com.vn/wp-content/uploads/2026/04/Thiet-ke-va-phat-trien-ung-dung-di-dong-theo-yeu-cau.jpg,public/images/dich_vu_linh_vuc/thiet-ke-va-phat-trien-ung-dung-di-dong-theo-yeu-cau.jpg,CHO_KIEM_TRA,URL ảnh từ máy chủ bên ngoài.
ANH-0350,P1,DICH_VU_LINH_VUC,Thiet-ke-website-E-commerce-HomeNest-Viet-Nam.jpg,jpg,2,src/lib/industry-detail-data.json:165; src/lib/site-data.json:322,https://image.homenest.com.vn/wp-content/uploads/2026/04/Thiet-ke-website-E-commerce-HomeNest-Viet-Nam.jpg,public/images/dich_vu_linh_vuc/thiet-ke-website-e-commerce-homenest-viet-nam.jpg,CHO_KIEM_TRA,URL ảnh từ máy chủ bên ngoài.
ANH-0351,P1,DICH_VU_LINH_VUC,Thiet-lap-cong-thanh-toan-va-trung-gian-thanh-toan.jpg,jpg,1,src/lib/industry-detail-data.json:2490,https://image.homenest.com.vn/wp-content/uploads/2026/04/Thiet-lap-cong-thanh-toan-va-trung-gian-thanh-toan.jpg,public/images/dich_vu_linh_vuc/thiet-lap-cong-thanh-toan-va-trung-gian-thanh-toan.jpg,CHO_KIEM_TRA,URL ảnh từ máy chủ bên ngoài.
ANH-0352,P1,DICH_VU_LINH_VUC,Thiet-lap-giai-phap-bao-mat-va-kiem-soat-truy-cap-bo-tro.jpg,jpg,1,src/lib/industry-detail-data.json:3255,https://image.homenest.com.vn/wp-content/uploads/2026/04/Thiet-lap-giai-phap-bao-mat-va-kiem-soat-truy-cap-bo-tro.jpg,public/images/dich_vu_linh_vuc/thiet-lap-giai-phap-bao-mat-va-kiem-soat-truy-cap-bo-tro.jpg,CHO_KIEM_TRA,URL ảnh từ máy chủ bên ngoài.
ANH-0353,P1,DICH_VU_LINH_VUC,Thiet-lap-he-thong-giam-sat-va-theo-doi-hanh-trinh.jpg,jpg,1,src/lib/industry-detail-data.json:710,https://image.homenest.com.vn/wp-content/uploads/2026/04/Thiet-lap-he-thong-giam-sat-va-theo-doi-hanh-trinh.jpg,public/images/dich_vu_linh_vuc/thiet-lap-he-thong-giam-sat-va-theo-doi-hanh-trinh.jpg,CHO_KIEM_TRA,URL ảnh từ máy chủ bên ngoài.
ANH-0354,P1,DICH_VU_LINH_VUC,Thiet-lap-mang-luoi-SCADA-va-IoT-HomeNest-Viet-Nam.jpg,jpg,1,src/lib/industry-detail-data.json:1194,https://image.homenest.com.vn/wp-content/uploads/2026/04/Thiet-lap-mang-luoi-SCADA-va-IoT-HomeNest-Viet-Nam.jpg,public/images/dich_vu_linh_vuc/thiet-lap-mang-luoi-scada-va-iot-homenest-viet-nam.jpg,CHO_KIEM_TRA,URL ảnh từ máy chủ bên ngoài.
ANH-0355,P1,DICH_VU_LINH_VUC,Thuc-trang-cua-san-thuong-mai-dien-tu.jpg,jpg,2,src/lib/industry-detail-data.json:3883; src/lib/site-data.json:262,https://image.homenest.com.vn/wp-content/uploads/2026/04/Thuc-trang-cua-san-thuong-mai-dien-tu.jpg,public/images/dich_vu_linh_vuc/thuc-trang-cua-san-thuong-mai-dien-tu.jpg,CHO_KIEM_TRA,URL ảnh từ máy chủ bên ngoài.
ANH-0356,P1,DICH_VU_LINH_VUC,Tich-hop-AI-trong-phan-tich-du-lieu-y-khoa.jpg,jpg,2,src/lib/industry-detail-data.json:4552; src/lib/site-data.json:286,https://image.homenest.com.vn/wp-content/uploads/2026/04/Tich-hop-AI-trong-phan-tich-du-lieu-y-khoa.jpg,public/images/dich_vu_linh_vuc/tich-hop-ai-trong-phan-tich-du-lieu-y-khoa.jpg,CHO_KIEM_TRA,URL ảnh từ máy chủ bên ngoài.
ANH-0357,P1,DICH_VU_LINH_VUC,Tich-hop-cong-thanh-toan-va-bao-mat-giao-dich-HomeNest-Viet-Nam.jpg,jpg,2,src/lib/industry-detail-data.json:4049; src/lib/site-data.json:262,https://image.homenest.com.vn/wp-content/uploads/2026/04/Tich-hop-cong-thanh-toan-va-bao-mat-giao-dich-HomeNest-Viet-Nam.jpg,public/images/dich_vu_linh_vuc/tich-hop-cong-thanh-toan-va-bao-mat-giao-dich-homenest-viet-nam.jpg,CHO_KIEM_TRA,URL ảnh từ máy chủ bên ngoài.
ANH-0358,P1,DICH_VU_LINH_VUC,Tich-hop-giai-phap-3D-VR-Tour.jpg,jpg,2,src/lib/industry-detail-data.json:466; src/lib/site-data.json:334,https://image.homenest.com.vn/wp-content/uploads/2026/04/Tich-hop-giai-phap-3D-VR-Tour.jpg,public/images/dich_vu_linh_vuc/tich-hop-giai-phap-3d-vr-tour.jpg,CHO_KIEM_TRA,URL ảnh từ máy chủ bên ngoài.
ANH-0359,P1,DICH_VU_LINH_VUC,Tich-hop-giai-phap-blockchain-HomeNest-Viet-Nam.jpg,jpg,2,src/lib/industry-detail-data.json:964; src/lib/site-data.json:274,https://image.homenest.com.vn/wp-content/uploads/2026/04/Tich-hop-giai-phap-blockchain-HomeNest-Viet-Nam.jpg,public/images/dich_vu_linh_vuc/tich-hop-giai-phap-blockchain-homenest-viet-nam.jpg,CHO_KIEM_TRA,URL ảnh từ máy chủ bên ngoài.
ANH-0360,P1,DICH_VU_LINH_VUC,Tich-hop-he-thong-bao-cao-thong-minh.jpg,jpg,2,src/lib/industry-detail-data.json:3020; src/lib/site-data.json:310,https://image.homenest.com.vn/wp-content/uploads/2026/04/Tich-hop-he-thong-bao-cao-thong-minh.jpg,public/images/dich_vu_linh_vuc/tich-hop-he-thong-bao-cao-thong-minh.jpg,CHO_KIEM_TRA,URL ảnh từ máy chủ bên ngoài.
ANH-0361,P1,DICH_VU_LINH_VUC,Tich-hop-hoa-don-dien-tu-truc-tiep.jpg,jpg,1,src/lib/industry-detail-data.json:1961,https://image.homenest.com.vn/wp-content/uploads/2026/04/Tich-hop-hoa-don-dien-tu-truc-tiep.jpg,public/images/dich_vu_linh_vuc/tich-hop-hoa-don-dien-tu-truc-tiep.jpg,CHO_KIEM_TRA,URL ảnh từ máy chủ bên ngoài.
ANH-0362,P1,DICH_VU_LINH_VUC,Tich-hop-thiet-bi-deo-va-IoT-y-te.jpg,jpg,2,src/lib/industry-detail-data.json:4570; src/lib/site-data.json:286,https://image.homenest.com.vn/wp-content/uploads/2026/04/Tich-hop-thiet-bi-deo-va-IoT-y-te.jpg,public/images/dich_vu_linh_vuc/tich-hop-thiet-bi-deo-va-iot-y-te.jpg,CHO_KIEM_TRA,URL ảnh từ máy chủ bên ngoài.
ANH-0363,P1,DICH_VU_LINH_VUC,Tinh-hinh-chung-ve-linh-vuc-y-te.jpg,jpg,2,src/lib/industry-detail-data.json:4394; src/lib/site-data.json:286,https://image.homenest.com.vn/wp-content/uploads/2026/04/Tinh-hinh-chung-ve-linh-vuc-y-te.jpg,public/images/dich_vu_linh_vuc/tinh-hinh-chung-ve-linh-vuc-y-te.jpg,CHO_KIEM_TRA,URL ảnh từ máy chủ bên ngoài.
ANH-0364,P1,DICH_VU_LINH_VUC,Toi-uu-hieu-suat-voi-phan-mem-tien-ich-HomeNest-Viet-Nam.jpg,jpg,1,src/lib/industry-detail-data.json:3117,https://image.homenest.com.vn/wp-content/uploads/2026/04/Toi-uu-hieu-suat-voi-phan-mem-tien-ich-HomeNest-Viet-Nam.jpg,public/images/dich_vu_linh_vuc/toi-uu-hieu-suat-voi-phan-mem-tien-ich-homenest-viet-nam.jpg,CHO_KIEM_TRA,URL ảnh từ máy chủ bên ngoài.
ANH-0365,P1,DICH_VU_LINH_VUC,Toi-uu-hoa-chuoi-cung-ung-va-so-hoa-quy-trinh-van-tai.jpg,jpg,2,src/lib/industry-detail-data.json:4152; src/lib/site-data.json:346,https://image.homenest.com.vn/wp-content/uploads/2026/04/Toi-uu-hoa-chuoi-cung-ung-va-so-hoa-quy-trinh-van-tai.jpg,public/images/dich_vu_linh_vuc/toi-uu-hoa-chuoi-cung-ung-va-so-hoa-quy-trinh-van-tai.jpg,CHO_KIEM_TRA,URL ảnh từ máy chủ bên ngoài.
ANH-0366,P1,DICH_VU_LINH_VUC,Toi-uu-hoa-hieu-suat-van-hanh-bang-he-thong-ERP-va-CRM.jpg,jpg,2,src/lib/industry-detail-data.json:2870; src/lib/site-data.json:310,https://image.homenest.com.vn/wp-content/uploads/2026/04/Toi-uu-hoa-hieu-suat-van-hanh-bang-he-thong-ERP-va-CRM.jpg,public/images/dich_vu_linh_vuc/toi-uu-hoa-hieu-suat-van-hanh-bang-he-thong-erp-va-crm.jpg,CHO_KIEM_TRA,URL ảnh từ máy chủ bên ngoài.
ANH-0367,P1,DICH_VU_LINH_VUC,Toi-uu-hoa-tinh-an-toan-trong-giao-dich-1.jpg,jpg,1,src/lib/industry-detail-data.json:2502,https://image.homenest.com.vn/wp-content/uploads/2026/04/Toi-uu-hoa-tinh-an-toan-trong-giao-dich-1.jpg,public/images/dich_vu_linh_vuc/toi-uu-hoa-tinh-an-toan-trong-giao-dich-1.jpg,CHO_KIEM_TRA,URL ảnh từ máy chủ bên ngoài.
ANH-0368,P1,DICH_VU_LINH_VUC,Toi-uu-hoa-tinh-an-toan-trong-giao-dich.jpg,jpg,1,src/lib/industry-detail-data.json:2352,https://image.homenest.com.vn/wp-content/uploads/2026/04/Toi-uu-hoa-tinh-an-toan-trong-giao-dich.jpg,public/images/dich_vu_linh_vuc/toi-uu-hoa-tinh-an-toan-trong-giao-dich.jpg,CHO_KIEM_TRA,URL ảnh từ máy chủ bên ngoài.
ANH-0369,P1,DICH_VU_LINH_VUC,Toi-uu-van-hanh-bang-du-lieu-thuc-te-cho-nganh-dau-khi.jpg,jpg,1,src/lib/industry-detail-data.json:1074,https://image.homenest.com.vn/wp-content/uploads/2026/04/Toi-uu-van-hanh-bang-du-lieu-thuc-te-cho-nganh-dau-khi.jpg,public/images/dich_vu_linh_vuc/toi-uu-van-hanh-bang-du-lieu-thuc-te-cho-nganh-dau-khi.jpg,CHO_KIEM_TRA,URL ảnh từ máy chủ bên ngoài.
ANH-0370,P1,DICH_VU_LINH_VUC,Trien-khai-giai-phap-Headless-Commerce-HomeNest-Viet-Nam.jpg,jpg,2,src/lib/industry-detail-data.json:4037; src/lib/site-data.json:262,https://image.homenest.com.vn/wp-content/uploads/2026/04/Trien-khai-giai-phap-Headless-Commerce-HomeNest-Viet-Nam.jpg,public/images/dich_vu_linh_vuc/trien-khai-giai-phap-headless-commerce-homenest-viet-nam.jpg,CHO_KIEM_TRA,URL ảnh từ máy chủ bên ngoài.
ANH-0371,P1,DICH_VU_LINH_VUC,Trong-trot-va-canh-tac-chinh-xac.jpg,jpg,1,src/lib/industry-detail-data.json:2742,https://image.homenest.com.vn/wp-content/uploads/2026/04/Trong-trot-va-canh-tac-chinh-xac.jpg,public/images/dich_vu_linh_vuc/trong-trot-va-canh-tac-chinh-xac.jpg,CHO_KIEM_TRA,URL ảnh từ máy chủ bên ngoài.
ANH-0372,P1,DICH_VU_LINH_VUC,Tu-dong-hoa-nghiep-vu-tai-chinh.jpg,jpg,1,src/lib/industry-detail-data.json:1835,https://image.homenest.com.vn/wp-content/uploads/2026/04/Tu-dong-hoa-nghiep-vu-tai-chinh.jpg,public/images/dich_vu_linh_vuc/tu-dong-hoa-nghiep-vu-tai-chinh.jpg,CHO_KIEM_TRA,URL ảnh từ máy chủ bên ngoài.
ANH-0373,P1,DICH_VU_LINH_VUC,Ung-dung-AI-trong-ban-le.jpg,jpg,2,src/lib/industry-detail-data.json:195; src/lib/site-data.json:322,https://image.homenest.com.vn/wp-content/uploads/2026/04/Ung-dung-AI-trong-ban-le.jpg,public/images/dich_vu_linh_vuc/ung-dung-ai-trong-ban-le.jpg,CHO_KIEM_TRA,URL ảnh từ máy chủ bên ngoài.
ANH-0374,P1,DICH_VU_LINH_VUC,Ung-dung-cham-soc-suc-khoe-ca-nhan.jpg,jpg,2,src/lib/industry-detail-data.json:4558; src/lib/site-data.json:286,https://image.homenest.com.vn/wp-content/uploads/2026/04/Ung-dung-cham-soc-suc-khoe-ca-nhan.jpg,public/images/dich_vu_linh_vuc/ung-dung-cham-soc-suc-khoe-ca-nhan.jpg,CHO_KIEM_TRA,URL ảnh từ máy chủ bên ngoài.
ANH-0375,P1,DICH_VU_LINH_VUC,Ung-dung-cho-ky-su-HomeNest-Viet-Nam.jpg,jpg,1,src/lib/industry-detail-data.json:2231,https://image.homenest.com.vn/wp-content/uploads/2026/04/Ung-dung-cho-ky-su-HomeNest-Viet-Nam.jpg,public/images/dich_vu_linh_vuc/ung-dung-cho-ky-su-homenest-viet-nam.jpg,CHO_KIEM_TRA,URL ảnh từ máy chủ bên ngoài.
ANH-0376,P1,DICH_VU_LINH_VUC,Ung-dung-tuy-chinh-HomeNest-Viet-Nam.jpg,jpg,1,src/lib/industry-detail-data.json:3365,https://image.homenest.com.vn/wp-content/uploads/2026/04/Ung-dung-tuy-chinh-HomeNest-Viet-Nam.jpg,public/images/dich_vu_linh_vuc/ung-dung-tuy-chinh-homenest-viet-nam.jpg,CHO_KIEM_TRA,URL ảnh từ máy chủ bên ngoài.
ANH-0377,P1,DICH_VU_LINH_VUC,Xay-dung-cac-cong-trung-gian-ket-noi-phan-mem.jpg,jpg,1,src/lib/industry-detail-data.json:3267,https://image.homenest.com.vn/wp-content/uploads/2026/04/Xay-dung-cac-cong-trung-gian-ket-noi-phan-mem.jpg,public/images/dich_vu_linh_vuc/xay-dung-cac-cong-trung-gian-ket-noi-phan-mem.jpg,CHO_KIEM_TRA,URL ảnh từ máy chủ bên ngoài.
ANH-0378,P1,DICH_VU_LINH_VUC,Xay-dung-cong-thong-tin-tuong-tac-voi-nha-cung-cap.jpg,jpg,1,src/lib/industry-detail-data.json:704,https://image.homenest.com.vn/wp-content/uploads/2026/04/Xay-dung-cong-thong-tin-tuong-tac-voi-nha-cung-cap.jpg,public/images/dich_vu_linh_vuc/xay-dung-cong-thong-tin-tuong-tac-voi-nha-cung-cap.jpg,CHO_KIEM_TRA,URL ảnh từ máy chủ bên ngoài.
ANH-0379,P1,DICH_VU_LINH_VUC,Xay-dung-Dashboard-phan-tich-hieu-suat-cung-ung.jpg,jpg,1,src/lib/industry-detail-data.json:722,https://image.homenest.com.vn/wp-content/uploads/2026/04/Xay-dung-Dashboard-phan-tich-hieu-suat-cung-ung.jpg,public/images/dich_vu_linh_vuc/xay-dung-dashboard-phan-tich-hieu-suat-cung-ung.jpg,CHO_KIEM_TRA,URL ảnh từ máy chủ bên ngoài.
ANH-0380,P1,DICH_VU_LINH_VUC,Xay-dung-Engine-quan-ly-gio-hang.jpg,jpg,2,src/lib/industry-detail-data.json:454; src/lib/site-data.json:334,https://image.homenest.com.vn/wp-content/uploads/2026/04/Xay-dung-Engine-quan-ly-gio-hang.jpg,public/images/dich_vu_linh_vuc/xay-dung-engine-quan-ly-gio-hang.jpg,CHO_KIEM_TRA,URL ảnh từ máy chủ bên ngoài.
ANH-0381,P1,DICH_VU_LINH_VUC,Xay-dung-giai-phap-dinh-danh-dien-tu-eKYC.jpg,jpg,1,src/lib/industry-detail-data.json:2478,https://image.homenest.com.vn/wp-content/uploads/2026/04/Xay-dung-giai-phap-dinh-danh-dien-tu-eKYC.jpg,public/images/dich_vu_linh_vuc/xay-dung-giai-phap-dinh-danh-dien-tu-ekyc.jpg,CHO_KIEM_TRA,URL ảnh từ máy chủ bên ngoài.
ANH-0382,P1,DICH_VU_LINH_VUC,Xay-dung-giai-phap-toi-uu-hoa-lo-trinh.jpg,jpg,2,src/lib/industry-detail-data.json:4284; src/lib/site-data.json:346,https://image.homenest.com.vn/wp-content/uploads/2026/04/Xay-dung-giai-phap-toi-uu-hoa-lo-trinh.jpg,public/images/dich_vu_linh_vuc/xay-dung-giai-phap-toi-uu-hoa-lo-trinh.jpg,CHO_KIEM_TRA,URL ảnh từ máy chủ bên ngoài.
ANH-0383,P1,DICH_VU_LINH_VUC,Xay-dung-he-thong-Backend-HomeNest-Viet-Nam.jpg,jpg,1,src/lib/industry-detail-data.json:3531,https://image.homenest.com.vn/wp-content/uploads/2026/04/Xay-dung-he-thong-Backend-HomeNest-Viet-Nam.jpg,public/images/dich_vu_linh_vuc/xay-dung-he-thong-backend-homenest-viet-nam.jpg,CHO_KIEM_TRA,URL ảnh từ máy chủ bên ngoài.
ANH-0384,P1,DICH_VU_LINH_VUC,Xay-dung-he-thong-bao-cao-tu-dong.jpg,jpg,2,src/lib/industry-detail-data.json:3785; src/lib/site-data.json:298,https://image.homenest.com.vn/wp-content/uploads/2026/04/Xay-dung-he-thong-bao-cao-tu-dong.jpg,public/images/dich_vu_linh_vuc/xay-dung-he-thong-bao-cao-tu-dong.jpg,CHO_KIEM_TRA,URL ảnh từ máy chủ bên ngoài.
ANH-0385,P1,DICH_VU_LINH_VUC,Xay-dung-he-thong-giam-sat-suc-khoe-may-chu-24-7.jpg,jpg,1,src/lib/industry-detail-data.json:3243,https://image.homenest.com.vn/wp-content/uploads/2026/04/Xay-dung-he-thong-giam-sat-suc-khoe-may-chu-24-7.jpg,public/images/dich_vu_linh_vuc/xay-dung-he-thong-giam-sat-suc-khoe-may-chu-24-7.jpg,CHO_KIEM_TRA,URL ảnh từ máy chủ bên ngoài.
ANH-0386,P1,DICH_VU_LINH_VUC,Xay-dung-he-thong-thi-truc-tuyen.jpg,jpg,2,src/lib/industry-detail-data.json:1720; src/lib/site-data.json:358,https://image.homenest.com.vn/wp-content/uploads/2026/04/Xay-dung-he-thong-thi-truc-tuyen.jpg,public/images/dich_vu_linh_vuc/xay-dung-he-thong-thi-truc-tuyen.jpg,CHO_KIEM_TRA,URL ảnh từ máy chủ bên ngoài.
ANH-0387,P1,DICH_VU_LINH_VUC,Xay-dung-module-quan-ly-luong-va-thue.jpg,jpg,1,src/lib/industry-detail-data.json:1967,https://image.homenest.com.vn/wp-content/uploads/2026/04/Xay-dung-module-quan-ly-luong-va-thue.jpg,public/images/dich_vu_linh_vuc/xay-dung-module-quan-ly-luong-va-thue.jpg,CHO_KIEM_TRA,URL ảnh từ máy chủ bên ngoài.
ANH-0388,P1,DICH_VU_LINH_VUC,Xay-dung-nen-tang-CRM-chuyen-sau.jpg,jpg,2,src/lib/industry-detail-data.json:2996; src/lib/site-data.json:310,https://image.homenest.com.vn/wp-content/uploads/2026/04/Xay-dung-nen-tang-CRM-chuyen-sau.jpg,public/images/dich_vu_linh_vuc/xay-dung-nen-tang-crm-chuyen-sau.jpg,CHO_KIEM_TRA,URL ảnh từ máy chủ bên ngoài.
ANH-0389,P1,DICH_VU_LINH_VUC,Xay-dung-phan-mem-quan-ly-kho.jpg,jpg,2,src/lib/industry-detail-data.json:183; src/lib/site-data.json:322,https://image.homenest.com.vn/wp-content/uploads/2026/04/Xay-dung-phan-mem-quan-ly-kho.jpg,public/images/dich_vu_linh_vuc/xay-dung-phan-mem-quan-ly-kho.jpg,CHO_KIEM_TRA,URL ảnh từ máy chủ bên ngoài.
ANH-0390,P1,DICH_VU_LINH_VUC,Xay-dung-san-thuong-mai-da-nguoi-ban-HomeNest-Viet-Nam.jpg,jpg,2,src/lib/industry-detail-data.json:4031; src/lib/site-data.json:262,https://image.homenest.com.vn/wp-content/uploads/2026/04/Xay-dung-san-thuong-mai-da-nguoi-ban-HomeNest-Viet-Nam.jpg,public/images/dich_vu_linh_vuc/xay-dung-san-thuong-mai-da-nguoi-ban-homenest-viet-nam.jpg,CHO_KIEM_TRA,URL ảnh từ máy chủ bên ngoài.
ANH-0391,P1,DICH_VU_LINH_VUC,Xay-dung-vi-dien-tu-va-cong-thanh-toan-HomeNest-Viet-Nam.jpg,jpg,2,src/lib/industry-detail-data.json:952; src/lib/site-data.json:274,https://image.homenest.com.vn/wp-content/uploads/2026/04/Xay-dung-vi-dien-tu-va-cong-thanh-toan-HomeNest-Viet-Nam.jpg,public/images/dich_vu_linh_vuc/xay-dung-vi-dien-tu-va-cong-thanh-toan-homenest-viet-nam.jpg,CHO_KIEM_TRA,URL ảnh từ máy chủ bên ngoài.
ANH-0392,P1,DICH_VU_LINH_VUC,Dich-Vu-Bao-mat-chu-dong-HomeNest-Viet-Nam.jpg,jpg,1,src/_content/thiet-ke-app.json:51,https://image.homenest.com.vn/wp-content/uploads/2026/05/Dich-Vu-Bao-mat-chu-dong-HomeNest-Viet-Nam.jpg,public/images/dich_vu_linh_vuc/dich-vu-bao-mat-chu-dong-homenest-viet-nam.jpg,CHO_KIEM_TRA,URL ảnh từ máy chủ bên ngoài.
ANH-0393,P1,DICH_VU_LINH_VUC,Dich-Vu-Du-bao-xu-huong-HomeNest-Viet-Nam.jpg,jpg,1,src/_content/thiet-ke-app.json:46,https://image.homenest.com.vn/wp-content/uploads/2026/05/Dich-Vu-Du-bao-xu-huong-HomeNest-Viet-Nam.jpg,public/images/dich_vu_linh_vuc/dich-vu-du-bao-xu-huong-homenest-viet-nam.jpg,CHO_KIEM_TRA,URL ảnh từ máy chủ bên ngoài.
ANH-0394,P1,DICH_VU_LINH_VUC,Dich-vu-IT-main-image-HomeNestVietNam.jpg,jpg,4,src/app/dich-vu/[slug]/page.tsx:37|39; src/lib/dich-vu-page.ts:97; src/lib/site-data.json:1024,https://image.homenest.com.vn/wp-content/uploads/2026/05/Dich-vu-IT-main-image-HomeNestVietNam.jpg,public/images/dich_vu_linh_vuc/dich-vu-it-main-image-homenestvietnam.jpg,CHO_KIEM_TRA,URL ảnh từ máy chủ bên ngoài.
ANH-0395,P1,DICH_VU_LINH_VUC,Dich-Vu-Phat-Trien-Ung-Dung-Cho-iOS-Android-HomeNest-Viet-Nam.jpg,jpg,1,src/_content/thiet-ke-app.json:67,https://image.homenest.com.vn/wp-content/uploads/2026/05/Dich-Vu-Phat-Trien-Ung-Dung-Cho-iOS-Android-HomeNest-Viet-Nam.jpg,public/images/dich_vu_linh_vuc/dich-vu-phat-trien-ung-dung-cho-ios-android-homenest-viet-nam.jpg,CHO_KIEM_TRA,URL ảnh từ máy chủ bên ngoài.
ANH-0396,P1,DICH_VU_LINH_VUC,Dich-Vu-Phat-Trien-Ung-Dung-Da-Nen-Tang-HomeNest-Viet-Nam.jpg,jpg,1,src/_content/thiet-ke-app.json:74,https://image.homenest.com.vn/wp-content/uploads/2026/05/Dich-Vu-Phat-Trien-Ung-Dung-Da-Nen-Tang-HomeNest-Viet-Nam.jpg,public/images/dich_vu_linh_vuc/dich-vu-phat-trien-ung-dung-da-nen-tang-homenest-viet-nam.jpg,CHO_KIEM_TRA,URL ảnh từ máy chủ bên ngoài.
ANH-0397,P1,DICH_VU_LINH_VUC,Dich-Vu-Thiet-Ke-UI-UX-Va-Toi-Uu-Trai-Nghiem-Di-Dong-HomeNest-Viet-Nam-scaled.jpg,jpg,1,src/_content/thiet-ke-app.json:81,https://image.homenest.com.vn/wp-content/uploads/2026/05/Dich-Vu-Thiet-Ke-UI-UX-Va-Toi-Uu-Trai-Nghiem-Di-Dong-HomeNest-Viet-Nam-scaled.jpg,public/images/dich_vu_linh_vuc/dich-vu-thiet-ke-ui-ux-va-toi-uu-trai-nghiem-di-dong-homenest-viet-nam-scaled.jpg,CHO_KIEM_TRA,URL ảnh từ máy chủ bên ngoài.
ANH-0398,P1,DICH_VU_LINH_VUC,Dich-Vu-Toi-uu-bang-Machine-Learning-HomeNest-Viet-Nam.jpg,jpg,1,src/_content/thiet-ke-app.json:36,https://image.homenest.com.vn/wp-content/uploads/2026/05/Dich-Vu-Toi-uu-bang-Machine-Learning-HomeNest-Viet-Nam.jpg,public/images/dich_vu_linh_vuc/dich-vu-toi-uu-bang-machine-learning-homenest-viet-nam.jpg,CHO_KIEM_TRA,URL ảnh từ máy chủ bên ngoài.
ANH-0399,P1,DICH_VU_LINH_VUC,Dich-Vu-Tro-ly-ao-AI-Agents-ho-tro-24-7-HomeNest-Viet-Nam.jpg,jpg,1,src/_content/thiet-ke-app.json:41,https://image.homenest.com.vn/wp-content/uploads/2026/05/Dich-Vu-Tro-ly-ao-AI-Agents-ho-tro-24-7-HomeNest-Viet-Nam.jpg,public/images/dich_vu_linh_vuc/dich-vu-tro-ly-ao-ai-agents-ho-tro-24-7-homenest-viet-nam.jpg,CHO_KIEM_TRA,URL ảnh từ máy chủ bên ngoài.
ANH-0400,P1,DICH_VU_LINH_VUC,Dich-vu-Tu-van-chuyen-doi-so-main-image-HomeNestVietNam.jpg,jpg,4,src/app/dich-vu/[slug]/page.tsx:49|51; src/lib/dich-vu-page.ts:103; src/lib/site-data.json:1031,https://image.homenest.com.vn/wp-content/uploads/2026/05/Dich-vu-Tu-van-chuyen-doi-so-main-image-HomeNestVietNam.jpg,public/images/dich_vu_linh_vuc/dich-vu-tu-van-chuyen-doi-so-main-image-homenestvietnam.jpg,CHO_KIEM_TRA,URL ảnh từ máy chủ bên ngoài.
ANH-0401,P1,DICH_VU_LINH_VUC,Dich-Vu-Tuong-tac-thong-minh-bang-AI-HomeNest-Viet-Nam.jpg,jpg,1,src/_content/thiet-ke-app.json:31,https://image.homenest.com.vn/wp-content/uploads/2026/05/Dich-Vu-Tuong-tac-thong-minh-bang-AI-HomeNest-Viet-Nam.jpg,public/images/dich_vu_linh_vuc/dich-vu-tuong-tac-thong-minh-bang-ai-homenest-viet-nam.jpg,CHO_KIEM_TRA,URL ảnh từ máy chủ bên ngoài.
ANH-0402,P1,DICH_VU_LINH_VUC,Du-an-website-Leveltrip.jpg,jpg,1,src/lib/industry-detail-data.json:1449,https://image.homenest.com.vn/wp-content/uploads/2026/05/Du-an-website-Leveltrip.jpg,public/images/dich_vu_linh_vuc/du-an-website-leveltrip.jpg,CHO_KIEM_TRA,URL ảnh từ máy chủ bên ngoài.
ANH-0403,P1,DICH_VU_LINH_VUC,Linh-vuc-Bat-dong-san-HomeNest-Viet-Nam.png,png,2,src/lib/dich-vu-page.ts:196; src/lib/site-data.json:330,https://image.homenest.com.vn/wp-content/uploads/2026/05/Linh-vuc-Bat-dong-san-HomeNest-Viet-Nam.png,public/images/dich_vu_linh_vuc/linh-vuc-bat-dong-san-homenest-viet-nam.png,CHO_KIEM_TRA,URL ảnh từ máy chủ bên ngoài.
ANH-0404,P1,DICH_VU_LINH_VUC,Linh-vuc-Cham-soc-suc-khoe-HomeNest-Viet-Nam.png,png,2,src/lib/dich-vu-page.ts:192; src/lib/site-data.json:282,https://image.homenest.com.vn/wp-content/uploads/2026/05/Linh-vuc-Cham-soc-suc-khoe-HomeNest-Viet-Nam.png,public/images/dich_vu_linh_vuc/linh-vuc-cham-soc-suc-khoe-homenest-viet-nam.png,CHO_KIEM_TRA,URL ảnh từ máy chủ bên ngoài.
ANH-0405,P1,DICH_VU_LINH_VUC,Linh-vuc-Cong-nghe-tai-chinh-HomeNest-Viet-Nam.png,png,2,src/lib/dich-vu-page.ts:191; src/lib/site-data.json:270,https://image.homenest.com.vn/wp-content/uploads/2026/05/Linh-vuc-Cong-nghe-tai-chinh-HomeNest-Viet-Nam.png,public/images/dich_vu_linh_vuc/linh-vuc-cong-nghe-tai-chinh-homenest-viet-nam.png,CHO_KIEM_TRA,URL ảnh từ máy chủ bên ngoài.
ANH-0406,P1,DICH_VU_LINH_VUC,Linh-vuc-Phat-trien-phan-mem-doanh-nghiep-HomeNest-Viet-Nam.png,png,2,src/lib/dich-vu-page.ts:194; src/lib/site-data.json:306,https://image.homenest.com.vn/wp-content/uploads/2026/05/Linh-vuc-Phat-trien-phan-mem-doanh-nghiep-HomeNest-Viet-Nam.png,public/images/dich_vu_linh_vuc/linh-vuc-phat-trien-phan-mem-doanh-nghiep-homenest-viet-nam.png,CHO_KIEM_TRA,URL ảnh từ máy chủ bên ngoài.
ANH-0407,P1,DICH_VU_LINH_VUC,Linh-vuc-Tai-chinh-doanh-nghiep-HomeNest-Viet-Nam.png,png,2,src/lib/dich-vu-page.ts:193; src/lib/site-data.json:294,https://image.homenest.com.vn/wp-content/uploads/2026/05/Linh-vuc-Tai-chinh-doanh-nghiep-HomeNest-Viet-Nam.png,public/images/dich_vu_linh_vuc/linh-vuc-tai-chinh-doanh-nghiep-homenest-viet-nam.png,CHO_KIEM_TRA,URL ảnh từ máy chủ bên ngoài.
ANH-0408,P1,DICH_VU_LINH_VUC,Linh-vuc-Thuong-mai-dien-tu-HomeNest-Viet-Nam.png,png,2,src/lib/dich-vu-page.ts:190; src/lib/site-data.json:258,https://image.homenest.com.vn/wp-content/uploads/2026/05/Linh-vuc-Thuong-mai-dien-tu-HomeNest-Viet-Nam.png,public/images/dich_vu_linh_vuc/linh-vuc-thuong-mai-dien-tu-homenest-viet-nam.png,CHO_KIEM_TRA,URL ảnh từ máy chủ bên ngoài.
ANH-0409,P1,DICH_VU_LINH_VUC,Linh-vuc-Van-tai-va-Logistics-HomeNest-Viet-Nam.png,png,2,src/lib/dich-vu-page.ts:197; src/lib/site-data.json:342,https://image.homenest.com.vn/wp-content/uploads/2026/05/Linh-vuc-Van-tai-va-Logistics-HomeNest-Viet-Nam.png,public/images/dich_vu_linh_vuc/linh-vuc-van-tai-va-logistics-homenest-viet-nam.png,CHO_KIEM_TRA,URL ảnh từ máy chủ bên ngoài.
ANH-0410,P1,DICH_VU_LINH_VUC,Trang-chu-Destiny-Nail-Bar.jpg,jpg,1,src/lib/industry-detail-data.json:150,https://image.homenest.com.vn/wp-content/uploads/2026/05/Trang-chu-Destiny-Nail-Bar.jpg,public/images/dich_vu_linh_vuc/trang-chu-destiny-nail-bar.jpg,CHO_KIEM_TRA,URL ảnh từ máy chủ bên ngoài.
ANH-0411,P1,DICH_VU_LINH_VUC,Man-hinh-IMAC.png,png,2,src/app/dich-vu/[slug]/page.tsx:66; src/components/sections/CaseStudyShowcase.tsx:62,https://image.homenest.com.vn/wp-content/uploads/2026/06/Man-hinh-IMAC.png,public/images/dich_vu_linh_vuc/man-hinh-imac.png,CHO_KIEM_TRA,URL ảnh từ máy chủ bên ngoài.
ANH-0412,P1,DICH_VU_LINH_VUC,Advanced-Data-Dashboards.jpg,jpg,10,src/_content/phat-trien-blockchain.json:35; src/_content/phat-trien-devops.json:35; src/_content/phat-trien-iot.json:35; src/_content/thiet-ke-website.json:35; src/lib/dich-vu-detail-pages.ts:241|546; src/lib/site-data.json:150|161|172|238,https://image.homenest.software/wp-content/uploads/2026/03/Advanced-Data-Dashboards.jpg,public/images/dich_vu_linh_vuc/advanced-data-dashboards.jpg,CHO_KIEM_TRA,URL ảnh từ máy chủ bên ngoài.
ANH-0413,P1,DICH_VU_LINH_VUC,AI-Powered-Data-Architectures.jpg,jpg,2,src/_content/phat-trien-ai.json:87; src/lib/site-data.json:139,https://image.homenest.software/wp-content/uploads/2026/03/AI-Powered-Data-Architectures.jpg,public/images/dich_vu_linh_vuc/ai-powered-data-architectures.jpg,CHO_KIEM_TRA,URL ảnh từ máy chủ bên ngoài.
ANH-0414,P1,DICH_VU_LINH_VUC,AI-Powered-Platforms.jpg,jpg,10,src/_content/phat-trien-blockchain.json:34; src/_content/phat-trien-devops.json:34; src/_content/phat-trien-iot.json:34; src/_content/thiet-ke-website.json:34; src/lib/dich-vu-detail-pages.ts:236|541; src/lib/site-data.json:150|161|172|238,https://image.homenest.software/wp-content/uploads/2026/03/AI-Powered-Platforms.jpg,public/images/dich_vu_linh_vuc/ai-powered-platforms.jpg,CHO_KIEM_TRA,URL ảnh từ máy chủ bên ngoài.
ANH-0415,P1,DICH_VU_LINH_VUC,Analytics-Dashboard.jpg,jpg,4,src/_content/phat-trien-phan-mem-mvp.json:14; src/lib/site-data.json:194,https://image.homenest.software/wp-content/uploads/2026/03/Analytics-Dashboard.jpg,public/images/dich_vu_linh_vuc/analytics-dashboard.jpg,CHO_KIEM_TRA,URL ảnh từ máy chủ bên ngoài.
ANH-0416,P1,DICH_VU_LINH_VUC,Corrective-Maintenance-Bug-Resolution.jpg,jpg,2,src/_content/van-hanh-va-bao-tri.json:30; src/lib/site-data.json:249,https://image.homenest.software/wp-content/uploads/2026/03/Corrective-Maintenance-Bug-Resolution.jpg,public/images/dich_vu_linh_vuc/corrective-maintenance-bug-resolution.jpg,CHO_KIEM_TRA,URL ảnh từ máy chủ bên ngoài.
ANH-0417,P1,DICH_VU_LINH_VUC,Custom-API-Ecosystems.jpg,jpg,10,src/_content/phat-trien-blockchain.json:37; src/_content/phat-trien-devops.json:37; src/_content/phat-trien-iot.json:37; src/_content/thiet-ke-website.json:37; src/lib/dich-vu-detail-pages.ts:251|556; src/lib/site-data.json:150|161|172|238,https://image.homenest.software/wp-content/uploads/2026/03/Custom-API-Ecosystems.jpg,public/images/dich_vu_linh_vuc/custom-api-ecosystems.jpg,CHO_KIEM_TRA,URL ảnh từ máy chủ bên ngoài.
ANH-0418,P1,DICH_VU_LINH_VUC,Custom-LLM-Generative-AI-Solutions.jpg,jpg,2,src/_content/phat-trien-ai.json:80; src/lib/site-data.json:139,https://image.homenest.software/wp-content/uploads/2026/03/Custom-LLM-Generative-AI-Solutions.jpg,public/images/dich_vu_linh_vuc/custom-llm-generative-ai-solutions.jpg,CHO_KIEM_TRA,URL ảnh từ máy chủ bên ngoài.
ANH-0419,P1,DICH_VU_LINH_VUC,Custom-MVP-Development-Service.jpg,jpg,4,src/_content/phat-trien-phan-mem-mvp.json:15; src/lib/site-data.json:194,https://image.homenest.software/wp-content/uploads/2026/03/Custom-MVP-Development-Service.jpg,public/images/dich_vu_linh_vuc/custom-mvp-development-service.jpg,CHO_KIEM_TRA,URL ảnh từ máy chủ bên ngoài.
ANH-0420,P1,DICH_VU_LINH_VUC,Custom-MVP-Software.jpg,jpg,2,src/_content/phat-trien-phan-mem-mvp.json:35; src/lib/site-data.json:194,https://image.homenest.software/wp-content/uploads/2026/03/Custom-MVP-Software.jpg,public/images/dich_vu_linh_vuc/custom-mvp-software.jpg,CHO_KIEM_TRA,URL ảnh từ máy chủ bên ngoài.
ANH-0421,P1,DICH_VU_LINH_VUC,Custom-MVP-Solution.jpg,jpg,4,src/_content/phat-trien-phan-mem-mvp.json:16; src/lib/site-data.json:194,https://image.homenest.software/wp-content/uploads/2026/03/Custom-MVP-Solution.jpg,public/images/dich_vu_linh_vuc/custom-mvp-solution.jpg,CHO_KIEM_TRA,URL ảnh từ máy chủ bên ngoài.
ANH-0422,P1,DICH_VU_LINH_VUC,Data-Dashboards.jpg,jpg,10,src/_content/phat-trien-blockchain.json:33; src/_content/phat-trien-devops.json:33; src/_content/phat-trien-iot.json:33; src/_content/thiet-ke-website.json:33; src/lib/dich-vu-detail-pages.ts:231|536; src/lib/site-data.json:150|161|172|238,https://image.homenest.software/wp-content/uploads/2026/03/Data-Dashboards.jpg,public/images/dich_vu_linh_vuc/data-dashboards.jpg,CHO_KIEM_TRA,URL ảnh từ máy chủ bên ngoài.
ANH-0423,P1,DICH_VU_LINH_VUC,Expert-Support-Consulting.jpg,jpg,2,src/_content/van-hanh-va-bao-tri.json:50; src/lib/site-data.json:249,https://image.homenest.software/wp-content/uploads/2026/03/Expert-Support-Consulting.jpg,public/images/dich_vu_linh_vuc/expert-support-consulting.jpg,CHO_KIEM_TRA,URL ảnh từ máy chủ bên ngoài.
ANH-0424,P1,DICH_VU_LINH_VUC,Feature-Enhancements.jpg,jpg,2,src/_content/van-hanh-va-bao-tri.json:45; src/lib/site-data.json:249,https://image.homenest.software/wp-content/uploads/2026/03/Feature-Enhancements.jpg,public/images/dich_vu_linh_vuc/feature-enhancements.jpg,CHO_KIEM_TRA,URL ảnh từ máy chủ bên ngoài.
ANH-0425,P1,DICH_VU_LINH_VUC,Intelligent-Business-Ecosystems.jpg,jpg,2,src/_content/phat-trien-ai.json:73; src/lib/site-data.json:139,https://image.homenest.software/wp-content/uploads/2026/03/Intelligent-Business-Ecosystems.jpg,public/images/dich_vu_linh_vuc/intelligent-business-ecosystems.jpg,CHO_KIEM_TRA,URL ảnh từ máy chủ bên ngoài.
ANH-0426,P1,DICH_VU_LINH_VUC,MVP-App-Development.jpg,jpg,2,src/_content/phat-trien-phan-mem-mvp.json:40; src/lib/site-data.json:194,https://image.homenest.software/wp-content/uploads/2026/03/MVP-App-Development.jpg,public/images/dich_vu_linh_vuc/mvp-app-development.jpg,CHO_KIEM_TRA,URL ảnh từ máy chủ bên ngoài.
ANH-0427,P1,DICH_VU_LINH_VUC,MVP-Development-Consulting.jpg,jpg,2,src/_content/phat-trien-phan-mem-mvp.json:30; src/lib/site-data.json:194,https://image.homenest.software/wp-content/uploads/2026/03/MVP-Development-Consulting.jpg,public/images/dich_vu_linh_vuc/mvp-development-consulting.jpg,CHO_KIEM_TRA,URL ảnh từ máy chủ bên ngoài.
ANH-0428,P1,DICH_VU_LINH_VUC,MVP-Web-App-Development.jpg,jpg,2,src/_content/phat-trien-phan-mem-mvp.json:45; src/lib/site-data.json:194,https://image.homenest.software/wp-content/uploads/2026/03/MVP-Web-App-Development.jpg,public/images/dich_vu_linh_vuc/mvp-web-app-development.jpg,CHO_KIEM_TRA,URL ảnh từ máy chủ bên ngoài.
ANH-0429,P1,DICH_VU_LINH_VUC,Performance-Optimization.jpg,jpg,2,src/_content/van-hanh-va-bao-tri.json:40; src/lib/site-data.json:249,https://image.homenest.software/wp-content/uploads/2026/03/Performance-Optimization.jpg,public/images/dich_vu_linh_vuc/performance-optimization.jpg,CHO_KIEM_TRA,URL ảnh từ máy chủ bên ngoài.
ANH-0430,P1,DICH_VU_LINH_VUC,Proactive-Security-System-Monitoring.jpg,jpg,2,src/_content/van-hanh-va-bao-tri.json:35; src/lib/site-data.json:249,https://image.homenest.software/wp-content/uploads/2026/03/Proactive-Security-System-Monitoring.jpg,public/images/dich_vu_linh_vuc/proactive-security-system-monitoring.jpg,CHO_KIEM_TRA,URL ảnh từ máy chủ bên ngoài.
ANH-0431,P1,DICH_VU_LINH_VUC,Scalable-E-commerce.jpg,jpg,10,src/_content/phat-trien-blockchain.json:36; src/_content/phat-trien-devops.json:36; src/_content/phat-trien-iot.json:36; src/_content/thiet-ke-website.json:36; src/lib/dich-vu-detail-pages.ts:246|551; src/lib/site-data.json:150|161|172|238,https://image.homenest.software/wp-content/uploads/2026/03/Scalable-E-commerce.jpg,public/images/dich_vu_linh_vuc/scalable-e-commerce.jpg,CHO_KIEM_TRA,URL ảnh từ máy chủ bên ngoài.
ANH-0432,P1,DICH_VU_LINH_VUC,services-app-bg.jpg,jpg,9,src/_content/phat-trien-ai.json:9; src/_content/phat-trien-ung-dung-saas.json:8; src/_content/thiet-ke-app.json:8; src/lib/site-data.json:135|139|212|216|223|227,https://image.homenest.software/wp-content/uploads/2026/03/services-app-bg.jpg,public/images/dich_vu_linh_vuc/services-app-bg.jpg,CHO_KIEM_TRA,URL ảnh từ máy chủ bên ngoài.
ANH-0433,P1,DICH_VU_LINH_VUC,Testing-Quality-Assurance.jpg,jpg,2,src/_content/phat-trien-phan-mem-mvp.json:50; src/lib/site-data.json:194,https://image.homenest.software/wp-content/uploads/2026/03/Testing-Quality-Assurance.jpg,public/images/dich_vu_linh_vuc/testing-quality-assurance.jpg,CHO_KIEM_TRA,URL ảnh từ máy chủ bên ngoài.
ANH-0434,P1,DICH_VU_LINH_VUC,web-app-development-partner-logo.webp,webp,6,src/_content/phat-trien-blockchain.json:9; src/_content/phat-trien-devops.json:9; src/_content/phat-trien-iot.json:9; src/lib/site-data.json:150|161|172,https://image.homenest.software/wp-content/uploads/2026/03/web-app-development-partner-logo.webp,public/images/dich_vu_linh_vuc/web-app-development-partner-logo.webp,CHO_KIEM_TRA,URL ảnh từ máy chủ bên ngoài.
ANH-0435,P1,DICH_VU_LINH_VUC,Web-app-development.jpg,jpg,12,src/_content/phat-trien-blockchain.json:8; src/_content/phat-trien-devops.json:8; src/_content/phat-trien-iot.json:8; src/_content/thiet-ke-website.json:8; src/lib/site-data.json:146|150|157|161|168|172|234|238,https://image.homenest.software/wp-content/uploads/2026/03/Web-app-development.jpg,public/images/dich_vu_linh_vuc/web-app-development.jpg,CHO_KIEM_TRA,URL ảnh từ máy chủ bên ngoài.
ANH-0436,P1,DICH_VU_LINH_VUC,7lo4FkmOpuHbbtGSrBrhRoC1Alk.avif,avif,4,src/_content/phat-trien-phan-mem-mvp.json:407; src/lib/site-data.json:194|227|249,https://image.homenest.software/wp-content/uploads/2026/04/7lo4FkmOpuHbbtGSrBrhRoC1Alk.avif,public/images/dich_vu_linh_vuc/7lo4fkmopuhbbtgsrbrhroc1alk.avif,CHO_KIEM_TRA,URL ảnh từ máy chủ bên ngoài.
ANH-0437,P1,DICH_VU_LINH_VUC,AI-Development-header-left.webp,webp,2,src/_content/phat-trien-ai.json:12; src/lib/site-data.json:139,https://image.homenest.software/wp-content/uploads/2026/04/AI-Development-header-left.webp,public/images/dich_vu_linh_vuc/ai-development-header-left.webp,CHO_KIEM_TRA,URL ảnh từ máy chủ bên ngoài.
ANH-0438,P1,DICH_VU_LINH_VUC,AI-Development-header-right.webp,webp,2,src/_content/phat-trien-ai.json:14; src/lib/site-data.json:139,https://image.homenest.software/wp-content/uploads/2026/04/AI-Development-header-right.webp,public/images/dich_vu_linh_vuc/ai-development-header-right.webp,CHO_KIEM_TRA,URL ảnh từ máy chủ bên ngoài.
ANH-0439,P1,DICH_VU_LINH_VUC,AI-Development-header-text-left-down.jpg,jpg,2,src/_content/phat-trien-ai.json:19; src/lib/site-data.json:139,https://image.homenest.software/wp-content/uploads/2026/04/AI-Development-header-text-left-down.jpg,public/images/dich_vu_linh_vuc/ai-development-header-text-left-down.jpg,CHO_KIEM_TRA,URL ảnh từ máy chủ bên ngoài.
ANH-0440,P1,DICH_VU_LINH_VUC,AI-Development-header-text-left.jpg,jpg,2,src/_content/phat-trien-ai.json:17; src/lib/site-data.json:139,https://image.homenest.software/wp-content/uploads/2026/04/AI-Development-header-text-left.jpg,public/images/dich_vu_linh_vuc/ai-development-header-text-left.jpg,CHO_KIEM_TRA,URL ảnh từ máy chủ bên ngoài.
ANH-0441,P1,DICH_VU_LINH_VUC,AI-Development-header-text-right-up.jpg,jpg,2,src/_content/phat-trien-ai.json:20; src/lib/site-data.json:139,https://image.homenest.software/wp-content/uploads/2026/04/AI-Development-header-text-right-up.jpg,public/images/dich_vu_linh_vuc/ai-development-header-text-right-up.jpg,CHO_KIEM_TRA,URL ảnh từ máy chủ bên ngoài.
ANH-0442,P1,DICH_VU_LINH_VUC,AI-Development-text-right-down.jpg,jpg,2,src/_content/phat-trien-ai.json:18; src/lib/site-data.json:139,https://image.homenest.software/wp-content/uploads/2026/04/AI-Development-text-right-down.jpg,public/images/dich_vu_linh_vuc/ai-development-text-right-down.jpg,CHO_KIEM_TRA,URL ảnh từ máy chủ bên ngoài.
ANH-0443,P1,DICH_VU_LINH_VUC,Autonomous-Workflow-Orchestration.webp,webp,2,src/_content/phat-trien-ai.json:43; src/lib/site-data.json:139,https://image.homenest.software/wp-content/uploads/2026/04/Autonomous-Workflow-Orchestration.webp,public/images/dich_vu_linh_vuc/autonomous-workflow-orchestration.webp,CHO_KIEM_TRA,URL ảnh từ máy chủ bên ngoài.
ANH-0444,P1,DICH_VU_LINH_VUC,Business-Industries-Icon.png,png,22,src/_content/phat-trien-ai.json:170; src/_content/phat-trien-blockchain.json:94; src/_content/phat-trien-devops.json:94; src/_content/phat-trien-iot.json:95; src/_content/phat-trien-phan-mem-doanh-nghiep.json:204; src/_content/phat-trien-phan-mem-mvp.json:204; src/_content/phat-trien-ung-dung-saas.json:199; src/_content/thiet-ke-app.json:198; src/_content/thiet-ke-website.json:94; src/_content/van-hanh-va-bao-tri.json:198; src/lib/site-data.json:128|139|150|161|172|183|194|205|216|227|238|249,https://image.homenest.software/wp-content/uploads/2026/04/Business-Industries-Icon.png,public/images/dich_vu_linh_vuc/business-industries-icon.png,CHO_KIEM_TRA,URL ảnh từ máy chủ bên ngoài.
ANH-0445,P1,DICH_VU_LINH_VUC,Cloud-Native-Elasticity.webp,webp,2,src/_content/phat-trien-ung-dung-saas.json:42; src/lib/site-data.json:216,https://image.homenest.software/wp-content/uploads/2026/04/Cloud-Native-Elasticity.webp,public/images/dich_vu_linh_vuc/cloud-native-elasticity.webp,CHO_KIEM_TRA,URL ảnh từ máy chủ bên ngoài.
ANH-0446,P1,DICH_VU_LINH_VUC,Custom-Enterprise-Software.jpg,jpg,2,src/_content/phat-trien-phan-mem-doanh-nghiep.json:30; src/lib/site-data.json:183,https://image.homenest.software/wp-content/uploads/2026/04/Custom-Enterprise-Software.jpg,public/images/dich_vu_linh_vuc/custom-enterprise-software.jpg,CHO_KIEM_TRA,URL ảnh từ máy chủ bên ngoài.
ANH-0447,P1,DICH_VU_LINH_VUC,CUSTOM-SOFTWARE-SOLUTIONS-SERVICES-AT-HOMENEST.SOFTWARE.jpg,jpg,2,src/_content/thiet-ke-website.json:181; src/lib/site-data.json:238,https://image.homenest.software/wp-content/uploads/2026/04/CUSTOM-SOFTWARE-SOLUTIONS-SERVICES-AT-HOMENEST.SOFTWARE.jpg,public/images/dich_vu_linh_vuc/custom-software-solutions-services-at-homenest-software.jpg,CHO_KIEM_TRA,URL ảnh từ máy chủ bên ngoài.
ANH-0448,P1,DICH_VU_LINH_VUC,eComerce-Industries-Icon.png,png,22,src/_content/phat-trien-ai.json:166; src/_content/phat-trien-blockchain.json:90; src/_content/phat-trien-devops.json:90; src/_content/phat-trien-iot.json:91; src/_content/phat-trien-phan-mem-doanh-nghiep.json:184; src/_content/phat-trien-phan-mem-mvp.json:184; src/_content/phat-trien-ung-dung-saas.json:179; src/_content/thiet-ke-app.json:178; src/_content/thiet-ke-website.json:90; src/_content/van-hanh-va-bao-tri.json:178; src/lib/site-data.json:128|139|150|161|172|183|194|205|216|227|238|249,https://image.homenest.software/wp-content/uploads/2026/04/eComerce-Industries-Icon.png,public/images/dich_vu_linh_vuc/ecomerce-industries-icon.png,CHO_KIEM_TRA,URL ảnh từ máy chủ bên ngoài.
ANH-0449,P1,DICH_VU_LINH_VUC,Education-Industries-Icon.png,png,24,src/_content/phat-trien-ai.json:174; src/_content/phat-trien-blockchain.json:98; src/_content/phat-trien-devops.json:98; src/_content/phat-trien-iot.json:99; src/_content/phat-trien-phan-mem-doanh-nghiep.json:224; src/_content/phat-trien-phan-mem-mvp.json:224; src/_content/phat-trien-ung-dung-saas.json:219; src/_content/thiet-ke-app.json:218; src/_content/thiet-ke-website.json:98; src/_content/van-hanh-va-bao-tri.json:218; src/lib/dich-vu-page.ts:198; src/lib/site-data.json:128|139|150|161|172|183|194|205|216|227|238|249|354,https://image.homenest.software/wp-content/uploads/2026/04/Education-Industries-Icon.png,public/images/dich_vu_linh_vuc/education-industries-icon.png,CHO_KIEM_TRA,URL ảnh từ máy chủ bên ngoài.
ANH-0450,P1,DICH_VU_LINH_VUC,Enterprise-Grade-SaaS-Security.webp,webp,2,src/_content/phat-trien-ung-dung-saas.json:47; src/lib/site-data.json:216,https://image.homenest.software/wp-content/uploads/2026/04/Enterprise-Grade-SaaS-Security.webp,public/images/dich_vu_linh_vuc/enterprise-grade-saas-security.webp,CHO_KIEM_TRA,URL ảnh từ máy chủ bên ngoài.
ANH-0451,P1,DICH_VU_LINH_VUC,Enterprise-Software-dashboard-banner.jpg,jpg,4,src/_content/phat-trien-phan-mem-doanh-nghiep.json:15; src/lib/site-data.json:183,https://image.homenest.software/wp-content/uploads/2026/04/Enterprise-Software-dashboard-banner.jpg,public/images/dich_vu_linh_vuc/enterprise-software-dashboard-banner.jpg,CHO_KIEM_TRA,URL ảnh từ máy chủ bên ngoài.
ANH-0452,P1,DICH_VU_LINH_VUC,Enterprise-Software-Data-banner.jpg,jpg,4,src/_content/phat-trien-phan-mem-doanh-nghiep.json:14; src/lib/site-data.json:183,https://image.homenest.software/wp-content/uploads/2026/04/Enterprise-Software-Data-banner.jpg,public/images/dich_vu_linh_vuc/enterprise-software-data-banner.jpg,CHO_KIEM_TRA,URL ảnh từ máy chủ bên ngoài.
ANH-0453,P1,DICH_VU_LINH_VUC,Enterprise-Software-process-banner.jpg,jpg,4,src/_content/phat-trien-phan-mem-doanh-nghiep.json:16; src/lib/site-data.json:183,https://image.homenest.software/wp-content/uploads/2026/04/Enterprise-Software-process-banner.jpg,public/images/dich_vu_linh_vuc/enterprise-software-process-banner.jpg,CHO_KIEM_TRA,URL ảnh từ máy chủ bên ngoài.
ANH-0454,P1,DICH_VU_LINH_VUC,Enterprise-Web-Platforms.jpg,jpg,2,src/_content/phat-trien-phan-mem-doanh-nghiep.json:45; src/lib/site-data.json:183,https://image.homenest.software/wp-content/uploads/2026/04/Enterprise-Web-Platforms.jpg,public/images/dich_vu_linh_vuc/enterprise-web-platforms.jpg,CHO_KIEM_TRA,URL ảnh từ máy chủ bên ngoài.
ANH-0455,P1,DICH_VU_LINH_VUC,Expert-Financial-Industries-Icon.png,png,22,src/_content/phat-trien-ai.json:169; src/_content/phat-trien-blockchain.json:93; src/_content/phat-trien-devops.json:93; src/_content/phat-trien-iot.json:94; src/_content/phat-trien-phan-mem-doanh-nghiep.json:199; src/_content/phat-trien-phan-mem-mvp.json:199; src/_content/phat-trien-ung-dung-saas.json:194; src/_content/thiet-ke-app.json:193; src/_content/thiet-ke-website.json:93; src/_content/van-hanh-va-bao-tri.json:193; src/lib/site-data.json:128|139|150|161|172|183|194|205|216|227|238|249,https://image.homenest.software/wp-content/uploads/2026/04/Expert-Financial-Industries-Icon.png,public/images/dich_vu_linh_vuc/expert-financial-industries-icon.png,CHO_KIEM_TRA,URL ảnh từ máy chủ bên ngoài.
ANH-0456,P1,DICH_VU_LINH_VUC,Fintech-Industries-Icon.png,png,22,src/_content/phat-trien-ai.json:167; src/_content/phat-trien-blockchain.json:91; src/_content/phat-trien-devops.json:91; src/_content/phat-trien-iot.json:92; src/_content/phat-trien-phan-mem-doanh-nghiep.json:189; src/_content/phat-trien-phan-mem-mvp.json:189; src/_content/phat-trien-ung-dung-saas.json:184; src/_content/thiet-ke-app.json:183; src/_content/thiet-ke-website.json:91; src/_content/van-hanh-va-bao-tri.json:183; src/lib/site-data.json:128|139|150|161|172|183|194|205|216|227|238|249,https://image.homenest.software/wp-content/uploads/2026/04/Fintech-Industries-Icon.png,public/images/dich_vu_linh_vuc/fintech-industries-icon.png,CHO_KIEM_TRA,URL ảnh từ máy chủ bên ngoài.
ANH-0457,P1,DICH_VU_LINH_VUC,Future-Ready-Microservices.webp,webp,2,src/_content/phat-trien-ung-dung-saas.json:82; src/lib/site-data.json:216,https://image.homenest.software/wp-content/uploads/2026/04/Future-Ready-Microservices.webp,public/images/dich_vu_linh_vuc/future-ready-microservices.webp,CHO_KIEM_TRA,URL ảnh từ máy chủ bên ngoài.
ANH-0458,P1,DICH_VU_LINH_VUC,GENERATIVE-AI-INTEGRATION-SERVICES-AT-HOMENEST.SOFTWARE.jpg,jpg,2,src/_content/phat-trien-ai.json:261; src/lib/site-data.json:139,https://image.homenest.software/wp-content/uploads/2026/04/GENERATIVE-AI-INTEGRATION-SERVICES-AT-HOMENEST.SOFTWARE.jpg,public/images/dich_vu_linh_vuc/generative-ai-integration-services-at-homenest-software.jpg,CHO_KIEM_TRA,URL ảnh từ máy chủ bên ngoài.
ANH-0459,P1,DICH_VU_LINH_VUC,header-Ai-center.webp,webp,2,src/_content/phat-trien-ai.json:13; src/lib/site-data.json:139,https://image.homenest.software/wp-content/uploads/2026/04/header-Ai-center.webp,public/images/dich_vu_linh_vuc/header-ai-center.webp,CHO_KIEM_TRA,URL ảnh từ máy chủ bên ngoài.
ANH-0460,P1,DICH_VU_LINH_VUC,Healthcare-Industries-Icon.png,png,22,src/_content/phat-trien-ai.json:168; src/_content/phat-trien-blockchain.json:92; src/_content/phat-trien-devops.json:92; src/_content/phat-trien-iot.json:93; src/_content/phat-trien-phan-mem-doanh-nghiep.json:194; src/_content/phat-trien-phan-mem-mvp.json:194; src/_content/phat-trien-ung-dung-saas.json:189; src/_content/thiet-ke-app.json:188; src/_content/thiet-ke-website.json:92; src/_content/van-hanh-va-bao-tri.json:188; src/lib/site-data.json:128|139|150|161|172|183|194|205|216|227|238|249,https://image.homenest.software/wp-content/uploads/2026/04/Healthcare-Industries-Icon.png,public/images/dich_vu_linh_vuc/healthcare-industries-icon.png,CHO_KIEM_TRA,URL ảnh từ máy chủ bên ngoài.
ANH-0461,P1,DICH_VU_LINH_VUC,High-Efficiency-Cloud-Scaling.webp,webp,2,src/_content/phat-trien-ai.json:48; src/lib/site-data.json:139,https://image.homenest.software/wp-content/uploads/2026/04/High-Efficiency-Cloud-Scaling.webp,public/images/dich_vu_linh_vuc/high-efficiency-cloud-scaling.webp,CHO_KIEM_TRA,URL ảnh từ máy chủ bên ngoài.
ANH-0462,P1,DICH_VU_LINH_VUC,iKGjaDdf1TQeFAPs8cLj6TM34Q.avif,avif,4,src/_content/phat-trien-phan-mem-mvp.json:421; src/lib/site-data.json:194|227|249,https://image.homenest.software/wp-content/uploads/2026/04/iKGjaDdf1TQeFAPs8cLj6TM34Q.avif,public/images/dich_vu_linh_vuc/ikgjaddf1tqefaps8clj6tm34q.avif,CHO_KIEM_TRA,URL ảnh từ máy chủ bên ngoài.
ANH-0463,P1,DICH_VU_LINH_VUC,Legacy-System-Modernization.jpg,jpg,2,src/_content/phat-trien-phan-mem-doanh-nghiep.json:40; src/lib/site-data.json:183,https://image.homenest.software/wp-content/uploads/2026/04/Legacy-System-Modernization.jpg,public/images/dich_vu_linh_vuc/legacy-system-modernization.jpg,CHO_KIEM_TRA,URL ảnh từ máy chủ bên ngoài.
ANH-0464,P1,DICH_VU_LINH_VUC,login-button.jpg,jpg,2,src/_content/thiet-ke-app.json:18; src/lib/site-data.json:227,https://image.homenest.software/wp-content/uploads/2026/04/login-button.jpg,public/images/dich_vu_linh_vuc/login-button.jpg,CHO_KIEM_TRA,URL ảnh từ máy chủ bên ngoài.
ANH-0465,P1,DICH_VU_LINH_VUC,Logistics-Industries-Icon.png,png,22,src/_content/phat-trien-ai.json:173; src/_content/phat-trien-blockchain.json:97; src/_content/phat-trien-devops.json:97; src/_content/phat-trien-iot.json:98; src/_content/phat-trien-phan-mem-doanh-nghiep.json:219; src/_content/phat-trien-phan-mem-mvp.json:219; src/_content/phat-trien-ung-dung-saas.json:214; src/_content/thiet-ke-app.json:213; src/_content/thiet-ke-website.json:97; src/_content/van-hanh-va-bao-tri.json:213; src/lib/site-data.json:128|139|150|161|172|183|194|205|216|227|238|249,https://image.homenest.software/wp-content/uploads/2026/04/Logistics-Industries-Icon.png,public/images/dich_vu_linh_vuc/logistics-industries-icon.png,CHO_KIEM_TRA,URL ảnh từ máy chủ bên ngoài.
ANH-0466,P1,DICH_VU_LINH_VUC,M7XkcGNNmF9nUkjJM8FXYMH8BA.avif,avif,10,src/_content/phat-trien-blockchain.json:147; src/_content/phat-trien-iot.json:148; src/_content/phat-trien-phan-mem-mvp.json:414; src/_content/phat-trien-ung-dung-saas.json:388; src/lib/site-data.json:150|172|194|205|216|227,https://image.homenest.software/wp-content/uploads/2026/04/M7XkcGNNmF9nUkjJM8FXYMH8BA.avif,public/images/dich_vu_linh_vuc/m7xkcgnnmf9nukjjm8fxymh8ba.avif,CHO_KIEM_TRA,URL ảnh từ máy chủ bên ngoài.
ANH-0467,P1,DICH_VU_LINH_VUC,Multi-Level-Analysis.webp,webp,2,src/_content/phat-trien-ung-dung-saas.json:52; src/lib/site-data.json:216,https://image.homenest.software/wp-content/uploads/2026/04/Multi-Level-Analysis.webp,public/images/dich_vu_linh_vuc/multi-level-analysis.webp,CHO_KIEM_TRA,URL ảnh từ máy chủ bên ngoài.
ANH-0468,P1,DICH_VU_LINH_VUC,Multi-Tenant-Architecture.webp,webp,2,src/_content/phat-trien-ung-dung-saas.json:32; src/lib/site-data.json:216,https://image.homenest.software/wp-content/uploads/2026/04/Multi-Tenant-Architecture.webp,public/images/dich_vu_linh_vuc/multi-tenant-architecture.webp,CHO_KIEM_TRA,URL ảnh từ máy chủ bên ngoài.
ANH-0469,P1,DICH_VU_LINH_VUC,Ongoing-Enterprise-Maintenance-Support.jpg,jpg,2,src/_content/phat-trien-phan-mem-doanh-nghiep.json:50; src/lib/site-data.json:183,https://image.homenest.software/wp-content/uploads/2026/04/Ongoing-Enterprise-Maintenance-Support.jpg,public/images/dich_vu_linh_vuc/ongoing-enterprise-maintenance-support.jpg,CHO_KIEM_TRA,URL ảnh từ máy chủ bên ngoài.
ANH-0470,P1,DICH_VU_LINH_VUC,Predictive-Analytics-Forecasting.webp,webp,2,src/_content/phat-trien-ai.json:58; src/lib/site-data.json:139,https://image.homenest.software/wp-content/uploads/2026/04/Predictive-Analytics-Forecasting.webp,public/images/dich_vu_linh_vuc/predictive-analytics-forecasting.webp,CHO_KIEM_TRA,URL ảnh từ máy chủ bên ngoài.
ANH-0471,P1,DICH_VU_LINH_VUC,Predictive-Personalization.webp,webp,2,src/_content/phat-trien-ai.json:33; src/lib/site-data.json:139,https://image.homenest.software/wp-content/uploads/2026/04/Predictive-Personalization.webp,public/images/dich_vu_linh_vuc/predictive-personalization.webp,CHO_KIEM_TRA,URL ảnh từ máy chủ bên ngoài.
ANH-0472,P1,DICH_VU_LINH_VUC,Proactive-AI-Security.webp,webp,2,src/_content/phat-trien-ai.json:53; src/lib/site-data.json:139,https://image.homenest.software/wp-content/uploads/2026/04/Proactive-AI-Security.webp,public/images/dich_vu_linh_vuc/proactive-ai-security.webp,CHO_KIEM_TRA,URL ảnh từ máy chủ bên ngoài.
ANH-0473,P1,DICH_VU_LINH_VUC,Real-Estate-Industries-Icon.png,png,22,src/_content/phat-trien-ai.json:172; src/_content/phat-trien-blockchain.json:96; src/_content/phat-trien-devops.json:96; src/_content/phat-trien-iot.json:97; src/_content/phat-trien-phan-mem-doanh-nghiep.json:214; src/_content/phat-trien-phan-mem-mvp.json:214; src/_content/phat-trien-ung-dung-saas.json:209; src/_content/thiet-ke-app.json:208; src/_content/thiet-ke-website.json:96; src/_content/van-hanh-va-bao-tri.json:208; src/lib/site-data.json:128|139|150|161|172|183|194|205|216|227|238|249,https://image.homenest.software/wp-content/uploads/2026/04/Real-Estate-Industries-Icon.png,public/images/dich_vu_linh_vuc/real-estate-industries-icon.png,CHO_KIEM_TRA,URL ảnh từ máy chủ bên ngoài.
ANH-0474,P1,DICH_VU_LINH_VUC,Real-Time-Performance-Monitoring.webp,webp,2,src/_content/phat-trien-ung-dung-saas.json:75; src/lib/site-data.json:216,https://image.homenest.software/wp-content/uploads/2026/04/Real-Time-Performance-Monitoring.webp,public/images/dich_vu_linh_vuc/real-time-performance-monitoring.webp,CHO_KIEM_TRA,URL ảnh từ máy chủ bên ngoài.
ANH-0475,P1,DICH_VU_LINH_VUC,Retail-Industries-Icon.png,png,24,src/_content/phat-trien-ai.json:171; src/_content/phat-trien-blockchain.json:95; src/_content/phat-trien-devops.json:95; src/_content/phat-trien-iot.json:96; src/_content/phat-trien-phan-mem-doanh-nghiep.json:209; src/_content/phat-trien-phan-mem-mvp.json:209; src/_content/phat-trien-ung-dung-saas.json:204; src/_content/thiet-ke-app.json:203; src/_content/thiet-ke-website.json:95; src/_content/van-hanh-va-bao-tri.json:203; src/lib/dich-vu-page.ts:195; src/lib/site-data.json:128|139|150|161|172|183|194|205|216|227|238|249|318,https://image.homenest.software/wp-content/uploads/2026/04/Retail-Industries-Icon.png,public/images/dich_vu_linh_vuc/retail-industries-icon.png,CHO_KIEM_TRA,URL ảnh từ máy chủ bên ngoài.
ANH-0476,P1,DICH_VU_LINH_VUC,SaaS-Application-banner-top-left.jpg,jpg,2,src/_content/phat-trien-ung-dung-saas.json:16; src/lib/site-data.json:216,https://image.homenest.software/wp-content/uploads/2026/04/SaaS-Application-banner-top-left.jpg,public/images/dich_vu_linh_vuc/saas-application-banner-top-left.jpg,CHO_KIEM_TRA,URL ảnh từ máy chủ bên ngoài.
ANH-0477,P1,DICH_VU_LINH_VUC,SaaS-Application-header-bottom-left.jpg,jpg,2,src/_content/phat-trien-ung-dung-saas.json:18; src/lib/site-data.json:216,https://image.homenest.software/wp-content/uploads/2026/04/SaaS-Application-header-bottom-left.jpg,public/images/dich_vu_linh_vuc/saas-application-header-bottom-left.jpg,CHO_KIEM_TRA,URL ảnh từ máy chủ bên ngoài.
ANH-0478,P1,DICH_VU_LINH_VUC,SaaS-Application-header-bottom-right.jpg,jpg,2,src/_content/phat-trien-ung-dung-saas.json:17; src/lib/site-data.json:216,https://image.homenest.software/wp-content/uploads/2026/04/SaaS-Application-header-bottom-right.jpg,public/images/dich_vu_linh_vuc/saas-application-header-bottom-right.jpg,CHO_KIEM_TRA,URL ảnh từ máy chủ bên ngoài.
ANH-0479,P1,DICH_VU_LINH_VUC,SaaS-Application-header-left.png,png,2,src/_content/phat-trien-ung-dung-saas.json:11; src/lib/site-data.json:216,https://image.homenest.software/wp-content/uploads/2026/04/SaaS-Application-header-left.png,public/images/dich_vu_linh_vuc/saas-application-header-left.png,CHO_KIEM_TRA,URL ảnh từ máy chủ bên ngoài.
ANH-0480,P1,DICH_VU_LINH_VUC,SaaS-Application-header-right.png,png,2,src/_content/phat-trien-ung-dung-saas.json:13; src/lib/site-data.json:216,https://image.homenest.software/wp-content/uploads/2026/04/SaaS-Application-header-right.png,public/images/dich_vu_linh_vuc/saas-application-header-right.png,CHO_KIEM_TRA,URL ảnh từ máy chủ bên ngoài.
ANH-0481,P1,DICH_VU_LINH_VUC,SaaS-Application-header-top-right.jpg,jpg,2,src/_content/phat-trien-ung-dung-saas.json:19; src/lib/site-data.json:216,https://image.homenest.software/wp-content/uploads/2026/04/SaaS-Application-header-top-right.jpg,public/images/dich_vu_linh_vuc/saas-application-header-top-right.jpg,CHO_KIEM_TRA,URL ảnh từ máy chủ bên ngoài.
ANH-0482,P1,DICH_VU_LINH_VUC,SaaS-Application-service-center.webp,webp,2,src/_content/phat-trien-ung-dung-saas.json:12; src/lib/site-data.json:216,https://image.homenest.software/wp-content/uploads/2026/04/SaaS-Application-service-center.webp,public/images/dich_vu_linh_vuc/saas-application-service-center.webp,CHO_KIEM_TRA,URL ảnh từ máy chủ bên ngoài.
ANH-0483,P1,DICH_VU_LINH_VUC,Seamless-API-Ecosystems.webp,webp,2,src/_content/phat-trien-ung-dung-saas.json:68; src/lib/site-data.json:216,https://image.homenest.software/wp-content/uploads/2026/04/Seamless-API-Ecosystems.webp,public/images/dich_vu_linh_vuc/seamless-api-ecosystems.webp,CHO_KIEM_TRA,URL ảnh từ máy chủ bên ngoài.
ANH-0484,P1,DICH_VU_LINH_VUC,Software-Maintenance-Support-header.jpg,jpg,4,src/_content/van-hanh-va-bao-tri.json:14; src/lib/site-data.json:249,https://image.homenest.software/wp-content/uploads/2026/04/Software-Maintenance-Support-header.jpg,public/images/dich_vu_linh_vuc/software-maintenance-support-header.jpg,CHO_KIEM_TRA,URL ảnh từ máy chủ bên ngoài.
ANH-0485,P1,DICH_VU_LINH_VUC,Software-Maintenance-Support-header2.jpg,jpg,4,src/_content/van-hanh-va-bao-tri.json:15; src/lib/site-data.json:249,https://image.homenest.software/wp-content/uploads/2026/04/Software-Maintenance-Support-header2.jpg,public/images/dich_vu_linh_vuc/software-maintenance-support-header2.jpg,CHO_KIEM_TRA,URL ảnh từ máy chủ bên ngoài.
ANH-0486,P1,DICH_VU_LINH_VUC,Software-Maintenance-Support-header3.jpg,jpg,4,src/_content/van-hanh-va-bao-tri.json:16; src/lib/site-data.json:249,https://image.homenest.software/wp-content/uploads/2026/04/Software-Maintenance-Support-header3.jpg,public/images/dich_vu_linh_vuc/software-maintenance-support-header3.jpg,CHO_KIEM_TRA,URL ảnh từ máy chủ bên ngoài.
ANH-0487,P1,DICH_VU_LINH_VUC,Subscription-Billing-Logic.webp,webp,2,src/_content/phat-trien-ung-dung-saas.json:37; src/lib/site-data.json:216,https://image.homenest.software/wp-content/uploads/2026/04/Subscription-Billing-Logic.webp,public/images/dich_vu_linh_vuc/subscription-billing-logic.webp,CHO_KIEM_TRA,URL ảnh từ máy chủ bên ngoài.
ANH-0488,P1,DICH_VU_LINH_VUC,System-Integration-Services-1.jpg,jpg,2,src/_content/phat-trien-phan-mem-doanh-nghiep.json:35; src/lib/site-data.json:183,https://image.homenest.software/wp-content/uploads/2026/04/System-Integration-Services-1.jpg,public/images/dich_vu_linh_vuc/system-integration-services-1.jpg,CHO_KIEM_TRA,URL ảnh từ máy chủ bên ngoài.
ANH-0489,P1,DICH_VU_LINH_VUC,The-booking-interface-of-the-Lover_s-Lawn-app.webp,webp,2,src/_content/thiet-ke-app.json:13; src/lib/site-data.json:227,https://image.homenest.software/wp-content/uploads/2026/04/The-booking-interface-of-the-Lover_s-Lawn-app.webp,public/images/dich_vu_linh_vuc/the-booking-interface-of-the-lover-s-lawn-app.webp,CHO_KIEM_TRA,URL ảnh từ máy chủ bên ngoài.
ANH-0490,P1,DICH_VU_LINH_VUC,The-homepage-interface-of-the-Lover_s-Lawn-app.webp,webp,2,src/_content/thiet-ke-app.json:12; src/lib/site-data.json:227,https://image.homenest.software/wp-content/uploads/2026/04/The-homepage-interface-of-the-Lover_s-Lawn-app.webp,public/images/dich_vu_linh_vuc/the-homepage-interface-of-the-lover-s-lawn-app.webp,CHO_KIEM_TRA,URL ảnh từ máy chủ bên ngoài.
ANH-0491,P1,DICH_VU_LINH_VUC,The-Lover_s-Lawn-app_s-booking-details-interface.webp,webp,2,src/_content/thiet-ke-app.json:11; src/lib/site-data.json:227,https://image.homenest.software/wp-content/uploads/2026/04/The-Lover_s-Lawn-app_s-booking-details-interface.webp,public/images/dich_vu_linh_vuc/the-lover-s-lawn-app-s-booking-details-interface.webp,CHO_KIEM_TRA,URL ảnh từ máy chủ bên ngoài.
ANH-0492,P1,DICH_VU_LINH_VUC,Time-field.jpg,jpg,2,src/_content/thiet-ke-app.json:17; src/lib/site-data.json:227,https://image.homenest.software/wp-content/uploads/2026/04/Time-field.jpg,public/images/dich_vu_linh_vuc/time-field.jpg,CHO_KIEM_TRA,URL ảnh từ máy chủ bên ngoài.
ANH-0493,P1,DICH_VU_LINH_VUC,Web-Application-Development-banner.jpg,jpg,4,src/_content/thiet-ke-website.json:9; src/lib/dich-vu-detail-pages.ts:182|487; src/lib/site-data.json:238,https://image.homenest.software/wp-content/uploads/2026/04/Web-Application-Development-banner.jpg,public/images/dich_vu_linh_vuc/web-application-development-banner.jpg,CHO_KIEM_TRA,URL ảnh từ máy chủ bên ngoài.
ANH-0494,P1,DICH_VU_LINH_VUC,Working-Progress.jpg,jpg,2,src/_content/thiet-ke-app.json:16; src/lib/site-data.json:227,https://image.homenest.software/wp-content/uploads/2026/04/Working-Progress.jpg,public/images/dich_vu_linh_vuc/working-progress.jpg,CHO_KIEM_TRA,URL ảnh từ máy chủ bên ngoài.
ANH-0495,P2,CAN_XEM_LAI,file.svg,svg,1,public/file.svg:1,/file.svg,public/images/can_xem_lai/file.svg,CHO_KIEM_TRA,Tệp đang lưu cục bộ.
ANH-0496,P2,CAN_XEM_LAI,globe.svg,svg,1,public/globe.svg:1,/globe.svg,public/images/can_xem_lai/globe.svg,CHO_KIEM_TRA,Tệp đang lưu cục bộ.
ANH-0497,P2,CAN_XEM_LAI,next.svg,svg,1,public/next.svg:1,/next.svg,public/images/can_xem_lai/next.svg,CHO_KIEM_TRA,Tệp đang lưu cục bộ.
ANH-0498,P2,CAN_XEM_LAI,vercel.svg,svg,1,public/vercel.svg:1,/vercel.svg,public/images/can_xem_lai/vercel.svg,CHO_KIEM_TRA,Tệp đang lưu cục bộ.
ANH-0499,P2,CAN_XEM_LAI,window.svg,svg,1,public/window.svg:1,/window.svg,public/images/can_xem_lai/window.svg,CHO_KIEM_TRA,Tệp đang lưu cục bộ.
ANH-0500,P2,CAN_XEM_LAI,Lĩnh-vực-Dầu-khí-HomeNest-Việt-Nam.png,png,1,src/lib/site-data.json:378,https://homenest.com.vn/assets/linh-vuc/L%C4%A9nh-v%E1%BB%B1c-D%E1%BA%A7u-kh%C3%AD-HomeNest-Vi%E1%BB%87t-Nam.png,public/images/can_xem_lai/linh-vuc-dau-khi-homenest-viet-nam.png,CHO_KIEM_TRA,URL ảnh từ máy chủ bên ngoài.
ANH-0501,P2,CAN_XEM_LAI,Lĩnh-vực-Du-lịch-HomeNest-Việt-Nam.png,png,1,src/lib/site-data.json:366,https://homenest.com.vn/assets/linh-vuc/L%C4%A9nh-v%E1%BB%B1c-Du-l%E1%BB%8Bch-HomeNest-Vi%E1%BB%87t-Nam.png,public/images/can_xem_lai/linh-vuc-du-lich-homenest-viet-nam.png,CHO_KIEM_TRA,URL ảnh từ máy chủ bên ngoài.
ANH-0502,P2,CAN_XEM_LAI,Lĩnh-vực-Kế-toán-HomeNest-Việt-Nam.png,png,1,src/lib/site-data.json:390,https://homenest.com.vn/assets/linh-vuc/L%C4%A9nh-v%E1%BB%B1c-K%E1%BA%BF-to%C3%A1n-HomeNest-Vi%E1%BB%87t-Nam.png,public/images/can_xem_lai/linh-vuc-ke-toan-homenest-viet-nam.png,CHO_KIEM_TRA,URL ảnh từ máy chủ bên ngoài.
ANH-0503,P2,CAN_XEM_LAI,Lĩnh-vực-Nông-nghiệp-HomeNest-Việt-Nam.png,png,1,src/lib/site-data.json:414,https://homenest.com.vn/assets/linh-vuc/L%C4%A9nh-v%E1%BB%B1c-N%C3%B4ng-nghi%E1%BB%87p-HomeNest-Vi%E1%BB%87t-Nam.png,public/images/can_xem_lai/linh-vuc-nong-nghiep-homenest-viet-nam.png,CHO_KIEM_TRA,URL ảnh từ máy chủ bên ngoài.
ANH-0504,P2,CAN_XEM_LAI,Lĩnh-vực-Ngân-hàng-HomeNest-Việt-Nam.png,png,1,src/lib/site-data.json:402,https://homenest.com.vn/assets/linh-vuc/L%C4%A9nh-v%E1%BB%B1c-Ng%C3%A2n-h%C3%A0ng-HomeNest-Vi%E1%BB%87t-Nam.png,public/images/can_xem_lai/linh-vuc-ngan-hang-homenest-viet-nam.png,CHO_KIEM_TRA,URL ảnh từ máy chủ bên ngoài.
ANH-0505,P2,CAN_XEM_LAI,Lĩnh-vực-Phát-triển-ứng-dụng-theo-yêu-cầu-HomeNest-Việt-Nam.png,png,1,src/lib/site-data.json:450,https://homenest.com.vn/assets/linh-vuc/L%C4%A9nh-v%E1%BB%B1c-Ph%C3%A1t-tri%E1%BB%83n-%E1%BB%A9ng-d%E1%BB%A5ng-theo-y%C3%AAu-c%E1%BA%A7u-HomeNest-Vi%E1%BB%87t-Nam.png,public/images/can_xem_lai/linh-vuc-phat-trien-ung-dung-theo-yeu-cau-homenest-viet-nam.png,CHO_KIEM_TRA,URL ảnh từ máy chủ bên ngoài.
ANH-0506,P2,CAN_XEM_LAI,Lĩnh-vực-Phát-triển-chuỗi-cung-ứng-HomeNest-Việt-Nam.png,png,1,src/lib/site-data.json:426,https://homenest.com.vn/assets/linh-vuc/L%C4%A9nh-v%E1%BB%B1c-Ph%C3%A1t-tri%E1%BB%83n-chu%E1%BB%97i-cung-%E1%BB%A9ng-HomeNest-Vi%E1%BB%87t-Nam.png,public/images/can_xem_lai/linh-vuc-phat-trien-chuoi-cung-ung-homenest-viet-nam.png,CHO_KIEM_TRA,URL ảnh từ máy chủ bên ngoài.
ANH-0507,P2,CAN_XEM_LAI,Lĩnh-vực-Phát-triển-phần-mềm-tiện-ích-HomeNest-Việt-Nam.png,png,1,src/lib/site-data.json:438,https://homenest.com.vn/assets/linh-vuc/L%C4%A9nh-v%E1%BB%B1c-Ph%C3%A1t-tri%E1%BB%83n-ph%E1%BA%A7n-m%E1%BB%81m-ti%E1%BB%87n-%C3%ADch-HomeNest-Vi%E1%BB%87t-Nam.png,public/images/can_xem_lai/linh-vuc-phat-trien-phan-mem-tien-ich-homenest-viet-nam.png,CHO_KIEM_TRA,URL ảnh từ máy chủ bên ngoài.
ANH-0508,P2,CAN_XEM_LAI,Lĩnh-vực-Xây-dựng-HomeNest-Việt-Nam.png,png,1,src/lib/site-data.json:462,https://homenest.com.vn/assets/linh-vuc/L%C4%A9nh-v%E1%BB%B1c-X%C3%A2y-d%E1%BB%B1ng-HomeNest-Vi%E1%BB%87t-Nam.png,public/images/can_xem_lai/linh-vuc-xay-dung-homenest-viet-nam.png,CHO_KIEM_TRA,URL ảnh từ máy chủ bên ngoài.
ANH-0509,P2,CAN_XEM_LAI,og-image.jpg,jpg,2,src/lib/site-data.json:125|1169,https://homenest.com.vn/og-image.jpg,public/images/can_xem_lai/og-image.jpg,CHO_KIEM_TRA,URL ảnh từ máy chủ bên ngoài.
ANH-0510,P2,CAN_XEM_LAI,giao-dien-du-an-La-Cerise-Dalat-Villas-Case-Study.jpg,jpg,1,src/lib/site-data.json:1187,https://image.homenest.com.vn/wp-content/uploads/2025/06/giao-dien-du-an-La-Cerise-Dalat-Villas-Case-Study.jpg,public/images/can_xem_lai/giao-dien-du-an-la-cerise-dalat-villas-case-study.jpg,CHO_KIEM_TRA,URL ảnh từ máy chủ bên ngoài.
ANH-0511,P2,CAN_XEM_LAI,Tuong-Lai-App-Dau-Tu-Vang-So-Nhung-Xu-Huong-Quan-Trong-Can-Theo-Doi.png,png,1,src/lib/site-data.json:749,https://image.homenest.com.vn/wp-content/uploads/2026/02/22120050/Tuong-Lai-App-Dau-Tu-Vang-So-Nhung-Xu-Huong-Quan-Trong-Can-Theo-Doi.png,public/images/can_xem_lai/tuong-lai-app-dau-tu-vang-so-nhung-xu-huong-quan-trong-can-theo-doi.png,CHO_KIEM_TRA,URL ảnh từ máy chủ bên ngoài.
ANH-0512,P2,CAN_XEM_LAI,Nhung-thach-thuc-trong-phat-trien-App-Flutter-ban-can-biet.jpg,jpg,1,src/lib/site-data.json:749,https://image.homenest.com.vn/wp-content/uploads/2026/02/22120118/Nhung-thach-thuc-trong-phat-trien-App-Flutter-ban-can-biet.jpg,public/images/can_xem_lai/nhung-thach-thuc-trong-phat-trien-app-flutter-ban-can-biet.jpg,CHO_KIEM_TRA,URL ảnh từ máy chủ bên ngoài.
ANH-0513,P2,CAN_XEM_LAI,Top-Software-Consulting-Companies-1024x508-1-300x149.jpg,jpg,1,src/lib/site-data.json:804,https://image.homenest.com.vn/wp-content/uploads/2026/03/22115713/Top-Software-Consulting-Companies-1024x508-1-300x149.jpg,public/images/can_xem_lai/top-software-consulting-companies-1024x508-1-300x149.jpg,CHO_KIEM_TRA,URL ảnh từ máy chủ bên ngoài.
ANH-0514,P2,CAN_XEM_LAI,Top-Software-Consulting-Companies-1024x508-1-768x381.jpg,jpg,1,src/lib/site-data.json:804,https://image.homenest.com.vn/wp-content/uploads/2026/03/22115713/Top-Software-Consulting-Companies-1024x508-1-768x381.jpg,public/images/can_xem_lai/top-software-consulting-companies-1024x508-1-768x381.jpg,CHO_KIEM_TRA,URL ảnh từ máy chủ bên ngoài.
ANH-0515,P2,CAN_XEM_LAI,Top-Software-Consulting-Companies-1024x508-1.jpg,jpg,2,src/lib/site-data.json:804,https://image.homenest.com.vn/wp-content/uploads/2026/03/22115713/Top-Software-Consulting-Companies-1024x508-1.jpg,public/images/can_xem_lai/top-software-consulting-companies-1024x508-1.jpg,CHO_KIEM_TRA,URL ảnh từ máy chủ bên ngoài.
ANH-0516,P2,CAN_XEM_LAI,Cac-buoc-hanh-dong-danh-cho-Tech-Leaders-300x169.webp,webp,1,src/lib/site-data.json:749,https://image.homenest.com.vn/wp-content/uploads/2026/03/22115714/Cac-buoc-hanh-dong-danh-cho-Tech-Leaders-300x169.webp,public/images/can_xem_lai/cac-buoc-hanh-dong-danh-cho-tech-leaders-300x169.webp,CHO_KIEM_TRA,URL ảnh từ máy chủ bên ngoài.
ANH-0517,P2,CAN_XEM_LAI,Cac-buoc-hanh-dong-danh-cho-Tech-Leaders-768x432.webp,webp,1,src/lib/site-data.json:749,https://image.homenest.com.vn/wp-content/uploads/2026/03/22115714/Cac-buoc-hanh-dong-danh-cho-Tech-Leaders-768x432.webp,public/images/can_xem_lai/cac-buoc-hanh-dong-danh-cho-tech-leaders-768x432.webp,CHO_KIEM_TRA,URL ảnh từ máy chủ bên ngoài.
ANH-0518,P2,CAN_XEM_LAI,Cac-buoc-hanh-dong-danh-cho-Tech-Leaders.webp,webp,2,src/lib/site-data.json:749,https://image.homenest.com.vn/wp-content/uploads/2026/03/22115714/Cac-buoc-hanh-dong-danh-cho-Tech-Leaders.webp,public/images/can_xem_lai/cac-buoc-hanh-dong-danh-cho-tech-leaders.webp,CHO_KIEM_TRA,URL ảnh từ máy chủ bên ngoài.
ANH-0519,P2,CAN_XEM_LAI,top-cong-ty-phan-mem-uy-tin.jpg,jpg,20,src/lib/site-data.json:128|139|150|161|172|183|194|205|216|227|238|249|749|771|782|793|800|804|812,https://image.homenest.com.vn/wp-content/uploads/2026/03/22115714/top-cong-ty-phan-mem-uy-tin.jpg,public/images/can_xem_lai/top-cong-ty-phan-mem-uy-tin.jpg,CHO_KIEM_TRA,URL ảnh từ máy chủ bên ngoài.
ANH-0520,P2,CAN_XEM_LAI,What-Are-Software-Consulting-Companies-1024x670.webp,webp,2,src/lib/site-data.json:804,https://image.homenest.com.vn/wp-content/uploads/2026/03/22115714/What-Are-Software-Consulting-Companies-1024x670.webp,public/images/can_xem_lai/what-are-software-consulting-companies-1024x670.webp,CHO_KIEM_TRA,URL ảnh từ máy chủ bên ngoài.
ANH-0521,P2,CAN_XEM_LAI,What-Are-Software-Consulting-Companies-1536x1005.webp,webp,1,src/lib/site-data.json:804,https://image.homenest.com.vn/wp-content/uploads/2026/03/22115714/What-Are-Software-Consulting-Companies-1536x1005.webp,public/images/can_xem_lai/what-are-software-consulting-companies-1536x1005.webp,CHO_KIEM_TRA,URL ảnh từ máy chủ bên ngoài.
ANH-0522,P2,CAN_XEM_LAI,What-Are-Software-Consulting-Companies-300x196.webp,webp,1,src/lib/site-data.json:804,https://image.homenest.com.vn/wp-content/uploads/2026/03/22115714/What-Are-Software-Consulting-Companies-300x196.webp,public/images/can_xem_lai/what-are-software-consulting-companies-300x196.webp,CHO_KIEM_TRA,URL ảnh từ máy chủ bên ngoài.
ANH-0523,P2,CAN_XEM_LAI,What-Are-Software-Consulting-Companies-768x502.webp,webp,1,src/lib/site-data.json:804,https://image.homenest.com.vn/wp-content/uploads/2026/03/22115714/What-Are-Software-Consulting-Companies-768x502.webp,public/images/can_xem_lai/what-are-software-consulting-companies-768x502.webp,CHO_KIEM_TRA,URL ảnh từ máy chủ bên ngoài.
ANH-0524,P2,CAN_XEM_LAI,What-Are-Software-Consulting-Companies.webp,webp,1,src/lib/site-data.json:804,https://image.homenest.com.vn/wp-content/uploads/2026/03/22115714/What-Are-Software-Consulting-Companies.webp,public/images/can_xem_lai/what-are-software-consulting-companies.webp,CHO_KIEM_TRA,URL ảnh từ máy chủ bên ngoài.
ANH-0525,P2,CAN_XEM_LAI,Key-Use-Cases-of-Blockchain-and-IoT-1024x683-1-300x200.webp,webp,1,src/lib/site-data.json:749,https://image.homenest.com.vn/wp-content/uploads/2026/03/22115715/Key-Use-Cases-of-Blockchain-and-IoT-1024x683-1-300x200.webp,public/images/can_xem_lai/key-use-cases-of-blockchain-and-iot-1024x683-1-300x200.webp,CHO_KIEM_TRA,URL ảnh từ máy chủ bên ngoài.
ANH-0526,P2,CAN_XEM_LAI,Key-Use-Cases-of-Blockchain-and-IoT-1024x683-1-768x512.webp,webp,1,src/lib/site-data.json:749,https://image.homenest.com.vn/wp-content/uploads/2026/03/22115715/Key-Use-Cases-of-Blockchain-and-IoT-1024x683-1-768x512.webp,public/images/can_xem_lai/key-use-cases-of-blockchain-and-iot-1024x683-1-768x512.webp,CHO_KIEM_TRA,URL ảnh từ máy chủ bên ngoài.
ANH-0527,P2,CAN_XEM_LAI,Key-Use-Cases-of-Blockchain-and-IoT-1024x683-1.webp,webp,2,src/lib/site-data.json:749,https://image.homenest.com.vn/wp-content/uploads/2026/03/22115715/Key-Use-Cases-of-Blockchain-and-IoT-1024x683-1.webp,public/images/can_xem_lai/key-use-cases-of-blockchain-and-iot-1024x683-1.webp,CHO_KIEM_TRA,URL ảnh từ máy chủ bên ngoài.
ANH-0528,P2,CAN_XEM_LAI,blockchain-iot1.jpg,jpg,20,src/lib/site-data.json:128|139|150|161|172|183|194|205|216|227|238|249|745|749|771|782|793|804|812,https://image.homenest.com.vn/wp-content/uploads/2026/03/22115716/blockchain-iot1.jpg,public/images/can_xem_lai/blockchain-iot1.jpg,CHO_KIEM_TRA,URL ảnh từ máy chủ bên ngoài.
ANH-0529,P2,CAN_XEM_LAI,How-Blockchain-Enhances-IoT-Systems-1024x683-1-300x200.webp,webp,1,src/lib/site-data.json:749,https://image.homenest.com.vn/wp-content/uploads/2026/03/22115716/How-Blockchain-Enhances-IoT-Systems-1024x683-1-300x200.webp,public/images/can_xem_lai/how-blockchain-enhances-iot-systems-1024x683-1-300x200.webp,CHO_KIEM_TRA,URL ảnh từ máy chủ bên ngoài.
ANH-0530,P2,CAN_XEM_LAI,How-Blockchain-Enhances-IoT-Systems-1024x683-1-768x512.webp,webp,1,src/lib/site-data.json:749,https://image.homenest.com.vn/wp-content/uploads/2026/03/22115716/How-Blockchain-Enhances-IoT-Systems-1024x683-1-768x512.webp,public/images/can_xem_lai/how-blockchain-enhances-iot-systems-1024x683-1-768x512.webp,CHO_KIEM_TRA,URL ảnh từ máy chủ bên ngoài.
ANH-0531,P2,CAN_XEM_LAI,How-Blockchain-Enhances-IoT-Systems-1024x683-1.webp,webp,2,src/lib/site-data.json:749,https://image.homenest.com.vn/wp-content/uploads/2026/03/22115716/How-Blockchain-Enhances-IoT-Systems-1024x683-1.webp,public/images/can_xem_lai/how-blockchain-enhances-iot-systems-1024x683-1.webp,CHO_KIEM_TRA,URL ảnh từ máy chủ bên ngoài.
ANH-0532,P2,CAN_XEM_LAI,software-engineer-career-path-scaled-1-1024x683.png,png,2,src/lib/site-data.json:782,https://image.homenest.com.vn/wp-content/uploads/2026/03/22115908/software-engineer-career-path-scaled-1-1024x683.png,public/images/can_xem_lai/software-engineer-career-path-scaled-1-1024x683.png,CHO_KIEM_TRA,URL ảnh từ máy chủ bên ngoài.
ANH-0533,P2,CAN_XEM_LAI,software-engineer-career-path-scaled-1-1536x1024.png,png,1,src/lib/site-data.json:782,https://image.homenest.com.vn/wp-content/uploads/2026/03/22115908/software-engineer-career-path-scaled-1-1536x1024.png,public/images/can_xem_lai/software-engineer-career-path-scaled-1-1536x1024.png,CHO_KIEM_TRA,URL ảnh từ máy chủ bên ngoài.
ANH-0534,P2,CAN_XEM_LAI,software-engineer-career-path-scaled-1-2048x1366.png,png,1,src/lib/site-data.json:782,https://image.homenest.com.vn/wp-content/uploads/2026/03/22115908/software-engineer-career-path-scaled-1-2048x1366.png,public/images/can_xem_lai/software-engineer-career-path-scaled-1-2048x1366.png,CHO_KIEM_TRA,URL ảnh từ máy chủ bên ngoài.
ANH-0535,P2,CAN_XEM_LAI,software-engineer-career-path-scaled-1-300x200.png,png,1,src/lib/site-data.json:782,https://image.homenest.com.vn/wp-content/uploads/2026/03/22115908/software-engineer-career-path-scaled-1-300x200.png,public/images/can_xem_lai/software-engineer-career-path-scaled-1-300x200.png,CHO_KIEM_TRA,URL ảnh từ máy chủ bên ngoài.
ANH-0536,P2,CAN_XEM_LAI,software-engineer-career-path-scaled-1-768x512.png,png,1,src/lib/site-data.json:782,https://image.homenest.com.vn/wp-content/uploads/2026/03/22115908/software-engineer-career-path-scaled-1-768x512.png,public/images/can_xem_lai/software-engineer-career-path-scaled-1-768x512.png,CHO_KIEM_TRA,URL ảnh từ máy chủ bên ngoài.
ANH-0537,P2,CAN_XEM_LAI,Software-Engineer-Career-Path-300x171.png,png,1,src/lib/site-data.json:782,https://image.homenest.com.vn/wp-content/uploads/2026/03/22115909/Software-Engineer-Career-Path-300x171.png,public/images/can_xem_lai/software-engineer-career-path-300x171.png,CHO_KIEM_TRA,URL ảnh từ máy chủ bên ngoài.
ANH-0538,P2,CAN_XEM_LAI,Software-Engineer-Career-Path.png,png,2,src/lib/site-data.json:782,https://image.homenest.com.vn/wp-content/uploads/2026/03/22115909/Software-Engineer-Career-Path.png,public/images/can_xem_lai/software-engineer-career-path.png,CHO_KIEM_TRA,URL ảnh từ máy chủ bên ngoài.
ANH-0539,P2,CAN_XEM_LAI,Homenest-Software-Engineer-scaled-e1773732164739-1024x698.jpg,jpg,4,src/lib/site-data.json:793|804,https://image.homenest.com.vn/wp-content/uploads/2026/03/22115911/Homenest-Software-Engineer-scaled-e1773732164739-1024x698.jpg,public/images/can_xem_lai/homenest-software-engineer-scaled-e1773732164739-1024x698.jpg,CHO_KIEM_TRA,URL ảnh từ máy chủ bên ngoài.
ANH-0540,P2,CAN_XEM_LAI,Homenest-Software-Engineer-scaled-e1773732164739-1536x1047.jpg,jpg,2,src/lib/site-data.json:793|804,https://image.homenest.com.vn/wp-content/uploads/2026/03/22115911/Homenest-Software-Engineer-scaled-e1773732164739-1536x1047.jpg,public/images/can_xem_lai/homenest-software-engineer-scaled-e1773732164739-1536x1047.jpg,CHO_KIEM_TRA,URL ảnh từ máy chủ bên ngoài.
ANH-0541,P2,CAN_XEM_LAI,Homenest-Software-Engineer-scaled-e1773732164739-300x204.jpg,jpg,2,src/lib/site-data.json:793|804,https://image.homenest.com.vn/wp-content/uploads/2026/03/22115911/Homenest-Software-Engineer-scaled-e1773732164739-300x204.jpg,public/images/can_xem_lai/homenest-software-engineer-scaled-e1773732164739-300x204.jpg,CHO_KIEM_TRA,URL ảnh từ máy chủ bên ngoài.
ANH-0542,P2,CAN_XEM_LAI,Homenest-Software-Engineer-scaled-e1773732164739-768x524.jpg,jpg,2,src/lib/site-data.json:793|804,https://image.homenest.com.vn/wp-content/uploads/2026/03/22115911/Homenest-Software-Engineer-scaled-e1773732164739-768x524.jpg,public/images/can_xem_lai/homenest-software-engineer-scaled-e1773732164739-768x524.jpg,CHO_KIEM_TRA,URL ảnh từ máy chủ bên ngoài.
ANH-0543,P2,CAN_XEM_LAI,Cong-Cu-Vibe-Coding-Tot-Nhat-Cho-Nguoi-Moi-Bat-Dau.jpg,jpg,6,src/lib/site-data.json:749|771|782|793|804,https://image.homenest.com.vn/wp-content/uploads/2026/03/22115925/Cong-Cu-Vibe-Coding-Tot-Nhat-Cho-Nguoi-Moi-Bat-Dau.jpg,public/images/can_xem_lai/cong-cu-vibe-coding-tot-nhat-cho-nguoi-moi-bat-dau.jpg,CHO_KIEM_TRA,URL ảnh từ máy chủ bên ngoài.
ANH-0544,P2,CAN_XEM_LAI,Crypto-Security.png,png,6,src/lib/site-data.json:749|771|782|793|804,https://image.homenest.com.vn/wp-content/uploads/2026/03/22115926/Crypto-Security.png,public/images/can_xem_lai/crypto-security.png,CHO_KIEM_TRA,URL ảnh từ máy chủ bên ngoài.
ANH-0545,P2,CAN_XEM_LAI,Cac-san-pham-tieu-bieu-1024x567.png,png,2,src/lib/site-data.json:771,https://image.homenest.com.vn/wp-content/uploads/2026/03/22115932/Cac-san-pham-tieu-bieu-1024x567.png,public/images/can_xem_lai/cac-san-pham-tieu-bieu-1024x567.png,CHO_KIEM_TRA,URL ảnh từ máy chủ bên ngoài.
ANH-0546,P2,CAN_XEM_LAI,Cac-san-pham-tieu-bieu-300x166.png,png,1,src/lib/site-data.json:771,https://image.homenest.com.vn/wp-content/uploads/2026/03/22115932/Cac-san-pham-tieu-bieu-300x166.png,public/images/can_xem_lai/cac-san-pham-tieu-bieu-300x166.png,CHO_KIEM_TRA,URL ảnh từ máy chủ bên ngoài.
ANH-0547,P2,CAN_XEM_LAI,Cac-san-pham-tieu-bieu-768x425.png,png,1,src/lib/site-data.json:771,https://image.homenest.com.vn/wp-content/uploads/2026/03/22115932/Cac-san-pham-tieu-bieu-768x425.png,public/images/can_xem_lai/cac-san-pham-tieu-bieu-768x425.png,CHO_KIEM_TRA,URL ảnh từ máy chủ bên ngoài.
ANH-0548,P2,CAN_XEM_LAI,Cac-san-pham-tieu-bieu.png,png,1,src/lib/site-data.json:771,https://image.homenest.com.vn/wp-content/uploads/2026/03/22115932/Cac-san-pham-tieu-bieu.png,public/images/can_xem_lai/cac-san-pham-tieu-bieu.png,CHO_KIEM_TRA,URL ảnh từ máy chủ bên ngoài.
ANH-0549,P2,CAN_XEM_LAI,Flutter-300x196.png,png,1,src/lib/site-data.json:771,https://image.homenest.com.vn/wp-content/uploads/2026/03/22115932/Flutter-300x196.png,public/images/can_xem_lai/flutter-300x196.png,CHO_KIEM_TRA,URL ảnh từ máy chủ bên ngoài.
ANH-0550,P2,CAN_XEM_LAI,Flutter-768x502.png,png,1,src/lib/site-data.json:771,https://image.homenest.com.vn/wp-content/uploads/2026/03/22115932/Flutter-768x502.png,public/images/can_xem_lai/flutter-768x502.png,CHO_KIEM_TRA,URL ảnh từ máy chủ bên ngoài.
ANH-0551,P2,CAN_XEM_LAI,Flutter.png,png,2,src/lib/site-data.json:771,https://image.homenest.com.vn/wp-content/uploads/2026/03/22115932/Flutter.png,public/images/can_xem_lai/flutter.png,CHO_KIEM_TRA,URL ảnh từ máy chủ bên ngoài.
ANH-0552,P2,CAN_XEM_LAI,Native-Development-300x225.png,png,1,src/lib/site-data.json:771,https://image.homenest.com.vn/wp-content/uploads/2026/03/22115933/Native-Development-300x225.png,public/images/can_xem_lai/native-development-300x225.png,CHO_KIEM_TRA,URL ảnh từ máy chủ bên ngoài.
ANH-0553,P2,CAN_XEM_LAI,Native-Development-768x576.png,png,1,src/lib/site-data.json:771,https://image.homenest.com.vn/wp-content/uploads/2026/03/22115933/Native-Development-768x576.png,public/images/can_xem_lai/native-development-768x576.png,CHO_KIEM_TRA,URL ảnh từ máy chủ bên ngoài.
ANH-0554,P2,CAN_XEM_LAI,Native-Development.png,png,2,src/lib/site-data.json:771,https://image.homenest.com.vn/wp-content/uploads/2026/03/22115933/Native-Development.png,public/images/can_xem_lai/native-development.png,CHO_KIEM_TRA,URL ảnh từ máy chủ bên ngoài.
ANH-0555,P2,CAN_XEM_LAI,WebView-300x218.png,png,1,src/lib/site-data.json:771,https://image.homenest.com.vn/wp-content/uploads/2026/03/22115933/WebView-300x218.png,public/images/can_xem_lai/webview-300x218.png,CHO_KIEM_TRA,URL ảnh từ máy chủ bên ngoài.
ANH-0556,P2,CAN_XEM_LAI,WebView-768x559.png,png,1,src/lib/site-data.json:771,https://image.homenest.com.vn/wp-content/uploads/2026/03/22115933/WebView-768x559.png,public/images/can_xem_lai/webview-768x559.png,CHO_KIEM_TRA,URL ảnh từ máy chủ bên ngoài.
ANH-0557,P2,CAN_XEM_LAI,WebView.png,png,2,src/lib/site-data.json:771,https://image.homenest.com.vn/wp-content/uploads/2026/03/22115933/WebView.png,public/images/can_xem_lai/webview.png,CHO_KIEM_TRA,URL ảnh từ máy chủ bên ngoài.
ANH-0558,P2,CAN_XEM_LAI,picture3-300x161.png,png,1,src/lib/site-data.json:771,https://image.homenest.com.vn/wp-content/uploads/2026/03/22115934/picture3-300x161.png,public/images/can_xem_lai/picture3-300x161.png,CHO_KIEM_TRA,URL ảnh từ máy chủ bên ngoài.
ANH-0559,P2,CAN_XEM_LAI,picture3.png,png,2,src/lib/site-data.json:771,https://image.homenest.com.vn/wp-content/uploads/2026/03/22115934/picture3.png,public/images/can_xem_lai/picture3.png,CHO_KIEM_TRA,URL ảnh từ máy chủ bên ngoài.
ANH-0560,P2,CAN_XEM_LAI,Platform-Channel-276x300.png,png,1,src/lib/site-data.json:771,https://image.homenest.com.vn/wp-content/uploads/2026/03/22115934/Platform-Channel-276x300.png,public/images/can_xem_lai/platform-channel-276x300.png,CHO_KIEM_TRA,URL ảnh từ máy chủ bên ngoài.
ANH-0561,P2,CAN_XEM_LAI,Platform-Channel.png,png,2,src/lib/site-data.json:771,https://image.homenest.com.vn/wp-content/uploads/2026/03/22115934/Platform-Channel.png,public/images/can_xem_lai/platform-channel.png,CHO_KIEM_TRA,URL ảnh từ máy chủ bên ngoài.
ANH-0562,P2,CAN_XEM_LAI,google-serp-api.jpg,jpg,1,src/lib/site-data.json:804,https://image.homenest.com.vn/wp-content/uploads/2026/03/22115944/google-serp-api.jpg,public/images/can_xem_lai/google-serp-api.jpg,CHO_KIEM_TRA,URL ảnh từ máy chủ bên ngoài.
ANH-0563,P2,CAN_XEM_LAI,Frontend-Vs-backend-banner.webp,webp,1,src/lib/site-data.json:760,https://image.homenest.com.vn/wp-content/uploads/2026/03/22115950/Frontend-Vs-backend-banner.webp,public/images/can_xem_lai/frontend-vs-backend-banner.webp,CHO_KIEM_TRA,URL ảnh từ máy chủ bên ngoài.
ANH-0564,P2,CAN_XEM_LAI,Top-50-Cong-Ty-Software-Outsourcing-Hang-Dau-The-Gioi.jpg,jpg,1,src/lib/site-data.json:804,https://image.homenest.com.vn/wp-content/uploads/2026/03/22115951/Top-50-Cong-Ty-Software-Outsourcing-Hang-Dau-The-Gioi.jpg,public/images/can_xem_lai/top-50-cong-ty-software-outsourcing-hang-dau-the-gioi.jpg,CHO_KIEM_TRA,URL ảnh từ máy chủ bên ngoài.
ANH-0565,P2,CAN_XEM_LAI,ava-developer-la-gi.jpg,jpg,1,src/lib/site-data.json:760,https://image.homenest.com.vn/wp-content/uploads/2026/03/22120017/ava-developer-la-gi.jpg,public/images/can_xem_lai/ava-developer-la-gi.jpg,CHO_KIEM_TRA,URL ảnh từ máy chủ bên ngoài.
ANH-0566,P2,CAN_XEM_LAI,building-architecture-service.jpg,jpg,7,src/lib/site-data.json:812,https://image.homenest.com.vn/wp-content/uploads/2026/04/building-architecture-service.jpg,public/images/can_xem_lai/building-architecture-service.jpg,CHO_KIEM_TRA,URL ảnh từ máy chủ bên ngoài.
ANH-0567,P2,CAN_XEM_LAI,building-scalable-team.jpg,jpg,1,src/lib/site-data.json:812,https://image.homenest.com.vn/wp-content/uploads/2026/04/building-scalable-team.jpg,public/images/can_xem_lai/building-scalable-team.jpg,CHO_KIEM_TRA,URL ảnh từ máy chủ bên ngoài.
ANH-0568,P2,CAN_XEM_LAI,Cot-banner-trang-chu-HomeNest-Viet-Nam.png,png,2,src/components/sections/Hero.tsx:11; src/lib/site-data.json:833,https://image.homenest.com.vn/wp-content/uploads/2026/04/Cot-banner-trang-chu-HomeNest-Viet-Nam.png,public/images/can_xem_lai/cot-banner-trang-chu-homenest-viet-nam.png,CHO_KIEM_TRA,URL ảnh từ máy chủ bên ngoài.
ANH-0569,P2,CAN_XEM_LAI,hero-building-scalable-bg.png,png,4,src/components/sections/BuildingScalable.module.css:5; src/lib/site-data.json:810|812|1780,https://image.homenest.com.vn/wp-content/uploads/2026/04/hero-building-scalable-bg.png,public/images/can_xem_lai/hero-building-scalable-bg.png,CHO_KIEM_TRA,URL ảnh từ máy chủ bên ngoài.
ANH-0570,P2,CAN_XEM_LAI,job-detail-banner.png,png,1,src/app/tuyen-dung/[slug]/page.tsx:11,https://image.homenest.com.vn/wp-content/uploads/2026/04/job-detail-banner.png,public/images/can_xem_lai/job-detail-banner.png,CHO_KIEM_TRA,URL ảnh từ máy chủ bên ngoài.
ANH-0571,P2,CAN_XEM_LAI,Khoi-banner-trang-chu-HomeNest-Viet-Nam.png,png,2,src/components/sections/Hero.tsx:10; src/lib/site-data.json:832,https://image.homenest.com.vn/wp-content/uploads/2026/04/Khoi-banner-trang-chu-HomeNest-Viet-Nam.png,public/images/can_xem_lai/khoi-banner-trang-chu-homenest-viet-nam.png,CHO_KIEM_TRA,URL ảnh từ máy chủ bên ngoài.
ANH-0572,P2,CAN_XEM_LAI,showreel-thumbnail.png,png,1,src/lib/site-data.json:812,https://image.homenest.com.vn/wp-content/uploads/2026/04/showreel-thumbnail.png,public/images/can_xem_lai/showreel-thumbnail.png,CHO_KIEM_TRA,URL ảnh từ máy chủ bên ngoài.
ANH-0573,P2,CAN_XEM_LAI,testimonial-avatar-1.jpg,jpg,1,src/lib/site-data.json:1323,https://image.homenest.com.vn/wp-content/uploads/2026/04/testimonial-avatar-1.jpg,public/images/can_xem_lai/testimonial-avatar-1.jpg,CHO_KIEM_TRA,URL ảnh từ máy chủ bên ngoài.
ANH-0574,P2,CAN_XEM_LAI,testimonial-avatar-2.jpg,jpg,1,src/lib/site-data.json:812,https://image.homenest.com.vn/wp-content/uploads/2026/04/testimonial-avatar-2.jpg,public/images/can_xem_lai/testimonial-avatar-2.jpg,CHO_KIEM_TRA,URL ảnh từ máy chủ bên ngoài.
ANH-0575,P2,CAN_XEM_LAI,testimonial-avatar-3.jpg,jpg,1,src/lib/site-data.json:812,https://image.homenest.com.vn/wp-content/uploads/2026/04/testimonial-avatar-3.jpg,public/images/can_xem_lai/testimonial-avatar-3.jpg,CHO_KIEM_TRA,URL ảnh từ máy chủ bên ngoài.
ANH-0576,P2,CAN_XEM_LAI,testimonial-avatar-4.jpg,jpg,1,src/lib/site-data.json:812,https://image.homenest.com.vn/wp-content/uploads/2026/04/testimonial-avatar-4.jpg,public/images/can_xem_lai/testimonial-avatar-4.jpg,CHO_KIEM_TRA,URL ảnh từ máy chủ bên ngoài.
ANH-0577,P2,CAN_XEM_LAI,testimonial-avatar-5.jpg,jpg,1,src/lib/site-data.json:812,https://image.homenest.com.vn/wp-content/uploads/2026/04/testimonial-avatar-5.jpg,public/images/can_xem_lai/testimonial-avatar-5.jpg,CHO_KIEM_TRA,URL ảnh từ máy chủ bên ngoài.
ANH-0578,P2,CAN_XEM_LAI,testimonial-avatar-6.jpg,jpg,1,src/lib/site-data.json:812,https://image.homenest.com.vn/wp-content/uploads/2026/04/testimonial-avatar-6.jpg,public/images/can_xem_lai/testimonial-avatar-6.jpg,CHO_KIEM_TRA,URL ảnh từ máy chủ bên ngoài.
ANH-0579,P2,CAN_XEM_LAI,Thi-truong-HomeNest-Viet-Nam-phuc-vu.jpg,jpg,1,src/lib/site-data.json:888,https://image.homenest.com.vn/wp-content/uploads/2026/04/Thi-truong-HomeNest-Viet-Nam-phuc-vu.jpg,public/images/can_xem_lai/thi-truong-homenest-viet-nam-phuc-vu.jpg,CHO_KIEM_TRA,URL ảnh từ máy chủ bên ngoài.
ANH-0580,P2,CAN_XEM_LAI,Tru-So-HomeNestVietNam.jpg,jpg,1,src/components/sections/WhyChooseUs.module.css:648,https://image.homenest.com.vn/wp-content/uploads/2026/04/Tru-So-HomeNestVietNam.jpg,public/images/can_xem_lai/tru-so-homenestvietnam.jpg,CHO_KIEM_TRA,URL ảnh từ máy chủ bên ngoài.
ANH-0581,P2,CAN_XEM_LAI,user-avatar-1.jpg,jpg,4,src/lib/site-data.json:812,https://image.homenest.com.vn/wp-content/uploads/2026/04/user-avatar-1.jpg,public/images/can_xem_lai/user-avatar-1.jpg,CHO_KIEM_TRA,URL ảnh từ máy chủ bên ngoài.
ANH-0582,P2,CAN_XEM_LAI,Trang-dich-vu-Destiny-Nail-Bar-1024x576.jpg,jpg,1,src/lib/case-study-live-details.json:274,https://image.homenest.com.vn/wp-content/uploads/2026/05/Trang-dich-vu-Destiny-Nail-Bar-1024x576.jpg,public/images/can_xem_lai/trang-dich-vu-destiny-nail-bar-1024x576.jpg,CHO_KIEM_TRA,URL ảnh từ máy chủ bên ngoài.
ANH-0583,P2,CAN_XEM_LAI,Trang-dich-vu-Destiny-Nail-Bar-1536x864.jpg,jpg,1,src/lib/case-study-live-details.json:274,https://image.homenest.com.vn/wp-content/uploads/2026/05/Trang-dich-vu-Destiny-Nail-Bar-1536x864.jpg,public/images/can_xem_lai/trang-dich-vu-destiny-nail-bar-1536x864.jpg,CHO_KIEM_TRA,URL ảnh từ máy chủ bên ngoài.
ANH-0584,P2,CAN_XEM_LAI,Trang-dich-vu-Destiny-Nail-Bar-300x169.jpg,jpg,1,src/lib/case-study-live-details.json:274,https://image.homenest.com.vn/wp-content/uploads/2026/05/Trang-dich-vu-Destiny-Nail-Bar-300x169.jpg,public/images/can_xem_lai/trang-dich-vu-destiny-nail-bar-300x169.jpg,CHO_KIEM_TRA,URL ảnh từ máy chủ bên ngoài.
ANH-0585,P2,CAN_XEM_LAI,Trang-dich-vu-Destiny-Nail-Bar-768x432.jpg,jpg,1,src/lib/case-study-live-details.json:274,https://image.homenest.com.vn/wp-content/uploads/2026/05/Trang-dich-vu-Destiny-Nail-Bar-768x432.jpg,public/images/can_xem_lai/trang-dich-vu-destiny-nail-bar-768x432.jpg,CHO_KIEM_TRA,URL ảnh từ máy chủ bên ngoài.
ANH-0586,P2,CAN_XEM_LAI,Trang-dich-vu-Destiny-Nail-Bar.jpg,jpg,2,src/lib/case-study-live-details.json:274,https://image.homenest.com.vn/wp-content/uploads/2026/05/Trang-dich-vu-Destiny-Nail-Bar.jpg,public/images/can_xem_lai/trang-dich-vu-destiny-nail-bar.jpg,CHO_KIEM_TRA,URL ảnh từ máy chủ bên ngoài.
ANH-0587,P2,CAN_XEM_LAI,Trang-san-pham-Destiny-Nail-Bar-1024x576.jpg,jpg,1,src/lib/case-study-live-details.json:274,https://image.homenest.com.vn/wp-content/uploads/2026/05/Trang-san-pham-Destiny-Nail-Bar-1024x576.jpg,public/images/can_xem_lai/trang-san-pham-destiny-nail-bar-1024x576.jpg,CHO_KIEM_TRA,URL ảnh từ máy chủ bên ngoài.
ANH-0588,P2,CAN_XEM_LAI,Trang-san-pham-Destiny-Nail-Bar-1536x864.jpg,jpg,1,src/lib/case-study-live-details.json:274,https://image.homenest.com.vn/wp-content/uploads/2026/05/Trang-san-pham-Destiny-Nail-Bar-1536x864.jpg,public/images/can_xem_lai/trang-san-pham-destiny-nail-bar-1536x864.jpg,CHO_KIEM_TRA,URL ảnh từ máy chủ bên ngoài.
ANH-0589,P2,CAN_XEM_LAI,Trang-san-pham-Destiny-Nail-Bar-300x169.jpg,jpg,1,src/lib/case-study-live-details.json:274,https://image.homenest.com.vn/wp-content/uploads/2026/05/Trang-san-pham-Destiny-Nail-Bar-300x169.jpg,public/images/can_xem_lai/trang-san-pham-destiny-nail-bar-300x169.jpg,CHO_KIEM_TRA,URL ảnh từ máy chủ bên ngoài.
ANH-0590,P2,CAN_XEM_LAI,Trang-san-pham-Destiny-Nail-Bar-768x432.jpg,jpg,1,src/lib/case-study-live-details.json:274,https://image.homenest.com.vn/wp-content/uploads/2026/05/Trang-san-pham-Destiny-Nail-Bar-768x432.jpg,public/images/can_xem_lai/trang-san-pham-destiny-nail-bar-768x432.jpg,CHO_KIEM_TRA,URL ảnh từ máy chủ bên ngoài.
ANH-0591,P2,CAN_XEM_LAI,Trang-san-pham-Destiny-Nail-Bar.jpg,jpg,2,src/lib/case-study-live-details.json:274,https://image.homenest.com.vn/wp-content/uploads/2026/05/Trang-san-pham-Destiny-Nail-Bar.jpg,public/images/can_xem_lai/trang-san-pham-destiny-nail-bar.jpg,CHO_KIEM_TRA,URL ảnh từ máy chủ bên ngoài.
ANH-0592,P2,CAN_XEM_LAI,AI-Va-Machine-Learning-Trong-Y-Te.png,png,1,src/lib/site-data.json:1501,https://image.homenest.com.vn/wp-content/uploads/2026/07/AI-Va-Machine-Learning-Trong-Y-Te.png,public/images/can_xem_lai/ai-va-machine-learning-trong-y-te.png,CHO_KIEM_TRA,URL ảnh từ máy chủ bên ngoài.
ANH-0593,P2,CAN_XEM_LAI,Generative-AI-Chatbot.jpg,jpg,1,src/app/[slug]/page.tsx:46,https://image.homenest.com.vn/wp-content/uploads/2026/07/Generative-AI-Chatbot.jpg,public/images/can_xem_lai/generative-ai-chatbot.jpg,CHO_KIEM_TRA,URL ảnh từ máy chủ bên ngoài.
ANH-0594,P2,CAN_XEM_LAI,Banner-HomeNest.Software.jpg,jpg,1,src/components/chrome/FloatingHeader.tsx:10,https://image.homenest.software/wp-content/uploads/2026/03/Banner-HomeNest.Software.jpg,public/images/can_xem_lai/banner-homenest-software.jpg,CHO_KIEM_TRA,URL ảnh từ máy chủ bên ngoài.
ANH-0595,P2,CAN_XEM_LAI,BI-Data-Visualization.jpg,jpg,1,src/lib/site-data.json:205,https://image.homenest.software/wp-content/uploads/2026/03/BI-Data-Visualization.jpg,public/images/can_xem_lai/bi-data-visualization.jpg,CHO_KIEM_TRA,URL ảnh từ máy chủ bên ngoài.
ANH-0596,P2,CAN_XEM_LAI,BPM-Workflow-Automation.jpg,jpg,1,src/lib/site-data.json:205,https://image.homenest.software/wp-content/uploads/2026/03/BPM-Workflow-Automation.jpg,public/images/can_xem_lai/bpm-workflow-automation.jpg,CHO_KIEM_TRA,URL ảnh từ máy chủ bên ngoài.
ANH-0597,P2,CAN_XEM_LAI,Custom-CRM-Solutions.jpg,jpg,1,src/lib/site-data.json:205,https://image.homenest.software/wp-content/uploads/2026/03/Custom-CRM-Solutions.jpg,public/images/can_xem_lai/custom-crm-solutions.jpg,CHO_KIEM_TRA,URL ảnh từ máy chủ bên ngoài.
ANH-0598,P2,CAN_XEM_LAI,Custom-ERP-Development.jpg,jpg,1,src/lib/site-data.json:205,https://image.homenest.software/wp-content/uploads/2026/03/Custom-ERP-Development.jpg,public/images/can_xem_lai/custom-erp-development.jpg,CHO_KIEM_TRA,URL ảnh từ máy chủ bên ngoài.
ANH-0599,P2,CAN_XEM_LAI,Tailored-HRM-Systems.jpg,jpg,1,src/lib/site-data.json:205,https://image.homenest.software/wp-content/uploads/2026/03/Tailored-HRM-Systems.jpg,public/images/can_xem_lai/tailored-hrm-systems.jpg,CHO_KIEM_TRA,URL ảnh từ máy chủ bên ngoài.
ANH-0600,P2,CAN_XEM_LAI,AI-DEVELOPMENT-SERVICES-AT-HOMENEST.SOFTWARE.jpg,jpg,1,src/lib/site-data.json:128,https://image.homenest.software/wp-content/uploads/2026/04/AI-DEVELOPMENT-SERVICES-AT-HOMENEST.SOFTWARE.jpg,public/images/can_xem_lai/ai-development-services-at-homenest-software.jpg,CHO_KIEM_TRA,URL ảnh từ máy chủ bên ngoài.
ANH-0601,P2,CAN_XEM_LAI,android.png,png,11,src/components/sections/technologies/TechnologiesPage.tsx:83; src/lib/site-data.json:262|274|286|298|310|322|334|346|358|2243,https://image.homenest.software/wp-content/uploads/2026/04/android.png,public/images/can_xem_lai/android.png,CHO_KIEM_TRA,URL ảnh từ máy chủ bên ngoài.
ANH-0602,P2,CAN_XEM_LAI,angular.png,png,11,src/components/sections/technologies/TechnologiesPage.tsx:62; src/lib/site-data.json:262|274|286|298|310|322|334|346|358|2193,https://image.homenest.software/wp-content/uploads/2026/04/angular.png,public/images/can_xem_lai/angular.png,CHO_KIEM_TRA,URL ảnh từ máy chủ bên ngoài.
ANH-0603,P2,CAN_XEM_LAI,Apache-Airflow.png,png,11,src/components/sections/technologies/TechnologiesPage.tsx:111; src/lib/site-data.json:262|274|286|298|310|322|334|346|358|2123,https://image.homenest.software/wp-content/uploads/2026/04/Apache-Airflow.png,public/images/can_xem_lai/apache-airflow.png,CHO_KIEM_TRA,URL ảnh từ máy chủ bên ngoài.
ANH-0604,P2,CAN_XEM_LAI,apache-kafka.png,png,11,src/components/sections/technologies/TechnologiesPage.tsx:50; src/lib/site-data.json:262|274|286|298|310|322|334|346|358|2228,https://image.homenest.software/wp-content/uploads/2026/04/apache-kafka.png,public/images/can_xem_lai/apache-kafka.png,CHO_KIEM_TRA,URL ảnh từ máy chủ bên ngoài.
ANH-0605,P2,CAN_XEM_LAI,Apache-Spark.png,png,11,src/components/sections/technologies/TechnologiesPage.tsx:113; src/lib/site-data.json:262|274|286|298|310|322|334|346|358|2133,https://image.homenest.software/wp-content/uploads/2026/04/Apache-Spark.png,public/images/can_xem_lai/apache-spark.png,CHO_KIEM_TRA,URL ảnh từ máy chủ bên ngoài.
ANH-0606,P2,CAN_XEM_LAI,aws.png,png,11,src/components/sections/technologies/TechnologiesPage.tsx:132; src/lib/site-data.json:262|274|286|298|310|322|334|346|358|2258,https://image.homenest.software/wp-content/uploads/2026/04/aws.png,public/images/can_xem_lai/aws.png,CHO_KIEM_TRA,URL ảnh từ máy chủ bên ngoài.
ANH-0607,P2,CAN_XEM_LAI,azure.png,png,11,src/components/sections/technologies/TechnologiesPage.tsx:133; src/lib/site-data.json:262|274|286|298|310|322|334|346|358|2263,https://image.homenest.software/wp-content/uploads/2026/04/azure.png,public/images/can_xem_lai/azure.png,CHO_KIEM_TRA,URL ảnh từ máy chủ bên ngoài.
ANH-0608,P2,CAN_XEM_LAI,BLOCKCHAIN-DEVELOPMENT-SERVICES-AT-HOMENEST.SOFTWARE.jpg,jpg,1,src/lib/site-data.json:128,https://image.homenest.software/wp-content/uploads/2026/04/BLOCKCHAIN-DEVELOPMENT-SERVICES-AT-HOMENEST.SOFTWARE.jpg,public/images/can_xem_lai/blockchain-development-services-at-homenest-software.jpg,CHO_KIEM_TRA,URL ảnh từ máy chủ bên ngoài.
ANH-0609,P2,CAN_XEM_LAI,CatBoost.png,png,11,src/components/sections/technologies/TechnologiesPage.tsx:121; src/lib/site-data.json:262|274|286|298|310|322|334|346|358|2153,https://image.homenest.software/wp-content/uploads/2026/04/CatBoost.png,public/images/can_xem_lai/catboost.png,CHO_KIEM_TRA,URL ảnh từ máy chủ bên ngoài.
ANH-0610,P2,CAN_XEM_LAI,ChatGPT.png,png,11,src/components/sections/technologies/TechnologiesPage.tsx:107; src/lib/site-data.json:262|274|286|298|310|322|334|346|358|2113,https://image.homenest.software/wp-content/uploads/2026/04/ChatGPT.png,public/images/can_xem_lai/chatgpt.png,CHO_KIEM_TRA,URL ảnh từ máy chủ bên ngoài.
ANH-0611,P2,CAN_XEM_LAI,Custom-Software-Solutions-header-fisrt.jpg,jpg,3,src/lib/site-data.json:205,https://image.homenest.software/wp-content/uploads/2026/04/Custom-Software-Solutions-header-fisrt.jpg,public/images/can_xem_lai/custom-software-solutions-header-fisrt.jpg,CHO_KIEM_TRA,URL ảnh từ máy chủ bên ngoài.
ANH-0612,P2,CAN_XEM_LAI,Custom-Software-Solutions-header-second.jpg,jpg,3,src/lib/site-data.json:205,https://image.homenest.software/wp-content/uploads/2026/04/Custom-Software-Solutions-header-second.jpg,public/images/can_xem_lai/custom-software-solutions-header-second.jpg,CHO_KIEM_TRA,URL ảnh từ máy chủ bên ngoài.
ANH-0613,P2,CAN_XEM_LAI,Custom-Software-Solutions-header-third.jpg,jpg,3,src/lib/site-data.json:205,https://image.homenest.software/wp-content/uploads/2026/04/Custom-Software-Solutions-header-third.jpg,public/images/can_xem_lai/custom-software-solutions-header-third.jpg,CHO_KIEM_TRA,URL ảnh từ máy chủ bên ngoài.
ANH-0614,P2,CAN_XEM_LAI,DEVOPS-DEVELOPMENT-SERVICES-AT-HOMENEST.SOFTWARE.jpg,jpg,1,src/lib/site-data.json:128,https://image.homenest.software/wp-content/uploads/2026/04/DEVOPS-DEVELOPMENT-SERVICES-AT-HOMENEST.SOFTWARE.jpg,public/images/can_xem_lai/devops-development-services-at-homenest-software.jpg,CHO_KIEM_TRA,URL ảnh từ máy chủ bên ngoài.
ANH-0615,P2,CAN_XEM_LAI,dot-net.png,png,11,src/components/sections/technologies/TechnologiesPage.tsx:49; src/lib/site-data.json:262|274|286|298|310|322|334|346|358|2223,https://image.homenest.software/wp-content/uploads/2026/04/dot-net.png,public/images/can_xem_lai/dot-net.png,CHO_KIEM_TRA,URL ảnh từ máy chủ bên ngoài.
ANH-0616,P2,CAN_XEM_LAI,Enterprise-Grade-Mobile-Performance.webp,webp,2,src/lib/site-data.json:227,https://image.homenest.software/wp-content/uploads/2026/04/Enterprise-Grade-Mobile-Performance.webp,public/images/can_xem_lai/enterprise-grade-mobile-performance.webp,CHO_KIEM_TRA,URL ảnh từ máy chủ bên ngoài.
ANH-0617,P2,CAN_XEM_LAI,ENTERPRISE-SOFTWARE-DEVELOPMENT-SERVICES-AT-HOMENEST.SOFTWARE.jpg,jpg,1,src/lib/site-data.json:128,https://image.homenest.software/wp-content/uploads/2026/04/ENTERPRISE-SOFTWARE-DEVELOPMENT-SERVICES-AT-HOMENEST.SOFTWARE.jpg,public/images/can_xem_lai/enterprise-software-development-services-at-homenest-software.jpg,CHO_KIEM_TRA,URL ảnh từ máy chủ bên ngoài.
ANH-0618,P2,CAN_XEM_LAI,Every-Industry-Has-Its-Own-Language.jpg,jpg,2,src/components/sections/technologies/TechnologiesPage.tsx:363; src/lib/site-data.json:1895,https://image.homenest.software/wp-content/uploads/2026/04/Every-Industry-Has-Its-Own-Language.jpg,public/images/can_xem_lai/every-industry-has-its-own-language.jpg,CHO_KIEM_TRA,URL ảnh từ máy chủ bên ngoài.
ANH-0619,P2,CAN_XEM_LAI,flutter.png,png,11,src/components/sections/technologies/TechnologiesPage.tsx:78; src/lib/site-data.json:262|274|286|298|310|322|334|346|358|2238,https://image.homenest.software/wp-content/uploads/2026/04/flutter.png,public/images/can_xem_lai/flutter.png,CHO_KIEM_TRA,URL ảnh từ máy chủ bên ngoài.
ANH-0620,P2,CAN_XEM_LAI,google-cloud.png,png,11,src/components/sections/technologies/TechnologiesPage.tsx:134; src/lib/site-data.json:262|274|286|298|310|322|334|346|358|2268,https://image.homenest.software/wp-content/uploads/2026/04/google-cloud.png,public/images/can_xem_lai/google-cloud.png,CHO_KIEM_TRA,URL ảnh từ máy chủ bên ngoài.
ANH-0621,P2,CAN_XEM_LAI,Industry-Specific-Deevelopment-industries.jpg,jpg,2,src/components/sections/technologies/TechnologiesPage.tsx:321; src/lib/site-data.json:1883,https://image.homenest.software/wp-content/uploads/2026/04/Industry-Specific-Deevelopment-industries.jpg,public/images/can_xem_lai/industry-specific-deevelopment-industries.jpg,CHO_KIEM_TRA,URL ảnh từ máy chủ bên ngoài.
ANH-0622,P2,CAN_XEM_LAI,Intuitive-UI-UX-Design-for-Mobile.webp,webp,1,src/lib/site-data.json:227,https://image.homenest.software/wp-content/uploads/2026/04/Intuitive-UI-UX-Design-for-Mobile.webp,public/images/can_xem_lai/intuitive-ui-ux-design-for-mobile.webp,CHO_KIEM_TRA,URL ảnh từ máy chủ bên ngoài.
ANH-0623,P2,CAN_XEM_LAI,IOS.png,png,11,src/components/sections/technologies/TechnologiesPage.tsx:73; src/lib/site-data.json:262|274|286|298|310|322|334|346|358|2233,https://image.homenest.software/wp-content/uploads/2026/04/IOS.png,public/images/can_xem_lai/ios.png,CHO_KIEM_TRA,URL ảnh từ máy chủ bên ngoài.
ANH-0624,P2,CAN_XEM_LAI,IOT-DEVELOPMENT-SERVICES-AT-HOMENEST.SOFTWARE.jpg,jpg,1,src/lib/site-data.json:128,https://image.homenest.software/wp-content/uploads/2026/04/IOT-DEVELOPMENT-SERVICES-AT-HOMENEST.SOFTWARE.jpg,public/images/can_xem_lai/iot-development-services-at-homenest-software.jpg,CHO_KIEM_TRA,URL ảnh từ máy chủ bên ngoài.
ANH-0625,P2,CAN_XEM_LAI,java.png,png,11,src/components/sections/technologies/TechnologiesPage.tsx:46; src/lib/site-data.json:262|274|286|298|310|322|334|346|358|2218,https://image.homenest.software/wp-content/uploads/2026/04/java.png,public/images/can_xem_lai/java.png,CHO_KIEM_TRA,URL ảnh từ máy chủ bên ngoài.
ANH-0626,P2,CAN_XEM_LAI,Keras.png,png,11,src/components/sections/technologies/TechnologiesPage.tsx:104; src/lib/site-data.json:262|274|286|298|310|322|334|346|358|2108,https://image.homenest.software/wp-content/uploads/2026/04/Keras.png,public/images/can_xem_lai/keras.png,CHO_KIEM_TRA,URL ảnh từ máy chủ bên ngoài.
ANH-0627,P2,CAN_XEM_LAI,Kubeflow.png,png,11,src/components/sections/technologies/TechnologiesPage.tsx:124; src/lib/site-data.json:262|274|286|298|310|322|334|346|358|2168,https://image.homenest.software/wp-content/uploads/2026/04/Kubeflow.png,public/images/can_xem_lai/kubeflow.png,CHO_KIEM_TRA,URL ảnh từ máy chủ bên ngoài.
ANH-0628,P2,CAN_XEM_LAI,Leveltrip-banner-services.jpg,jpg,1,src/lib/site-data.json:128,https://image.homenest.software/wp-content/uploads/2026/04/Leveltrip-banner-services.jpg,public/images/can_xem_lai/leveltrip-banner-services.jpg,CHO_KIEM_TRA,URL ảnh từ máy chủ bên ngoài.
ANH-0629,P2,CAN_XEM_LAI,LightGBM.png,png,11,src/components/sections/technologies/TechnologiesPage.tsx:101; src/lib/site-data.json:262|274|286|298|310|322|334|346|358|2093,https://image.homenest.software/wp-content/uploads/2026/04/LightGBM.png,public/images/can_xem_lai/lightgbm.png,CHO_KIEM_TRA,URL ảnh từ máy chủ bên ngoài.
ANH-0630,P2,CAN_XEM_LAI,Lightning-AI.png,png,11,src/components/sections/technologies/TechnologiesPage.tsx:102; src/lib/site-data.json:262|274|286|298|310|322|334|346|358|2098,https://image.homenest.software/wp-content/uploads/2026/04/Lightning-AI.png,public/images/can_xem_lai/lightning-ai.png,CHO_KIEM_TRA,URL ảnh từ máy chủ bên ngoài.
ANH-0631,P2,CAN_XEM_LAI,LLaMA-by-Meta.png,png,11,src/components/sections/technologies/TechnologiesPage.tsx:103; src/lib/site-data.json:262|274|286|298|310|322|334|346|358|2103,https://image.homenest.software/wp-content/uploads/2026/04/LLaMA-by-Meta.png,public/images/can_xem_lai/llama-by-meta.png,CHO_KIEM_TRA,URL ảnh từ máy chủ bên ngoài.
ANH-0632,P2,CAN_XEM_LAI,Lover_s-Lawn-banner-services.jpg,jpg,1,src/lib/site-data.json:128,https://image.homenest.software/wp-content/uploads/2026/04/Lover_s-Lawn-banner-services.jpg,public/images/can_xem_lai/lover-s-lawn-banner-services.jpg,CHO_KIEM_TRA,URL ảnh từ máy chủ bên ngoài.
ANH-0633,P2,CAN_XEM_LAI,MLflow.png,png,11,src/components/sections/technologies/TechnologiesPage.tsx:123; src/lib/site-data.json:262|274|286|298|310|322|334|346|358|2163,https://image.homenest.software/wp-content/uploads/2026/04/MLflow.png,public/images/can_xem_lai/mlflow.png,CHO_KIEM_TRA,URL ảnh từ máy chủ bên ngoài.
ANH-0634,P2,CAN_XEM_LAI,MOBILE-APP-DEVELOPMENT-SERVICES-AT-HOMENEST.SOFTWARE.jpg,jpg,1,src/lib/site-data.json:128,https://image.homenest.software/wp-content/uploads/2026/04/MOBILE-APP-DEVELOPMENT-SERVICES-AT-HOMENEST.SOFTWARE.jpg,public/images/can_xem_lai/mobile-app-development-services-at-homenest-software.jpg,CHO_KIEM_TRA,URL ảnh từ máy chủ bên ngoài.
ANH-0635,P2,CAN_XEM_LAI,Mobile-App-Security-Data-Protection.webp,webp,1,src/lib/site-data.json:227,https://image.homenest.software/wp-content/uploads/2026/04/Mobile-App-Security-Data-Protection.webp,public/images/can_xem_lai/mobile-app-security-data-protection.webp,CHO_KIEM_TRA,URL ảnh từ máy chủ bên ngoài.
ANH-0636,P2,CAN_XEM_LAI,MVP-SOFTWARE-DEVELOPMENT-SERVICES-AT-HOMENEST.SOFTWARE.jpg,jpg,1,src/lib/site-data.json:128,https://image.homenest.software/wp-content/uploads/2026/04/MVP-SOFTWARE-DEVELOPMENT-SERVICES-AT-HOMENEST.SOFTWARE.jpg,public/images/can_xem_lai/mvp-software-development-services-at-homenest-software.jpg,CHO_KIEM_TRA,URL ảnh từ máy chủ bên ngoài.
ANH-0637,P2,CAN_XEM_LAI,Native-Cross-Platform-Synergy.webp,webp,1,src/lib/site-data.json:227,https://image.homenest.software/wp-content/uploads/2026/04/Native-Cross-Platform-Synergy.webp,public/images/can_xem_lai/native-cross-platform-synergy.webp,CHO_KIEM_TRA,URL ảnh từ máy chủ bên ngoài.
ANH-0638,P2,CAN_XEM_LAI,NLTK.png,png,11,src/components/sections/technologies/TechnologiesPage.tsx:125; src/lib/site-data.json:262|274|286|298|310|322|334|346|358|2173,https://image.homenest.software/wp-content/uploads/2026/04/NLTK.png,public/images/can_xem_lai/nltk.png,CHO_KIEM_TRA,URL ảnh từ máy chủ bên ngoài.
ANH-0639,P2,CAN_XEM_LAI,node-js.png,png,11,src/components/sections/technologies/TechnologiesPage.tsx:43; src/lib/site-data.json:262|274|286|298|310|322|334|346|358|2213,https://image.homenest.software/wp-content/uploads/2026/04/node-js.png,public/images/can_xem_lai/node-js.png,CHO_KIEM_TRA,URL ảnh từ máy chủ bên ngoài.
ANH-0640,P2,CAN_XEM_LAI,ONNX.png,png,11,src/components/sections/technologies/TechnologiesPage.tsx:110; src/lib/site-data.json:262|274|286|298|310|322|334|346|358|2118,https://image.homenest.software/wp-content/uploads/2026/04/ONNX.png,public/images/can_xem_lai/onnx.png,CHO_KIEM_TRA,URL ảnh từ máy chủ bên ngoài.
ANH-0641,P2,CAN_XEM_LAI,OpenCV.png,png,11,src/components/sections/technologies/TechnologiesPage.tsx:112; src/lib/site-data.json:262|274|286|298|310|322|334|346|358|2128,https://image.homenest.software/wp-content/uploads/2026/04/OpenCV.png,public/images/can_xem_lai/opencv.png,CHO_KIEM_TRA,URL ảnh từ máy chủ bên ngoài.
ANH-0642,P2,CAN_XEM_LAI,Paint-and-More-banner-services.jpg,jpg,1,src/lib/site-data.json:128,https://image.homenest.software/wp-content/uploads/2026/04/Paint-and-More-banner-services.jpg,public/images/can_xem_lai/paint-and-more-banner-services.jpg,CHO_KIEM_TRA,URL ảnh từ máy chủ bên ngoài.
ANH-0643,P2,CAN_XEM_LAI,python.png,png,12,src/components/sections/technologies/TechnologiesPage.tsx:40|118; src/lib/site-data.json:262|274|286|298|310|322|334|346|358|2208,https://image.homenest.software/wp-content/uploads/2026/04/python.png,public/images/can_xem_lai/python.png,CHO_KIEM_TRA,URL ảnh từ máy chủ bên ngoài.
ANH-0644,P2,CAN_XEM_LAI,Python.png,png,10,src/lib/site-data.json:262|274|286|298|310|322|334|346|358|2148,https://image.homenest.software/wp-content/uploads/2026/04/Python.png,public/images/can_xem_lai/python.png,CHO_KIEM_TRA,URL ảnh từ máy chủ bên ngoài.
ANH-0645,P2,CAN_XEM_LAI,PyTorch.png,png,11,src/components/sections/technologies/TechnologiesPage.tsx:114; src/lib/site-data.json:262|274|286|298|310|322|334|346|358|2138,https://image.homenest.software/wp-content/uploads/2026/04/PyTorch.png,public/images/can_xem_lai/pytorch.png,CHO_KIEM_TRA,URL ảnh từ máy chủ bên ngoài.
ANH-0646,P2,CAN_XEM_LAI,rabbit-mq.png,png,11,src/components/sections/technologies/TechnologiesPage.tsx:37; src/lib/site-data.json:262|274|286|298|310|322|334|346|358|2203,https://image.homenest.software/wp-content/uploads/2026/04/rabbit-mq.png,public/images/can_xem_lai/rabbit-mq.png,CHO_KIEM_TRA,URL ảnh từ máy chủ bên ngoài.
ANH-0647,P2,CAN_XEM_LAI,Real-Time-User-Behaviour-Analytics.webp,webp,1,src/lib/site-data.json:227,https://image.homenest.software/wp-content/uploads/2026/04/Real-Time-User-Behaviour-Analytics.webp,public/images/can_xem_lai/real-time-user-behaviour-analytics.webp,CHO_KIEM_TRA,URL ảnh từ máy chủ bên ngoài.
ANH-0648,P2,CAN_XEM_LAI,ruby-on-rails.png,png,11,src/components/sections/technologies/TechnologiesPage.tsx:36; src/lib/site-data.json:262|274|286|298|310|322|334|346|358|2198,https://image.homenest.software/wp-content/uploads/2026/04/ruby-on-rails.png,public/images/can_xem_lai/ruby-on-rails.png,CHO_KIEM_TRA,URL ảnh từ máy chủ bên ngoài.
ANH-0649,P2,CAN_XEM_LAI,SAAS-APPLICATION-DEVELOPMENT-SERVICES-AT-HOMENEST.SOFTWARE.jpg,jpg,1,src/lib/site-data.json:128,https://image.homenest.software/wp-content/uploads/2026/04/SAAS-APPLICATION-DEVELOPMENT-SERVICES-AT-HOMENEST.SOFTWARE.jpg,public/images/can_xem_lai/saas-application-development-services-at-homenest-software.jpg,CHO_KIEM_TRA,URL ảnh từ máy chủ bên ngoài.
ANH-0650,P2,CAN_XEM_LAI,scikitLearn.png,png,11,src/components/sections/technologies/TechnologiesPage.tsx:98; src/lib/site-data.json:262|274|286|298|310|322|334|346|358|2078,https://image.homenest.software/wp-content/uploads/2026/04/scikitLearn.png,public/images/can_xem_lai/scikitlearn.png,CHO_KIEM_TRA,URL ảnh từ máy chủ bên ngoài.
ANH-0651,P2,CAN_XEM_LAI,SCREEN-e1775468629485.png,png,10,src/lib/site-data.json:480|494|508|550|564|578|603|617|664|678,https://image.homenest.software/wp-content/uploads/2026/04/SCREEN-e1775468629485.png,public/images/can_xem_lai/screen-e1775468629485.png,CHO_KIEM_TRA,URL ảnh từ máy chủ bên ngoài.
ANH-0652,P2,CAN_XEM_LAI,Secure-API-Backend-Architecture.webp,webp,1,src/lib/site-data.json:227,https://image.homenest.software/wp-content/uploads/2026/04/Secure-API-Backend-Architecture.webp,public/images/can_xem_lai/secure-api-backend-architecture.webp,CHO_KIEM_TRA,URL ảnh từ máy chủ bên ngoài.
ANH-0653,P2,CAN_XEM_LAI,SOFTWARE-MAINTENANCE-AND-SUPPORT-SERVICES-AT-HOMENEST.SOFTWARE.jpg,jpg,1,src/lib/site-data.json:128,https://image.homenest.software/wp-content/uploads/2026/04/SOFTWARE-MAINTENANCE-AND-SUPPORT-SERVICES-AT-HOMENEST.SOFTWARE.jpg,public/images/can_xem_lai/software-maintenance-and-support-services-at-homenest-software.jpg,CHO_KIEM_TRA,URL ảnh từ máy chủ bên ngoài.
ANH-0654,P2,CAN_XEM_LAI,spaCy.png,png,11,src/components/sections/technologies/TechnologiesPage.tsx:100; src/lib/site-data.json:262|274|286|298|310|322|334|346|358|2088,https://image.homenest.software/wp-content/uploads/2026/04/spaCy.png,public/images/can_xem_lai/spacy.png,CHO_KIEM_TRA,URL ảnh từ máy chủ bên ngoài.
ANH-0655,P2,CAN_XEM_LAI,Sub-Second-Performance-Monitoring.webp,webp,1,src/lib/site-data.json:227,https://image.homenest.software/wp-content/uploads/2026/04/Sub-Second-Performance-Monitoring.webp,public/images/can_xem_lai/sub-second-performance-monitoring.webp,CHO_KIEM_TRA,URL ảnh từ máy chủ bên ngoài.
ANH-0656,P2,CAN_XEM_LAI,TensorFlow.png,png,11,src/components/sections/technologies/TechnologiesPage.tsx:115; src/lib/site-data.json:262|274|286|298|310|322|334|346|358|2143,https://image.homenest.software/wp-content/uploads/2026/04/TensorFlow.png,public/images/can_xem_lai/tensorflow.png,CHO_KIEM_TRA,URL ảnh từ máy chủ bên ngoài.
ANH-0657,P2,CAN_XEM_LAI,typescript.png,png,11,src/components/sections/technologies/TechnologiesPage.tsx:58; src/lib/site-data.json:262|274|286|298|310|322|334|346|358|2183,https://image.homenest.software/wp-content/uploads/2026/04/typescript.png,public/images/can_xem_lai/typescript.png,CHO_KIEM_TRA,URL ảnh từ máy chủ bên ngoài.
ANH-0658,P2,CAN_XEM_LAI,Viet-Plush-banner-services.jpg,jpg,1,src/lib/site-data.json:128,https://image.homenest.software/wp-content/uploads/2026/04/Viet-Plush-banner-services.jpg,public/images/can_xem_lai/viet-plush-banner-services.jpg,CHO_KIEM_TRA,URL ảnh từ máy chủ bên ngoài.
ANH-0659,P2,CAN_XEM_LAI,vue-js.png,png,11,src/components/sections/technologies/TechnologiesPage.tsx:57; src/lib/site-data.json:262|274|286|298|310|322|334|346|358|2178,https://image.homenest.software/wp-content/uploads/2026/04/vue-js.png,public/images/can_xem_lai/vue-js.png,CHO_KIEM_TRA,URL ảnh từ máy chủ bên ngoài.
ANH-0660,P2,CAN_XEM_LAI,WEB-APPLICATION-DEVELOPMENT-SERVICES-AT-HOMENEST.SOFTWARE.jpg,jpg,1,src/lib/site-data.json:128,https://image.homenest.software/wp-content/uploads/2026/04/WEB-APPLICATION-DEVELOPMENT-SERVICES-AT-HOMENEST.SOFTWARE.jpg,public/images/can_xem_lai/web-application-development-services-at-homenest-software.jpg,CHO_KIEM_TRA,URL ảnh từ máy chủ bên ngoài.
ANH-0661,P2,CAN_XEM_LAI,xamarin.png,png,11,src/components/sections/technologies/TechnologiesPage.tsx:86; src/lib/site-data.json:262|274|286|298|310|322|334|346|358|2248,https://image.homenest.software/wp-content/uploads/2026/04/xamarin.png,public/images/can_xem_lai/xamarin.png,CHO_KIEM_TRA,URL ảnh từ máy chủ bên ngoài.
ANH-0662,P2,CAN_XEM_LAI,XGBoost.png,png,11,src/components/sections/technologies/TechnologiesPage.tsx:99; src/lib/site-data.json:262|274|286|298|310|322|334|346|358|2083,https://image.homenest.software/wp-content/uploads/2026/04/XGBoost.png,public/images/can_xem_lai/xgboost.png,CHO_KIEM_TRA,URL ảnh từ máy chủ bên ngoài.
ANH-0663,P2,CAN_XEM_LAI,YOLO.png,png,11,src/components/sections/technologies/TechnologiesPage.tsx:122; src/lib/site-data.json:262|274|286|298|310|322|334|346|358|2158,https://image.homenest.software/wp-content/uploads/2026/04/YOLO.png,public/images/can_xem_lai/yolo.png,CHO_KIEM_TRA,URL ảnh từ máy chủ bên ngoài.
ANH-0664,P2,CAN_XEM_LAI,xywudlkch5paeakqumgq.jpg,jpg,1,src/components/chrome/FloatingButtons.tsx:11,https://res.cloudinary.com/dbpt1e4nd/image/upload/v1781605222/homenest/homenest-chatbotx-client/xywudlkch5paeakqumgq.jpg,public/images/can_xem_lai/xywudlkch5paeakqumgq.jpg,CHO_KIEM_TRA,URL ảnh từ máy chủ bên ngoài.
ANH-0665,P2,CAN_XEM_LAI,1f449.svg,svg,3,src/lib/site-data.json:771|782|793,https://s.w.org/images/core/emoji/17.0.2/svg/1f449.svg,public/images/can_xem_lai/1f449.svg,CHO_KIEM_TRA,URL ảnh từ máy chủ bên ngoài.
ANH-0666,P2,CAN_XEM_LAI,1.webp,webp,1,src/lib/site-data.json:735,https://s3.ap-southeast-1.amazonaws.com/image.homenest.com.vn/wp-content/uploads/2025/07/22124535/1.webp,public/images/can_xem_lai/1.webp,CHO_KIEM_TRA,URL ảnh từ máy chủ bên ngoài.
ANH-0667,P2,CAN_XEM_LAI,Trang-chu-Thanh-Tung-Case-Study.jpg,jpg,1,src/lib/site-data.json:675,https://s3.ap-southeast-1.amazonaws.com/image.homenest.com.vn/wp-content/uploads/2025/10/Trang-chu-Thanh-Tung-Case-Study.jpg,public/images/can_xem_lai/trang-chu-thanh-tung-case-study.jpg,CHO_KIEM_TRA,URL ảnh từ máy chủ bên ngoài.
ANH-0668,P2,CAN_XEM_LAI,Giao-dien-Singapoden-Case-Study.jpg,jpg,1,src/lib/site-data.json:661,https://s3.ap-southeast-1.amazonaws.com/image.homenest.com.vn/wp-content/uploads/2026/02/Giao-dien-Singapoden-Case-Study.jpg,public/images/can_xem_lai/giao-dien-singapoden-case-study.jpg,CHO_KIEM_TRA,URL ảnh từ máy chủ bên ngoài.
ANH-0669,P2,CAN_XEM_LAI,top-cong-ty-phan-mem-uy-tin.jpg,jpg,1,src/lib/site-data.json:801,https://s3.ap-southeast-1.amazonaws.com/image.homenest.com.vn/wp-content/uploads/2026/03/22115714/top-cong-ty-phan-mem-uy-tin.jpg,public/images/can_xem_lai/top-cong-ty-phan-mem-uy-tin.jpg,CHO_KIEM_TRA,URL ảnh từ máy chủ bên ngoài.
ANH-0670,P2,CAN_XEM_LAI,blockchain-iot1.jpg,jpg,1,src/lib/site-data.json:746,https://s3.ap-southeast-1.amazonaws.com/image.homenest.com.vn/wp-content/uploads/2026/03/22115716/blockchain-iot1.jpg,public/images/can_xem_lai/blockchain-iot1.jpg,CHO_KIEM_TRA,URL ảnh từ máy chủ bên ngoài.
ANH-0671,P2,CAN_XEM_LAI,Lo-trinh-nghe-nghiep-Software-Engineer.jpg,jpg,1,src/lib/site-data.json:779,https://s3.ap-southeast-1.amazonaws.com/image.homenest.com.vn/wp-content/uploads/2026/03/22115909/Lo-trinh-nghe-nghiep-Software-Engineer.jpg,public/images/can_xem_lai/lo-trinh-nghe-nghiep-software-engineer.jpg,CHO_KIEM_TRA,URL ảnh từ máy chủ bên ngoài.
ANH-0672,P2,CAN_XEM_LAI,Ngay-lam-viec-cua-mot-Backend.jpg,jpg,1,src/lib/site-data.json:790,https://s3.ap-southeast-1.amazonaws.com/image.homenest.com.vn/wp-content/uploads/2026/03/22115915/Ngay-lam-viec-cua-mot-Backend.jpg,public/images/can_xem_lai/ngay-lam-viec-cua-mot-backend.jpg,CHO_KIEM_TRA,URL ảnh từ máy chủ bên ngoài.
ANH-0673,P2,CAN_XEM_LAI,Dich-vu-phat-trien-AI-HomeNest-Viet-Nam.jpg,jpg,1,src/lib/site-data.json:136,https://s3.ap-southeast-1.amazonaws.com/image.homenest.com.vn/wp-content/uploads/2026/04/Dich-vu-phat-trien-AI-HomeNest-Viet-Nam.jpg,public/images/can_xem_lai/dich-vu-phat-trien-ai-homenest-viet-nam.jpg,CHO_KIEM_TRA,URL ảnh từ máy chủ bên ngoài.
ANH-0674,P2,CAN_XEM_LAI,Dich-vu-phat-trien-Blockchain-HomeNest-Viet-Nam.jpg,jpg,1,src/lib/site-data.json:147,https://s3.ap-southeast-1.amazonaws.com/image.homenest.com.vn/wp-content/uploads/2026/04/Dich-vu-phat-trien-Blockchain-HomeNest-Viet-Nam.jpg,public/images/can_xem_lai/dich-vu-phat-trien-blockchain-homenest-viet-nam.jpg,CHO_KIEM_TRA,URL ảnh từ máy chủ bên ngoài.
ANH-0675,P2,CAN_XEM_LAI,Dich-vu-phat-trien-DevOps-HomeNest-Viet-Nam.jpg,jpg,1,src/lib/site-data.json:158,https://s3.ap-southeast-1.amazonaws.com/image.homenest.com.vn/wp-content/uploads/2026/04/Dich-vu-phat-trien-DevOps-HomeNest-Viet-Nam.jpg,public/images/can_xem_lai/dich-vu-phat-trien-devops-homenest-viet-nam.jpg,CHO_KIEM_TRA,URL ảnh từ máy chủ bên ngoài.
ANH-0676,P2,CAN_XEM_LAI,Dich-vu-phat-trien-IoT-HomeNest-Viet-Nam.jpg,jpg,1,src/lib/site-data.json:169,https://s3.ap-southeast-1.amazonaws.com/image.homenest.com.vn/wp-content/uploads/2026/04/Dich-vu-phat-trien-IoT-HomeNest-Viet-Nam.jpg,public/images/can_xem_lai/dich-vu-phat-trien-iot-homenest-viet-nam.jpg,CHO_KIEM_TRA,URL ảnh từ máy chủ bên ngoài.
ANH-0677,P2,CAN_XEM_LAI,Dich-vu-phat-trien-phan-mem-doanh-nghiep-HomeNest-Viet-Nam.jpg,jpg,1,src/lib/site-data.json:180,https://s3.ap-southeast-1.amazonaws.com/image.homenest.com.vn/wp-content/uploads/2026/04/Dich-vu-phat-trien-phan-mem-doanh-nghiep-HomeNest-Viet-Nam.jpg,public/images/can_xem_lai/dich-vu-phat-trien-phan-mem-doanh-nghiep-homenest-viet-nam.jpg,CHO_KIEM_TRA,URL ảnh từ máy chủ bên ngoài.
ANH-0678,P2,CAN_XEM_LAI,Dich-vu-phat-trien-phan-mem-MVP-HomeNest-Viet-Nam.jpg,jpg,1,src/lib/site-data.json:191,https://s3.ap-southeast-1.amazonaws.com/image.homenest.com.vn/wp-content/uploads/2026/04/Dich-vu-phat-trien-phan-mem-MVP-HomeNest-Viet-Nam.jpg,public/images/can_xem_lai/dich-vu-phat-trien-phan-mem-mvp-homenest-viet-nam.jpg,CHO_KIEM_TRA,URL ảnh từ máy chủ bên ngoài.
ANH-0679,P2,CAN_XEM_LAI,Dich-vu-phat-trien-ung-dung-SaaS-HomeNest-Viet-Nam.jpg,jpg,1,src/lib/site-data.json:213,https://s3.ap-southeast-1.amazonaws.com/image.homenest.com.vn/wp-content/uploads/2026/04/Dich-vu-phat-trien-ung-dung-SaaS-HomeNest-Viet-Nam.jpg,public/images/can_xem_lai/dich-vu-phat-trien-ung-dung-saas-homenest-viet-nam.jpg,CHO_KIEM_TRA,URL ảnh từ máy chủ bên ngoài.
ANH-0680,P2,CAN_XEM_LAI,Dich-vu-thiet-ke-App-HomeNest-Viet-Nam.jpg,jpg,1,src/lib/site-data.json:224,https://s3.ap-southeast-1.amazonaws.com/image.homenest.com.vn/wp-content/uploads/2026/04/Dich-vu-thiet-ke-App-HomeNest-Viet-Nam.jpg,public/images/can_xem_lai/dich-vu-thiet-ke-app-homenest-viet-nam.jpg,CHO_KIEM_TRA,URL ảnh từ máy chủ bên ngoài.
ANH-0681,P2,CAN_XEM_LAI,Dich-vu-thiet-ke-Website-HomeNest-Viet-Nam.jpg,jpg,1,src/lib/site-data.json:235,https://s3.ap-southeast-1.amazonaws.com/image.homenest.com.vn/wp-content/uploads/2026/04/Dich-vu-thiet-ke-Website-HomeNest-Viet-Nam.jpg,public/images/can_xem_lai/dich-vu-thiet-ke-website-homenest-viet-nam.jpg,CHO_KIEM_TRA,URL ảnh từ máy chủ bên ngoài.
ANH-0682,P2,CAN_XEM_LAI,Dich-vu-van-hanh-va-bao-tri-HomeNest-Viet-Nam.jpg,jpg,1,src/lib/site-data.json:246,https://s3.ap-southeast-1.amazonaws.com/image.homenest.com.vn/wp-content/uploads/2026/04/Dich-vu-van-hanh-va-bao-tri-HomeNest-Viet-Nam.jpg,public/images/can_xem_lai/dich-vu-van-hanh-va-bao-tri-homenest-viet-nam.jpg,CHO_KIEM_TRA,URL ảnh từ máy chủ bên ngoài.
ANH-0683,P2,CAN_XEM_LAI,Giao-dien-Khanh-Phong-case-study.jpg,jpg,1,src/lib/site-data.json:614,https://s3.ap-southeast-1.amazonaws.com/image.homenest.com.vn/wp-content/uploads/2026/04/Giao-dien-Khanh-Phong-case-study.jpg,public/images/can_xem_lai/giao-dien-khanh-phong-case-study.jpg,CHO_KIEM_TRA,URL ảnh từ máy chủ bên ngoài.
ANH-0684,P2,CAN_XEM_LAI,Giao-dien-Kim-Cuong-Xanh-case-study.jpg,jpg,1,src/lib/site-data.json:575,https://s3.ap-southeast-1.amazonaws.com/image.homenest.com.vn/wp-content/uploads/2026/04/Giao-dien-Kim-Cuong-Xanh-case-study.jpg,public/images/can_xem_lai/giao-dien-kim-cuong-xanh-case-study.jpg,CHO_KIEM_TRA,URL ảnh từ máy chủ bên ngoài.
ANH-0685,P2,CAN_XEM_LAI,giao-dien-lovers-lawn-case-study.jpg,jpg,1,src/lib/site-data.json:533,https://s3.ap-southeast-1.amazonaws.com/image.homenest.com.vn/wp-content/uploads/2026/04/giao-dien-lovers-lawn-case-study.jpg,public/images/can_xem_lai/giao-dien-lovers-lawn-case-study.jpg,CHO_KIEM_TRA,URL ảnh từ máy chủ bên ngoài.
ANH-0686,P2,CAN_XEM_LAI,giao-dien-Nuage-Sauvage-case-study.jpg,jpg,1,src/lib/site-data.json:491,https://s3.ap-southeast-1.amazonaws.com/image.homenest.com.vn/wp-content/uploads/2026/04/giao-dien-Nuage-Sauvage-case-study.jpg,public/images/can_xem_lai/giao-dien-nuage-sauvage-case-study.jpg,CHO_KIEM_TRA,URL ảnh từ máy chủ bên ngoài.
ANH-0687,P2,CAN_XEM_LAI,giao-dien-Peace-Viet-Nam-case-study.jpg,jpg,1,src/lib/site-data.json:505,https://s3.ap-southeast-1.amazonaws.com/image.homenest.com.vn/wp-content/uploads/2026/04/giao-dien-Peace-Viet-Nam-case-study.jpg,public/images/can_xem_lai/giao-dien-peace-viet-nam-case-study.jpg,CHO_KIEM_TRA,URL ảnh từ máy chủ bên ngoài.
ANH-0688,P2,CAN_XEM_LAI,Giao-dien-Tan-Phong-case-study.jpg,jpg,1,src/lib/site-data.json:600,https://s3.ap-southeast-1.amazonaws.com/image.homenest.com.vn/wp-content/uploads/2026/04/Giao-dien-Tan-Phong-case-study.jpg,public/images/can_xem_lai/giao-dien-tan-phong-case-study.jpg,CHO_KIEM_TRA,URL ảnh từ máy chủ bên ngoài.
ANH-0689,P2,CAN_XEM_LAI,Giao-dien-trang-chu-Hang-kenh-Case-study.jpg,jpg,1,src/lib/site-data.json:547,https://s3.ap-southeast-1.amazonaws.com/image.homenest.com.vn/wp-content/uploads/2026/04/Giao-dien-trang-chu-Hang-kenh-Case-study.jpg,public/images/can_xem_lai/giao-dien-trang-chu-hang-kenh-case-study.jpg,CHO_KIEM_TRA,URL ảnh từ máy chủ bên ngoài.
ANH-0690,P2,CAN_XEM_LAI,Giao-dien-trang-chu-Paint-and-More-Case-study.jpg,jpg,1,src/lib/site-data.json:561,https://s3.ap-southeast-1.amazonaws.com/image.homenest.com.vn/wp-content/uploads/2026/04/Giao-dien-trang-chu-Paint-and-More-Case-study.jpg,public/images/can_xem_lai/giao-dien-trang-chu-paint-and-more-case-study.jpg,CHO_KIEM_TRA,URL ảnh từ máy chủ bên ngoài.
ANH-0691,P2,CAN_XEM_LAI,Giao-dien-trang-chu-Song-Quan-Ads-Case-Study.jpg,jpg,1,src/lib/site-data.json:477,https://s3.ap-southeast-1.amazonaws.com/image.homenest.com.vn/wp-content/uploads/2026/04/Giao-dien-trang-chu-Song-Quan-Ads-Case-Study.jpg,public/images/can_xem_lai/giao-dien-trang-chu-song-quan-ads-case-study.jpg,CHO_KIEM_TRA,URL ảnh từ máy chủ bên ngoài.
ANH-0692,P2,CAN_XEM_LAI,Giao-dien-Vietplus-case-study.jpg,jpg,1,src/lib/site-data.json:519,https://s3.ap-southeast-1.amazonaws.com/image.homenest.com.vn/wp-content/uploads/2026/04/Giao-dien-Vietplus-case-study.jpg,public/images/can_xem_lai/giao-dien-vietplus-case-study.jpg,CHO_KIEM_TRA,URL ảnh từ máy chủ bên ngoài.
ANH-0693,P2,CAN_XEM_LAI,Linh-vuc-Ban-le-HomeNest-Viet-Nam.jpg,jpg,1,src/lib/site-data.json:319,https://s3.ap-southeast-1.amazonaws.com/image.homenest.com.vn/wp-content/uploads/2026/04/Linh-vuc-Ban-le-HomeNest-Viet-Nam.jpg,public/images/can_xem_lai/linh-vuc-ban-le-homenest-viet-nam.jpg,CHO_KIEM_TRA,URL ảnh từ máy chủ bên ngoài.
ANH-0694,P2,CAN_XEM_LAI,Linh-vuc-Bat-dong-san-HomeNest-Viet-Nam.jpg,jpg,1,src/lib/site-data.json:331,https://s3.ap-southeast-1.amazonaws.com/image.homenest.com.vn/wp-content/uploads/2026/04/Linh-vuc-Bat-dong-san-HomeNest-Viet-Nam.jpg,public/images/can_xem_lai/linh-vuc-bat-dong-san-homenest-viet-nam.jpg,CHO_KIEM_TRA,URL ảnh từ máy chủ bên ngoài.
ANH-0695,P2,CAN_XEM_LAI,Linh-vuc-Cham-soc-suc-khoe-HomeNest-Viet-Nam.jpg,jpg,1,src/lib/site-data.json:283,https://s3.ap-southeast-1.amazonaws.com/image.homenest.com.vn/wp-content/uploads/2026/04/Linh-vuc-Cham-soc-suc-khoe-HomeNest-Viet-Nam.jpg,public/images/can_xem_lai/linh-vuc-cham-soc-suc-khoe-homenest-viet-nam.jpg,CHO_KIEM_TRA,URL ảnh từ máy chủ bên ngoài.
ANH-0696,P2,CAN_XEM_LAI,Linh-vuc-Cong-nghe-tai-chinh-HomeNest-Viet-Nam.jpg,jpg,1,src/lib/site-data.json:271,https://s3.ap-southeast-1.amazonaws.com/image.homenest.com.vn/wp-content/uploads/2026/04/Linh-vuc-Cong-nghe-tai-chinh-HomeNest-Viet-Nam.jpg,public/images/can_xem_lai/linh-vuc-cong-nghe-tai-chinh-homenest-viet-nam.jpg,CHO_KIEM_TRA,URL ảnh từ máy chủ bên ngoài.
ANH-0697,P2,CAN_XEM_LAI,Linh-vuc-Dich-vu-tai-chinh-HomeNest-Viet-Nam.jpg,jpg,1,src/lib/site-data.json:295,https://s3.ap-southeast-1.amazonaws.com/image.homenest.com.vn/wp-content/uploads/2026/04/Linh-vuc-Dich-vu-tai-chinh-HomeNest-Viet-Nam.jpg,public/images/can_xem_lai/linh-vuc-dich-vu-tai-chinh-homenest-viet-nam.jpg,CHO_KIEM_TRA,URL ảnh từ máy chủ bên ngoài.
ANH-0698,P2,CAN_XEM_LAI,Linh-vuc-Giao-duc-HomeNest-Viet-Nam.jpg,jpg,1,src/lib/site-data.json:355,https://s3.ap-southeast-1.amazonaws.com/image.homenest.com.vn/wp-content/uploads/2026/04/Linh-vuc-Giao-duc-HomeNest-Viet-Nam.jpg,public/images/can_xem_lai/linh-vuc-giao-duc-homenest-viet-nam.jpg,CHO_KIEM_TRA,URL ảnh từ máy chủ bên ngoài.
ANH-0699,P2,CAN_XEM_LAI,Linh-vuc-Phat-trien-phan-mem-doanh-nghiep-HomeNest-Viet-Nam.jpg,jpg,1,src/lib/site-data.json:307,https://s3.ap-southeast-1.amazonaws.com/image.homenest.com.vn/wp-content/uploads/2026/04/Linh-vuc-Phat-trien-phan-mem-doanh-nghiep-HomeNest-Viet-Nam.jpg,public/images/can_xem_lai/linh-vuc-phat-trien-phan-mem-doanh-nghiep-homenest-viet-nam.jpg,CHO_KIEM_TRA,URL ảnh từ máy chủ bên ngoài.
ANH-0700,P2,CAN_XEM_LAI,Linh-vuc-Thuong-mai-dien-tu-HomeNest-Viet-Nam.jpg,jpg,1,src/lib/site-data.json:259,https://s3.ap-southeast-1.amazonaws.com/image.homenest.com.vn/wp-content/uploads/2026/04/Linh-vuc-Thuong-mai-dien-tu-HomeNest-Viet-Nam.jpg,public/images/can_xem_lai/linh-vuc-thuong-mai-dien-tu-homenest-viet-nam.jpg,CHO_KIEM_TRA,URL ảnh từ máy chủ bên ngoài.
ANH-0701,P2,CAN_XEM_LAI,Linh-vuc-Van-tai-va-Logistics-HomeNest-Viet-Nam.jpg,jpg,1,src/lib/site-data.json:343,https://s3.ap-southeast-1.amazonaws.com/image.homenest.com.vn/wp-content/uploads/2026/04/Linh-vuc-Van-tai-va-Logistics-HomeNest-Viet-Nam.jpg,public/images/can_xem_lai/linh-vuc-van-tai-va-logistics-homenest-viet-nam.jpg,CHO_KIEM_TRA,URL ảnh từ máy chủ bên ngoài.
ANH-0702,P2,WIKI_BAI_VIET,tac-dong-tieu-cuc-1024x576.jpg,jpg,1,src/_content/wiki-live-details.json:1,https://image.homenest.com.vn/wp-content/uploads/2023/10/tac-dong-tieu-cuc-1024x576.jpg,public/images/wiki_bai_viet/tac-dong-tieu-cuc-1024x576.jpg,CHO_KIEM_TRA,URL ảnh từ máy chủ bên ngoài.
ANH-0703,P2,WIKI_BAI_VIET,tac-dong-tieu-cuc-1536x864.jpg,jpg,1,src/_content/wiki-live-details.json:1,https://image.homenest.com.vn/wp-content/uploads/2023/10/tac-dong-tieu-cuc-1536x864.jpg,public/images/wiki_bai_viet/tac-dong-tieu-cuc-1536x864.jpg,CHO_KIEM_TRA,URL ảnh từ máy chủ bên ngoài.
ANH-0704,P2,WIKI_BAI_VIET,tac-dong-tieu-cuc-300x169.jpg,jpg,1,src/_content/wiki-live-details.json:1,https://image.homenest.com.vn/wp-content/uploads/2023/10/tac-dong-tieu-cuc-300x169.jpg,public/images/wiki_bai_viet/tac-dong-tieu-cuc-300x169.jpg,CHO_KIEM_TRA,URL ảnh từ máy chủ bên ngoài.
ANH-0705,P2,WIKI_BAI_VIET,tac-dong-tieu-cuc-768x432.jpg,jpg,1,src/_content/wiki-live-details.json:1,https://image.homenest.com.vn/wp-content/uploads/2023/10/tac-dong-tieu-cuc-768x432.jpg,public/images/wiki_bai_viet/tac-dong-tieu-cuc-768x432.jpg,CHO_KIEM_TRA,URL ảnh từ máy chủ bên ngoài.
ANH-0706,P2,WIKI_BAI_VIET,tac-dong-tieu-cuc.jpg,jpg,2,src/_content/wiki-live-details.json:1,https://image.homenest.com.vn/wp-content/uploads/2023/10/tac-dong-tieu-cuc.jpg,public/images/wiki_bai_viet/tac-dong-tieu-cuc.jpg,CHO_KIEM_TRA,URL ảnh từ máy chủ bên ngoài.
ANH-0707,P2,WIKI_BAI_VIET,Thiet-ke-UI-1024x576.jpg,jpg,1,src/_content/wiki-live-details.json:1,https://image.homenest.com.vn/wp-content/uploads/2023/10/Thiet-ke-UI-1024x576.jpg,public/images/wiki_bai_viet/thiet-ke-ui-1024x576.jpg,CHO_KIEM_TRA,URL ảnh từ máy chủ bên ngoài.
ANH-0708,P2,WIKI_BAI_VIET,Thiet-ke-UI-1536x864.jpg,jpg,1,src/_content/wiki-live-details.json:1,https://image.homenest.com.vn/wp-content/uploads/2023/10/Thiet-ke-UI-1536x864.jpg,public/images/wiki_bai_viet/thiet-ke-ui-1536x864.jpg,CHO_KIEM_TRA,URL ảnh từ máy chủ bên ngoài.
ANH-0709,P2,WIKI_BAI_VIET,Thiet-ke-UI-300x169.jpg,jpg,1,src/_content/wiki-live-details.json:1,https://image.homenest.com.vn/wp-content/uploads/2023/10/Thiet-ke-UI-300x169.jpg,public/images/wiki_bai_viet/thiet-ke-ui-300x169.jpg,CHO_KIEM_TRA,URL ảnh từ máy chủ bên ngoài.
ANH-0710,P2,WIKI_BAI_VIET,Thiet-ke-UI-768x432.jpg,jpg,1,src/_content/wiki-live-details.json:1,https://image.homenest.com.vn/wp-content/uploads/2023/10/Thiet-ke-UI-768x432.jpg,public/images/wiki_bai_viet/thiet-ke-ui-768x432.jpg,CHO_KIEM_TRA,URL ảnh từ máy chủ bên ngoài.
ANH-0711,P2,WIKI_BAI_VIET,Thiet-ke-UI.jpg,jpg,2,src/_content/wiki-live-details.json:1,https://image.homenest.com.vn/wp-content/uploads/2023/10/Thiet-ke-UI.jpg,public/images/wiki_bai_viet/thiet-ke-ui.jpg,CHO_KIEM_TRA,URL ảnh từ máy chủ bên ngoài.
ANH-0712,P2,WIKI_BAI_VIET,UI-la-gi-1024x576.jpg,jpg,1,src/_content/wiki-live-details.json:1,https://image.homenest.com.vn/wp-content/uploads/2023/10/UI-la-gi-1024x576.jpg,public/images/wiki_bai_viet/ui-la-gi-1024x576.jpg,CHO_KIEM_TRA,URL ảnh từ máy chủ bên ngoài.
ANH-0713,P2,WIKI_BAI_VIET,UI-la-gi-1536x864.jpg,jpg,1,src/_content/wiki-live-details.json:1,https://image.homenest.com.vn/wp-content/uploads/2023/10/UI-la-gi-1536x864.jpg,public/images/wiki_bai_viet/ui-la-gi-1536x864.jpg,CHO_KIEM_TRA,URL ảnh từ máy chủ bên ngoài.
ANH-0714,P2,WIKI_BAI_VIET,UI-la-gi-300x169.jpg,jpg,1,src/_content/wiki-live-details.json:1,https://image.homenest.com.vn/wp-content/uploads/2023/10/UI-la-gi-300x169.jpg,public/images/wiki_bai_viet/ui-la-gi-300x169.jpg,CHO_KIEM_TRA,URL ảnh từ máy chủ bên ngoài.
ANH-0715,P2,WIKI_BAI_VIET,UI-la-gi-768x432.jpg,jpg,1,src/_content/wiki-live-details.json:1,https://image.homenest.com.vn/wp-content/uploads/2023/10/UI-la-gi-768x432.jpg,public/images/wiki_bai_viet/ui-la-gi-768x432.jpg,CHO_KIEM_TRA,URL ảnh từ máy chủ bên ngoài.
ANH-0716,P2,WIKI_BAI_VIET,UI-la-gi.jpg,jpg,3,src/_content/wiki-live-details.json:1; src/lib/wiki-live.ts:14,https://image.homenest.com.vn/wp-content/uploads/2023/10/UI-la-gi.jpg,public/images/wiki_bai_viet/ui-la-gi.jpg,CHO_KIEM_TRA,URL ảnh từ máy chủ bên ngoài.
ANH-0717,P2,WIKI_BAI_VIET,Ung-Dung-Dac-Sac-cua-Thiet-Ke-UX-1024x576.jpg,jpg,1,src/_content/wiki-live-details.json:1,https://image.homenest.com.vn/wp-content/uploads/2023/10/Ung-Dung-Dac-Sac-cua-Thiet-Ke-UX-1024x576.jpg,public/images/wiki_bai_viet/ung-dung-dac-sac-cua-thiet-ke-ux-1024x576.jpg,CHO_KIEM_TRA,URL ảnh từ máy chủ bên ngoài.
ANH-0718,P2,WIKI_BAI_VIET,Ung-Dung-Dac-Sac-cua-Thiet-Ke-UX-1536x864.jpg,jpg,1,src/_content/wiki-live-details.json:1,https://image.homenest.com.vn/wp-content/uploads/2023/10/Ung-Dung-Dac-Sac-cua-Thiet-Ke-UX-1536x864.jpg,public/images/wiki_bai_viet/ung-dung-dac-sac-cua-thiet-ke-ux-1536x864.jpg,CHO_KIEM_TRA,URL ảnh từ máy chủ bên ngoài.
ANH-0719,P2,WIKI_BAI_VIET,Ung-Dung-Dac-Sac-cua-Thiet-Ke-UX-300x169.jpg,jpg,1,src/_content/wiki-live-details.json:1,https://image.homenest.com.vn/wp-content/uploads/2023/10/Ung-Dung-Dac-Sac-cua-Thiet-Ke-UX-300x169.jpg,public/images/wiki_bai_viet/ung-dung-dac-sac-cua-thiet-ke-ux-300x169.jpg,CHO_KIEM_TRA,URL ảnh từ máy chủ bên ngoài.
ANH-0720,P2,WIKI_BAI_VIET,Ung-Dung-Dac-Sac-cua-Thiet-Ke-UX-768x432.jpg,jpg,1,src/_content/wiki-live-details.json:1,https://image.homenest.com.vn/wp-content/uploads/2023/10/Ung-Dung-Dac-Sac-cua-Thiet-Ke-UX-768x432.jpg,public/images/wiki_bai_viet/ung-dung-dac-sac-cua-thiet-ke-ux-768x432.jpg,CHO_KIEM_TRA,URL ảnh từ máy chủ bên ngoài.
ANH-0721,P2,WIKI_BAI_VIET,Ung-Dung-Dac-Sac-cua-Thiet-Ke-UX.jpg,jpg,2,src/_content/wiki-live-details.json:1,https://image.homenest.com.vn/wp-content/uploads/2023/10/Ung-Dung-Dac-Sac-cua-Thiet-Ke-UX.jpg,public/images/wiki_bai_viet/ung-dung-dac-sac-cua-thiet-ke-ux.jpg,CHO_KIEM_TRA,URL ảnh từ máy chủ bên ngoài.
ANH-0722,P2,WIKI_BAI_VIET,UX-Strategy-1024x576.jpg,jpg,1,src/_content/wiki-live-details.json:1,https://image.homenest.com.vn/wp-content/uploads/2023/10/UX-Strategy-1024x576.jpg,public/images/wiki_bai_viet/ux-strategy-1024x576.jpg,CHO_KIEM_TRA,URL ảnh từ máy chủ bên ngoài.
ANH-0723,P2,WIKI_BAI_VIET,UX-Strategy-1536x864.jpg,jpg,1,src/_content/wiki-live-details.json:1,https://image.homenest.com.vn/wp-content/uploads/2023/10/UX-Strategy-1536x864.jpg,public/images/wiki_bai_viet/ux-strategy-1536x864.jpg,CHO_KIEM_TRA,URL ảnh từ máy chủ bên ngoài.
ANH-0724,P2,WIKI_BAI_VIET,UX-Strategy-300x169.jpg,jpg,1,src/_content/wiki-live-details.json:1,https://image.homenest.com.vn/wp-content/uploads/2023/10/UX-Strategy-300x169.jpg,public/images/wiki_bai_viet/ux-strategy-300x169.jpg,CHO_KIEM_TRA,URL ảnh từ máy chủ bên ngoài.
ANH-0725,P2,WIKI_BAI_VIET,UX-Strategy-768x432.jpg,jpg,1,src/_content/wiki-live-details.json:1,https://image.homenest.com.vn/wp-content/uploads/2023/10/UX-Strategy-768x432.jpg,public/images/wiki_bai_viet/ux-strategy-768x432.jpg,CHO_KIEM_TRA,URL ảnh từ máy chủ bên ngoài.
ANH-0726,P2,WIKI_BAI_VIET,UX-Strategy.jpg,jpg,2,src/_content/wiki-live-details.json:1,https://image.homenest.com.vn/wp-content/uploads/2023/10/UX-Strategy.jpg,public/images/wiki_bai_viet/ux-strategy.jpg,CHO_KIEM_TRA,URL ảnh từ máy chủ bên ngoài.
ANH-0727,P2,WIKI_BAI_VIET,Da-dang-plugin-va-themes-1024x485.jpg,jpg,1,src/_content/wiki-live-details.json:1,https://image.homenest.com.vn/wp-content/uploads/2024/11/Da-dang-plugin-va-themes-1024x485.jpg,public/images/wiki_bai_viet/da-dang-plugin-va-themes-1024x485.jpg,CHO_KIEM_TRA,URL ảnh từ máy chủ bên ngoài.
ANH-0728,P2,WIKI_BAI_VIET,Da-dang-plugin-va-themes-300x142.jpg,jpg,1,src/_content/wiki-live-details.json:1,https://image.homenest.com.vn/wp-content/uploads/2024/11/Da-dang-plugin-va-themes-300x142.jpg,public/images/wiki_bai_viet/da-dang-plugin-va-themes-300x142.jpg,CHO_KIEM_TRA,URL ảnh từ máy chủ bên ngoài.
ANH-0729,P2,WIKI_BAI_VIET,Da-dang-plugin-va-themes-768x364.jpg,jpg,1,src/_content/wiki-live-details.json:1,https://image.homenest.com.vn/wp-content/uploads/2024/11/Da-dang-plugin-va-themes-768x364.jpg,public/images/wiki_bai_viet/da-dang-plugin-va-themes-768x364.jpg,CHO_KIEM_TRA,URL ảnh từ máy chủ bên ngoài.
ANH-0730,P2,WIKI_BAI_VIET,Da-dang-plugin-va-themes.jpg,jpg,2,src/_content/wiki-live-details.json:1,https://image.homenest.com.vn/wp-content/uploads/2024/11/Da-dang-plugin-va-themes.jpg,public/images/wiki_bai_viet/da-dang-plugin-va-themes.jpg,CHO_KIEM_TRA,URL ảnh từ máy chủ bên ngoài.
ANH-0731,P2,WIKI_BAI_VIET,Giao-dien-wordpress-thoi-dau-1024x699.jpg,jpg,1,src/_content/wiki-live-details.json:1,https://image.homenest.com.vn/wp-content/uploads/2024/11/Giao-dien-wordpress-thoi-dau-1024x699.jpg,public/images/wiki_bai_viet/giao-dien-wordpress-thoi-dau-1024x699.jpg,CHO_KIEM_TRA,URL ảnh từ máy chủ bên ngoài.
ANH-0732,P2,WIKI_BAI_VIET,Giao-dien-wordpress-thoi-dau-300x205.jpg,jpg,1,src/_content/wiki-live-details.json:1,https://image.homenest.com.vn/wp-content/uploads/2024/11/Giao-dien-wordpress-thoi-dau-300x205.jpg,public/images/wiki_bai_viet/giao-dien-wordpress-thoi-dau-300x205.jpg,CHO_KIEM_TRA,URL ảnh từ máy chủ bên ngoài.
ANH-0733,P2,WIKI_BAI_VIET,Giao-dien-wordpress-thoi-dau-768x524.jpg,jpg,1,src/_content/wiki-live-details.json:1,https://image.homenest.com.vn/wp-content/uploads/2024/11/Giao-dien-wordpress-thoi-dau-768x524.jpg,public/images/wiki_bai_viet/giao-dien-wordpress-thoi-dau-768x524.jpg,CHO_KIEM_TRA,URL ảnh từ máy chủ bên ngoài.
ANH-0734,P2,WIKI_BAI_VIET,Giao-dien-wordpress-thoi-dau.jpg,jpg,2,src/_content/wiki-live-details.json:1,https://image.homenest.com.vn/wp-content/uploads/2024/11/Giao-dien-wordpress-thoi-dau.jpg,public/images/wiki_bai_viet/giao-dien-wordpress-thoi-dau.jpg,CHO_KIEM_TRA,URL ảnh từ máy chủ bên ngoài.
ANH-0735,P2,WIKI_BAI_VIET,Matt-Mullenweg-va-Mike-Little-300x225.jpg,jpg,1,src/_content/wiki-live-details.json:1,https://image.homenest.com.vn/wp-content/uploads/2024/11/Matt-Mullenweg-va-Mike-Little-300x225.jpg,public/images/wiki_bai_viet/matt-mullenweg-va-mike-little-300x225.jpg,CHO_KIEM_TRA,URL ảnh từ máy chủ bên ngoài.
ANH-0736,P2,WIKI_BAI_VIET,Matt-Mullenweg-va-Mike-Little.jpg,jpg,2,src/_content/wiki-live-details.json:1,https://image.homenest.com.vn/wp-content/uploads/2024/11/Matt-Mullenweg-va-Mike-Little.jpg,public/images/wiki_bai_viet/matt-mullenweg-va-mike-little.jpg,CHO_KIEM_TRA,URL ảnh từ máy chủ bên ngoài.
ANH-0737,P2,WIKI_BAI_VIET,Nhung-hieu-lam-ve-wordpress-300x200.jpg,jpg,1,src/_content/wiki-live-details.json:1,https://image.homenest.com.vn/wp-content/uploads/2024/11/Nhung-hieu-lam-ve-wordpress-300x200.jpg,public/images/wiki_bai_viet/nhung-hieu-lam-ve-wordpress-300x200.jpg,CHO_KIEM_TRA,URL ảnh từ máy chủ bên ngoài.
ANH-0738,P2,WIKI_BAI_VIET,Nhung-hieu-lam-ve-wordpress-768x512.jpg,jpg,1,src/_content/wiki-live-details.json:1,https://image.homenest.com.vn/wp-content/uploads/2024/11/Nhung-hieu-lam-ve-wordpress-768x512.jpg,public/images/wiki_bai_viet/nhung-hieu-lam-ve-wordpress-768x512.jpg,CHO_KIEM_TRA,URL ảnh từ máy chủ bên ngoài.
ANH-0739,P2,WIKI_BAI_VIET,Nhung-hieu-lam-ve-wordpress.jpg,jpg,2,src/_content/wiki-live-details.json:1,https://image.homenest.com.vn/wp-content/uploads/2024/11/Nhung-hieu-lam-ve-wordpress.jpg,public/images/wiki_bai_viet/nhung-hieu-lam-ve-wordpress.jpg,CHO_KIEM_TRA,URL ảnh từ máy chủ bên ngoài.
ANH-0740,P2,WIKI_BAI_VIET,Tong-quan-ve-Wordpress.jpg,jpg,2,src/_content/wiki-live-details.json:1; src/lib/wiki-live.ts:28,https://image.homenest.com.vn/wp-content/uploads/2024/11/Tong-quan-ve-Wordpress.jpg,public/images/wiki_bai_viet/tong-quan-ve-wordpress.jpg,CHO_KIEM_TRA,URL ảnh từ máy chủ bên ngoài.
ANH-0741,P2,WIKI_BAI_VIET,Dich-vu-tich-hop-AI-chatbot-cho-doanh-nghiep-1024x1024.jpeg,jpeg,2,src/_content/wiki-live-details.json:1,https://image.homenest.com.vn/wp-content/uploads/2025/03/Dich-vu-tich-hop-AI-chatbot-cho-doanh-nghiep-1024x1024.jpeg,public/images/wiki_bai_viet/dich-vu-tich-hop-ai-chatbot-cho-doanh-nghiep-1024x1024.jpeg,CHO_KIEM_TRA,URL ảnh từ máy chủ bên ngoài.
ANH-0742,P2,WIKI_BAI_VIET,Dich-vu-tich-hop-AI-chatbot-cho-doanh-nghiep-150x150.jpeg,jpeg,1,src/_content/wiki-live-details.json:1,https://image.homenest.com.vn/wp-content/uploads/2025/03/Dich-vu-tich-hop-AI-chatbot-cho-doanh-nghiep-150x150.jpeg,public/images/wiki_bai_viet/dich-vu-tich-hop-ai-chatbot-cho-doanh-nghiep-150x150.jpeg,CHO_KIEM_TRA,URL ảnh từ máy chủ bên ngoài.
ANH-0743,P2,WIKI_BAI_VIET,Dich-vu-tich-hop-AI-chatbot-cho-doanh-nghiep-300x300.jpeg,jpeg,1,src/_content/wiki-live-details.json:1,https://image.homenest.com.vn/wp-content/uploads/2025/03/Dich-vu-tich-hop-AI-chatbot-cho-doanh-nghiep-300x300.jpeg,public/images/wiki_bai_viet/dich-vu-tich-hop-ai-chatbot-cho-doanh-nghiep-300x300.jpeg,CHO_KIEM_TRA,URL ảnh từ máy chủ bên ngoài.
ANH-0744,P2,WIKI_BAI_VIET,Dich-vu-tich-hop-AI-chatbot-cho-doanh-nghiep-768x768.jpeg,jpeg,1,src/_content/wiki-live-details.json:1,https://image.homenest.com.vn/wp-content/uploads/2025/03/Dich-vu-tich-hop-AI-chatbot-cho-doanh-nghiep-768x768.jpeg,public/images/wiki_bai_viet/dich-vu-tich-hop-ai-chatbot-cho-doanh-nghiep-768x768.jpeg,CHO_KIEM_TRA,URL ảnh từ máy chủ bên ngoài.
ANH-0745,P2,WIKI_BAI_VIET,Dich-vu-tich-hop-AI-chatbot-cho-doanh-nghiep.jpeg,jpeg,1,src/_content/wiki-live-details.json:1,https://image.homenest.com.vn/wp-content/uploads/2025/03/Dich-vu-tich-hop-AI-chatbot-cho-doanh-nghiep.jpeg,public/images/wiki_bai_viet/dich-vu-tich-hop-ai-chatbot-cho-doanh-nghiep.jpeg,CHO_KIEM_TRA,URL ảnh từ máy chủ bên ngoài.
ANH-0746,P2,WIKI_BAI_VIET,logo-HN-final-04-1-300x115.webp,webp,5,src/_content/wiki-live-details.json:1; src/lib/site-data.json:749|804,https://image.homenest.com.vn/wp-content/uploads/2025/07/22122544/logo-HN-final-04-1-300x115.webp,public/images/wiki_bai_viet/logo-hn-final-04-1-300x115.webp,CHO_KIEM_TRA,URL ảnh từ máy chủ bên ngoài.
ANH-0747,P2,WIKI_BAI_VIET,logo-HN-final-04-1.webp,webp,10,src/_content/wiki-live-details.json:1; src/lib/site-data.json:749|804,https://image.homenest.com.vn/wp-content/uploads/2025/07/22122544/logo-HN-final-04-1.webp,public/images/wiki_bai_viet/logo-hn-final-04-1.webp,CHO_KIEM_TRA,URL ảnh từ máy chủ bên ngoài.
ANH-0748,P2,WIKI_BAI_VIET,22.9-phan-biet-va-so-sanh-cac-dang-phan-mem-crm-pho-bien-nhat-hien-nay-1-1024x573.webp,webp,1,src/_content/wiki-live-details.json:1,https://image.homenest.com.vn/wp-content/uploads/2025/07/22124141/22.9-phan-biet-va-so-sanh-cac-dang-phan-mem-crm-pho-bien-nhat-hien-nay-1-1024x573.webp,public/images/wiki_bai_viet/22-9-phan-biet-va-so-sanh-cac-dang-phan-mem-crm-pho-bien-nhat-hien-nay-1-1024x573.webp,CHO_KIEM_TRA,URL ảnh từ máy chủ bên ngoài.
ANH-0749,P2,WIKI_BAI_VIET,22.9-phan-biet-va-so-sanh-cac-dang-phan-mem-crm-pho-bien-nhat-hien-nay-1-300x168.webp,webp,1,src/_content/wiki-live-details.json:1,https://image.homenest.com.vn/wp-content/uploads/2025/07/22124141/22.9-phan-biet-va-so-sanh-cac-dang-phan-mem-crm-pho-bien-nhat-hien-nay-1-300x168.webp,public/images/wiki_bai_viet/22-9-phan-biet-va-so-sanh-cac-dang-phan-mem-crm-pho-bien-nhat-hien-nay-1-300x168.webp,CHO_KIEM_TRA,URL ảnh từ máy chủ bên ngoài.
ANH-0750,P2,WIKI_BAI_VIET,22.9-phan-biet-va-so-sanh-cac-dang-phan-mem-crm-pho-bien-nhat-hien-nay-1-768x430.webp,webp,1,src/_content/wiki-live-details.json:1,https://image.homenest.com.vn/wp-content/uploads/2025/07/22124141/22.9-phan-biet-va-so-sanh-cac-dang-phan-mem-crm-pho-bien-nhat-hien-nay-1-768x430.webp,public/images/wiki_bai_viet/22-9-phan-biet-va-so-sanh-cac-dang-phan-mem-crm-pho-bien-nhat-hien-nay-1-768x430.webp,CHO_KIEM_TRA,URL ảnh từ máy chủ bên ngoài.
ANH-0751,P2,WIKI_BAI_VIET,22.9-phan-biet-va-so-sanh-cac-dang-phan-mem-crm-pho-bien-nhat-hien-nay-1.webp,webp,2,src/_content/wiki-live-details.json:1,https://image.homenest.com.vn/wp-content/uploads/2025/07/22124141/22.9-phan-biet-va-so-sanh-cac-dang-phan-mem-crm-pho-bien-nhat-hien-nay-1.webp,public/images/wiki_bai_viet/22-9-phan-biet-va-so-sanh-cac-dang-phan-mem-crm-pho-bien-nhat-hien-nay-1.webp,CHO_KIEM_TRA,URL ảnh từ máy chủ bên ngoài.
ANH-0752,P2,WIKI_BAI_VIET,chuyenchuyendoiso-1024x1024-1-150x150.webp,webp,1,src/_content/wiki-live-details.json:1,https://image.homenest.com.vn/wp-content/uploads/2025/07/22124141/chuyenchuyendoiso-1024x1024-1-150x150.webp,public/images/wiki_bai_viet/chuyenchuyendoiso-1024x1024-1-150x150.webp,CHO_KIEM_TRA,URL ảnh từ máy chủ bên ngoài.
ANH-0753,P2,WIKI_BAI_VIET,chuyenchuyendoiso-1024x1024-1-300x300.webp,webp,1,src/_content/wiki-live-details.json:1,https://image.homenest.com.vn/wp-content/uploads/2025/07/22124141/chuyenchuyendoiso-1024x1024-1-300x300.webp,public/images/wiki_bai_viet/chuyenchuyendoiso-1024x1024-1-300x300.webp,CHO_KIEM_TRA,URL ảnh từ máy chủ bên ngoài.
ANH-0754,P2,WIKI_BAI_VIET,chuyenchuyendoiso-1024x1024-1-768x768.webp,webp,1,src/_content/wiki-live-details.json:1,https://image.homenest.com.vn/wp-content/uploads/2025/07/22124141/chuyenchuyendoiso-1024x1024-1-768x768.webp,public/images/wiki_bai_viet/chuyenchuyendoiso-1024x1024-1-768x768.webp,CHO_KIEM_TRA,URL ảnh từ máy chủ bên ngoài.
ANH-0755,P2,WIKI_BAI_VIET,chuyenchuyendoiso-1024x1024-1.webp,webp,2,src/_content/wiki-live-details.json:1,https://image.homenest.com.vn/wp-content/uploads/2025/07/22124141/chuyenchuyendoiso-1024x1024-1.webp,public/images/wiki_bai_viet/chuyenchuyendoiso-1024x1024-1.webp,CHO_KIEM_TRA,URL ảnh từ máy chủ bên ngoài.
ANH-0756,P2,WIKI_BAI_VIET,crm-la-gi-300x140.webp,webp,1,src/_content/wiki-live-details.json:1,https://image.homenest.com.vn/wp-content/uploads/2025/07/22124141/crm-la-gi-300x140.webp,public/images/wiki_bai_viet/crm-la-gi-300x140.webp,CHO_KIEM_TRA,URL ảnh từ máy chủ bên ngoài.
ANH-0757,P2,WIKI_BAI_VIET,crm-la-gi-768x360.webp,webp,1,src/_content/wiki-live-details.json:1,https://image.homenest.com.vn/wp-content/uploads/2025/07/22124141/crm-la-gi-768x360.webp,public/images/wiki_bai_viet/crm-la-gi-768x360.webp,CHO_KIEM_TRA,URL ảnh từ máy chủ bên ngoài.
ANH-0758,P2,WIKI_BAI_VIET,crm-la-gi.webp,webp,2,src/_content/wiki-live-details.json:1,https://image.homenest.com.vn/wp-content/uploads/2025/07/22124141/crm-la-gi.webp,public/images/wiki_bai_viet/crm-la-gi.webp,CHO_KIEM_TRA,URL ảnh từ máy chủ bên ngoài.
ANH-0759,P2,WIKI_BAI_VIET,ngon-ngu-lap-trinh-JavaScript-la-gi-topcv-665b3607395de7-300x188.webp,webp,2,src/_content/wiki-live-details.json:1,https://image.homenest.com.vn/wp-content/uploads/2025/07/22124400/ngon-ngu-lap-trinh-JavaScript-la-gi-topcv-665b3607395de7-300x188.webp,public/images/wiki_bai_viet/ngon-ngu-lap-trinh-javascript-la-gi-topcv-665b3607395de7-300x188.webp,CHO_KIEM_TRA,URL ảnh từ máy chủ bên ngoài.
ANH-0760,P2,WIKI_BAI_VIET,ngon-ngu-lap-trinh-JavaScript-la-gi-topcv-665b3607395de7-768x480.webp,webp,2,src/_content/wiki-live-details.json:1,https://image.homenest.com.vn/wp-content/uploads/2025/07/22124400/ngon-ngu-lap-trinh-JavaScript-la-gi-topcv-665b3607395de7-768x480.webp,public/images/wiki_bai_viet/ngon-ngu-lap-trinh-javascript-la-gi-topcv-665b3607395de7-768x480.webp,CHO_KIEM_TRA,URL ảnh từ máy chủ bên ngoài.
ANH-0761,P2,WIKI_BAI_VIET,ngon-ngu-lap-trinh-JavaScript-la-gi-topcv-665b3607395de7.webp,webp,4,src/_content/wiki-live-details.json:1,https://image.homenest.com.vn/wp-content/uploads/2025/07/22124400/ngon-ngu-lap-trinh-JavaScript-la-gi-topcv-665b3607395de7.webp,public/images/wiki_bai_viet/ngon-ngu-lap-trinh-javascript-la-gi-topcv-665b3607395de7.webp,CHO_KIEM_TRA,URL ảnh từ máy chủ bên ngoài.
ANH-0762,P2,WIKI_BAI_VIET,responsive-web-design-caktus-1522729410484423329895-0-19-432-788-crop-15227294162761905809845-300x169.webp,webp,2,src/_content/wiki-live-details.json:1,https://image.homenest.com.vn/wp-content/uploads/2025/07/22124400/responsive-web-design-caktus-1522729410484423329895-0-19-432-788-crop-15227294162761905809845-300x169.webp,public/images/wiki_bai_viet/responsive-web-design-caktus-1522729410484423329895-0-19-432-788-crop-15227294162761905809845-300x169.webp,CHO_KIEM_TRA,URL ảnh từ máy chủ bên ngoài.
ANH-0763,P2,WIKI_BAI_VIET,responsive-web-design-caktus-1522729410484423329895-0-19-432-788-crop-15227294162761905809845.webp,webp,4,src/_content/wiki-live-details.json:1,https://image.homenest.com.vn/wp-content/uploads/2025/07/22124400/responsive-web-design-caktus-1522729410484423329895-0-19-432-788-crop-15227294162761905809845.webp,public/images/wiki_bai_viet/responsive-web-design-caktus-1522729410484423329895-0-19-432-788-crop-15227294162761905809845.webp,CHO_KIEM_TRA,URL ảnh từ máy chủ bên ngoài.
ANH-0764,P2,WIKI_BAI_VIET,Cam-Nang-Trien-Khai-CRM-Hieu-Qua-Nhung-Luu-Y-Khong-The-Bo-Qua.png,png,2,src/_content/wiki-live-details.json:1; src/lib/wiki-live.ts:21,https://image.homenest.com.vn/wp-content/uploads/2025/07/Cam-Nang-Trien-Khai-CRM-Hieu-Qua-Nhung-Luu-Y-Khong-The-Bo-Qua.png,public/images/wiki_bai_viet/cam-nang-trien-khai-crm-hieu-qua-nhung-luu-y-khong-the-bo-qua.png,CHO_KIEM_TRA,URL ảnh từ máy chủ bên ngoài.
ANH-0765,P2,WIKI_BAI_VIET,JavaScript-la-gi-Ly-do-nen-dung-JavaScript-khi-thiet-ke-website-1024x576.png,png,2,src/_content/wiki-live-details.json:1,https://image.homenest.com.vn/wp-content/uploads/2025/07/JavaScript-la-gi-Ly-do-nen-dung-JavaScript-khi-thiet-ke-website-1024x576.png,public/images/wiki_bai_viet/javascript-la-gi-ly-do-nen-dung-javascript-khi-thiet-ke-website-1024x576.png,CHO_KIEM_TRA,URL ảnh từ máy chủ bên ngoài.
ANH-0766,P2,WIKI_BAI_VIET,JavaScript-la-gi-Ly-do-nen-dung-JavaScript-khi-thiet-ke-website-1536x864.png,png,2,src/_content/wiki-live-details.json:1,https://image.homenest.com.vn/wp-content/uploads/2025/07/JavaScript-la-gi-Ly-do-nen-dung-JavaScript-khi-thiet-ke-website-1536x864.png,public/images/wiki_bai_viet/javascript-la-gi-ly-do-nen-dung-javascript-khi-thiet-ke-website-1536x864.png,CHO_KIEM_TRA,URL ảnh từ máy chủ bên ngoài.
ANH-0767,P2,WIKI_BAI_VIET,JavaScript-la-gi-Ly-do-nen-dung-JavaScript-khi-thiet-ke-website-300x169.png,png,2,src/_content/wiki-live-details.json:1,https://image.homenest.com.vn/wp-content/uploads/2025/07/JavaScript-la-gi-Ly-do-nen-dung-JavaScript-khi-thiet-ke-website-300x169.png,public/images/wiki_bai_viet/javascript-la-gi-ly-do-nen-dung-javascript-khi-thiet-ke-website-300x169.png,CHO_KIEM_TRA,URL ảnh từ máy chủ bên ngoài.
ANH-0768,P2,WIKI_BAI_VIET,JavaScript-la-gi-Ly-do-nen-dung-JavaScript-khi-thiet-ke-website-768x432.png,png,2,src/_content/wiki-live-details.json:1,https://image.homenest.com.vn/wp-content/uploads/2025/07/JavaScript-la-gi-Ly-do-nen-dung-JavaScript-khi-thiet-ke-website-768x432.png,public/images/wiki_bai_viet/javascript-la-gi-ly-do-nen-dung-javascript-khi-thiet-ke-website-768x432.png,CHO_KIEM_TRA,URL ảnh từ máy chủ bên ngoài.
ANH-0769,P2,WIKI_BAI_VIET,JavaScript-la-gi-Ly-do-nen-dung-JavaScript-khi-thiet-ke-website.png,png,9,src/_content/wiki-live-details.json:1; src/lib/wiki-live.ts:42,https://image.homenest.com.vn/wp-content/uploads/2025/07/JavaScript-la-gi-Ly-do-nen-dung-JavaScript-khi-thiet-ke-website.png,public/images/wiki_bai_viet/javascript-la-gi-ly-do-nen-dung-javascript-khi-thiet-ke-website.png,CHO_KIEM_TRA,URL ảnh từ máy chủ bên ngoài.
ANH-0770,P2,WIKI_BAI_VIET,tim-hieu-seo-wordpress-la-gi.jpg,jpg,1,src/_content/wiki-live-details.json:1,https://image.homenest.com.vn/wp-content/uploads/2025/09/22123142/tim-hieu-seo-wordpress-la-gi.jpg,public/images/wiki_bai_viet/tim-hieu-seo-wordpress-la-gi.jpg,CHO_KIEM_TRA,URL ảnh từ máy chủ bên ngoài.
ANH-0771,P2,WIKI_BAI_VIET,lap-ke-hoach-thiet-ke-app-2048x1366-2.jpg,jpg,1,src/components/sections/wiki/WikiArticle.tsx:39,https://image.homenest.com.vn/wp-content/uploads/2025/09/22123407/lap-ke-hoach-thiet-ke-app-2048x1366-2.jpg,public/images/wiki_bai_viet/lap-ke-hoach-thiet-ke-app-2048x1366-2.jpg,CHO_KIEM_TRA,URL ảnh từ máy chủ bên ngoài.
ANH-0772,P2,WIKI_BAI_VIET,XAY-DUNG-KE-HOACH-PHAT-TRIEN-MOBILE-APP.png,png,1,src/components/sections/wiki/WikiArticle.tsx:38,https://image.homenest.com.vn/wp-content/uploads/2025/10/22122712/XAY-DUNG-KE-HOACH-PHAT-TRIEN-MOBILE-APP.png,public/images/wiki_bai_viet/xay-dung-ke-hoach-phat-trien-mobile-app.png,CHO_KIEM_TRA,URL ảnh từ máy chủ bên ngoài.
ANH-0773,P2,WIKI_BAI_VIET,mvp-la-gi-kham-pha-5-vi-du-tu-cac-startup-hang-dau-the-gioi-da-thanh-cong-voi-mvp.jpg,jpg,1,src/_content/wiki-live-details.json:1,https://image.homenest.com.vn/wp-content/uploads/2025/11/22122144/mvp-la-gi-kham-pha-5-vi-du-tu-cac-startup-hang-dau-the-gioi-da-thanh-cong-voi-mvp.jpg,public/images/wiki_bai_viet/mvp-la-gi-kham-pha-5-vi-du-tu-cac-startup-hang-dau-the-gioi-da-thanh-cong-voi-mvp.jpg,CHO_KIEM_TRA,URL ảnh từ máy chủ bên ngoài.
ANH-0774,P2,WIKI_BAI_VIET,Giai-ma-tu-A-Z-quy-trinh-thiet-ke-giao-dien-nguoi-dung-cho-nguoi-moi-bat-dau-2.jpg,jpg,1,src/components/sections/wiki/WikiArticle.tsx:37,https://image.homenest.com.vn/wp-content/uploads/2025/11/22122324/Giai-ma-tu-A-Z-quy-trinh-thiet-ke-giao-dien-nguoi-dung-cho-nguoi-moi-bat-dau-2.jpg,public/images/wiki_bai_viet/giai-ma-tu-a-z-quy-trinh-thiet-ke-giao-dien-nguoi-dung-cho-nguoi-moi-bat-dau-2.jpg,CHO_KIEM_TRA,URL ảnh từ máy chủ bên ngoài.
ANH-0775,P2,WIKI_BAI_VIET,Thiet-ke-giao-dien-nguoi-dung-UI-la-gi.jpg,jpg,1,src/_content/wiki-live-details.json:1,https://image.homenest.com.vn/wp-content/uploads/2025/11/22122327/Thiet-ke-giao-dien-nguoi-dung-UI-la-gi.jpg,public/images/wiki_bai_viet/thiet-ke-giao-dien-nguoi-dung-ui-la-gi.jpg,CHO_KIEM_TRA,URL ảnh từ máy chủ bên ngoài.
ANH-0776,P2,WIKI_BAI_VIET,San-pham-kha-thi-toi-thieu-Minimum-Viable-Product-MVP-1024x577.png,png,1,src/_content/wiki-live-details.json:1,https://image.homenest.com.vn/wp-content/uploads/2025/12/22121911/San-pham-kha-thi-toi-thieu-Minimum-Viable-Product-MVP-1024x577.png,public/images/wiki_bai_viet/san-pham-kha-thi-toi-thieu-minimum-viable-product-mvp-1024x577.png,CHO_KIEM_TRA,URL ảnh từ máy chủ bên ngoài.
ANH-0777,P2,WIKI_BAI_VIET,San-pham-kha-thi-toi-thieu-Minimum-Viable-Product-MVP-1536x865.png,png,1,src/_content/wiki-live-details.json:1,https://image.homenest.com.vn/wp-content/uploads/2025/12/22121911/San-pham-kha-thi-toi-thieu-Minimum-Viable-Product-MVP-1536x865.png,public/images/wiki_bai_viet/san-pham-kha-thi-toi-thieu-minimum-viable-product-mvp-1536x865.png,CHO_KIEM_TRA,URL ảnh từ máy chủ bên ngoài.
ANH-0778,P2,WIKI_BAI_VIET,San-pham-kha-thi-toi-thieu-Minimum-Viable-Product-MVP-2048x1154.png,png,1,src/_content/wiki-live-details.json:1,https://image.homenest.com.vn/wp-content/uploads/2025/12/22121911/San-pham-kha-thi-toi-thieu-Minimum-Viable-Product-MVP-2048x1154.png,public/images/wiki_bai_viet/san-pham-kha-thi-toi-thieu-minimum-viable-product-mvp-2048x1154.png,CHO_KIEM_TRA,URL ảnh từ máy chủ bên ngoài.
ANH-0779,P2,WIKI_BAI_VIET,San-pham-kha-thi-toi-thieu-Minimum-Viable-Product-MVP-300x169.png,png,1,src/_content/wiki-live-details.json:1,https://image.homenest.com.vn/wp-content/uploads/2025/12/22121911/San-pham-kha-thi-toi-thieu-Minimum-Viable-Product-MVP-300x169.png,public/images/wiki_bai_viet/san-pham-kha-thi-toi-thieu-minimum-viable-product-mvp-300x169.png,CHO_KIEM_TRA,URL ảnh từ máy chủ bên ngoài.
ANH-0780,P2,WIKI_BAI_VIET,San-pham-kha-thi-toi-thieu-Minimum-Viable-Product-MVP-768x433.png,png,1,src/_content/wiki-live-details.json:1,https://image.homenest.com.vn/wp-content/uploads/2025/12/22121911/San-pham-kha-thi-toi-thieu-Minimum-Viable-Product-MVP-768x433.png,public/images/wiki_bai_viet/san-pham-kha-thi-toi-thieu-minimum-viable-product-mvp-768x433.png,CHO_KIEM_TRA,URL ảnh từ máy chủ bên ngoài.
ANH-0781,P2,WIKI_BAI_VIET,San-pham-kha-thi-toi-thieu-Minimum-Viable-Product-MVP-scaled.png,png,2,src/_content/wiki-live-details.json:1,https://image.homenest.com.vn/wp-content/uploads/2025/12/22121911/San-pham-kha-thi-toi-thieu-Minimum-Viable-Product-MVP-scaled.png,public/images/wiki_bai_viet/san-pham-kha-thi-toi-thieu-minimum-viable-product-mvp-scaled.png,CHO_KIEM_TRA,URL ảnh từ máy chủ bên ngoài.
ANH-0782,P2,WIKI_BAI_VIET,mvp-la-gi-1-300x169.jpg,jpg,1,src/_content/wiki-live-details.json:1,https://image.homenest.com.vn/wp-content/uploads/2025/12/22121912/mvp-la-gi-1-300x169.jpg,public/images/wiki_bai_viet/mvp-la-gi-1-300x169.jpg,CHO_KIEM_TRA,URL ảnh từ máy chủ bên ngoài.
ANH-0783,P2,WIKI_BAI_VIET,mvp-la-gi-1-768x432.jpg,jpg,1,src/_content/wiki-live-details.json:1,https://image.homenest.com.vn/wp-content/uploads/2025/12/22121912/mvp-la-gi-1-768x432.jpg,public/images/wiki_bai_viet/mvp-la-gi-1-768x432.jpg,CHO_KIEM_TRA,URL ảnh từ máy chủ bên ngoài.
ANH-0784,P2,WIKI_BAI_VIET,mvp-la-gi-1.jpg,jpg,2,src/_content/wiki-live-details.json:1,https://image.homenest.com.vn/wp-content/uploads/2025/12/22121912/mvp-la-gi-1.jpg,public/images/wiki_bai_viet/mvp-la-gi-1.jpg,CHO_KIEM_TRA,URL ảnh từ máy chủ bên ngoài.
ANH-0785,P2,WIKI_BAI_VIET,mvp-la-gi-kham-pha-5-vi-du-tu-cac-startup-hang-dau-the-gioi-da-thanh-cong-voi-mvp-1024x671.jpg,jpg,1,src/_content/wiki-live-details.json:1,https://image.homenest.com.vn/wp-content/uploads/2025/12/22121912/mvp-la-gi-kham-pha-5-vi-du-tu-cac-startup-hang-dau-the-gioi-da-thanh-cong-voi-mvp-1024x671.jpg,public/images/wiki_bai_viet/mvp-la-gi-kham-pha-5-vi-du-tu-cac-startup-hang-dau-the-gioi-da-thanh-cong-voi-mvp-1024x671.jpg,CHO_KIEM_TRA,URL ảnh từ máy chủ bên ngoài.
ANH-0786,P2,WIKI_BAI_VIET,mvp-la-gi-kham-pha-5-vi-du-tu-cac-startup-hang-dau-the-gioi-da-thanh-cong-voi-mvp-300x197.jpg,jpg,1,src/_content/wiki-live-details.json:1,https://image.homenest.com.vn/wp-content/uploads/2025/12/22121912/mvp-la-gi-kham-pha-5-vi-du-tu-cac-startup-hang-dau-the-gioi-da-thanh-cong-voi-mvp-300x197.jpg,public/images/wiki_bai_viet/mvp-la-gi-kham-pha-5-vi-du-tu-cac-startup-hang-dau-the-gioi-da-thanh-cong-voi-mvp-300x197.jpg,CHO_KIEM_TRA,URL ảnh từ máy chủ bên ngoài.
ANH-0787,P2,WIKI_BAI_VIET,mvp-la-gi-kham-pha-5-vi-du-tu-cac-startup-hang-dau-the-gioi-da-thanh-cong-voi-mvp-768x503.jpg,jpg,1,src/_content/wiki-live-details.json:1,https://image.homenest.com.vn/wp-content/uploads/2025/12/22121912/mvp-la-gi-kham-pha-5-vi-du-tu-cac-startup-hang-dau-the-gioi-da-thanh-cong-voi-mvp-768x503.jpg,public/images/wiki_bai_viet/mvp-la-gi-kham-pha-5-vi-du-tu-cac-startup-hang-dau-the-gioi-da-thanh-cong-voi-mvp-768x503.jpg,CHO_KIEM_TRA,URL ảnh từ máy chủ bên ngoài.
ANH-0788,P2,WIKI_BAI_VIET,mvp-la-gi-kham-pha-5-vi-du-tu-cac-startup-hang-dau-the-gioi-da-thanh-cong-voi-mvp.jpg,jpg,1,src/_content/wiki-live-details.json:1,https://image.homenest.com.vn/wp-content/uploads/2025/12/22121912/mvp-la-gi-kham-pha-5-vi-du-tu-cac-startup-hang-dau-the-gioi-da-thanh-cong-voi-mvp.jpg,public/images/wiki_bai_viet/mvp-la-gi-kham-pha-5-vi-du-tu-cac-startup-hang-dau-the-gioi-da-thanh-cong-voi-mvp.jpg,CHO_KIEM_TRA,URL ảnh từ máy chủ bên ngoài.
ANH-0789,P2,WIKI_BAI_VIET,Phat-Trien-MVP-Cho-Startup-Huong-Dan-Chi-Tiet-Tung-Buoc-Tu-A–Z.png,png,2,src/_content/wiki-live-details.json:1; src/lib/wiki-live.ts:35,https://image.homenest.com.vn/wp-content/uploads/2025/12/Phat-Trien-MVP-Cho-Startup-Huong-Dan-Chi-Tiet-Tung-Buoc-Tu-A%E2%80%93Z.png,public/images/wiki_bai_viet/phat-trien-mvp-cho-startup-huong-dan-chi-tiet-tung-buoc-tu-a-z.png,CHO_KIEM_TRA,URL ảnh từ máy chủ bên ngoài.
ANH-0790,P2,WIKI_BAI_VIET,Tich-hop-Chatbot-AI-vao-website-1024x576.jpeg,jpeg,3,src/_content/wiki-live-details.json:1,https://image.homenest.com.vn/wp-content/uploads/2026/01/22115643/Tich-hop-Chatbot-AI-vao-website-1024x576.jpeg,public/images/wiki_bai_viet/tich-hop-chatbot-ai-vao-website-1024x576.jpeg,CHO_KIEM_TRA,URL ảnh từ máy chủ bên ngoài.
ANH-0791,P2,WIKI_BAI_VIET,Tich-hop-Chatbot-AI-vao-website-1536x864.jpeg,jpeg,2,src/_content/wiki-live-details.json:1,https://image.homenest.com.vn/wp-content/uploads/2026/01/22115643/Tich-hop-Chatbot-AI-vao-website-1536x864.jpeg,public/images/wiki_bai_viet/tich-hop-chatbot-ai-vao-website-1536x864.jpeg,CHO_KIEM_TRA,URL ảnh từ máy chủ bên ngoài.
ANH-0792,P2,WIKI_BAI_VIET,Tich-hop-Chatbot-AI-vao-website-300x169.jpeg,jpeg,2,src/_content/wiki-live-details.json:1,https://image.homenest.com.vn/wp-content/uploads/2026/01/22115643/Tich-hop-Chatbot-AI-vao-website-300x169.jpeg,public/images/wiki_bai_viet/tich-hop-chatbot-ai-vao-website-300x169.jpeg,CHO_KIEM_TRA,URL ảnh từ máy chủ bên ngoài.
ANH-0793,P2,WIKI_BAI_VIET,Tich-hop-Chatbot-AI-vao-website-768x432.jpeg,jpeg,2,src/_content/wiki-live-details.json:1,https://image.homenest.com.vn/wp-content/uploads/2026/01/22115643/Tich-hop-Chatbot-AI-vao-website-768x432.jpeg,public/images/wiki_bai_viet/tich-hop-chatbot-ai-vao-website-768x432.jpeg,CHO_KIEM_TRA,URL ảnh từ máy chủ bên ngoài.
ANH-0794,P2,WIKI_BAI_VIET,Tich-hop-Chatbot-AI-vao-website.jpeg,jpeg,5,src/_content/wiki-live-details.json:1; src/lib/wiki-live.ts:7,https://image.homenest.com.vn/wp-content/uploads/2026/01/22115643/Tich-hop-Chatbot-AI-vao-website.jpeg,public/images/wiki_bai_viet/tich-hop-chatbot-ai-vao-website.jpeg,CHO_KIEM_TRA,URL ảnh từ máy chủ bên ngoài.
ANH-0795,P2,WIKI_BAI_VIET,Thue-Thiet-Ke-Website-Phu-Hop-Cho-Startup-SMEs.jpg,jpg,1,src/components/sections/wiki/WikiArticle.tsx:45,https://image.homenest.com.vn/wp-content/uploads/2026/01/22115844/Thue-Thiet-Ke-Website-Phu-Hop-Cho-Startup-SMEs.jpg,public/images/wiki_bai_viet/thue-thiet-ke-website-phu-hop-cho-startup-smes.jpg,CHO_KIEM_TRA,URL ảnh từ máy chủ bên ngoài.
ANH-0796,P2,WIKI_BAI_VIET,Huong-Dan-Chi-Tiet-Cach-Developer-Cho-Startup-Tu-A–Z.jpg,jpg,1,src/components/sections/wiki/WikiArticle.tsx:46,https://image.homenest.com.vn/wp-content/uploads/2026/01/22121425/Huong-Dan-Chi-Tiet-Cach-Developer-Cho-Startup-Tu-A%E2%80%93Z.jpg,public/images/wiki_bai_viet/huong-dan-chi-tiet-cach-developer-cho-startup-tu-a-z.jpg,CHO_KIEM_TRA,URL ảnh từ máy chủ bên ngoài.
ANH-0797,P2,WIKI_BAI_VIET,Khoi-Nghiep-Kinh-Doanh-Fantasy-Sports-Online-Huong-Dan-Chi-Tiet.png,png,1,src/components/sections/wiki/WikiArticle.tsx:47,https://image.homenest.com.vn/wp-content/uploads/2026/01/22121454/Khoi-Nghiep-Kinh-Doanh-Fantasy-Sports-Online-Huong-Dan-Chi-Tiet.png,public/images/wiki_bai_viet/khoi-nghiep-kinh-doanh-fantasy-sports-online-huong-dan-chi-tiet.png,CHO_KIEM_TRA,URL ảnh từ máy chủ bên ngoài.
ANH-0798,P2,WIKI_BAI_VIET,Cong-Nghe-Nen-Tang-Trong-Phat-Trien-AI-Chatbot.avif,avif,1,src/_content/wiki-live-details.json:1,https://image.homenest.com.vn/wp-content/uploads/2026/01/22121526/Cong-Nghe-Nen-Tang-Trong-Phat-Trien-AI-Chatbot.avif,public/images/wiki_bai_viet/cong-nghe-nen-tang-trong-phat-trien-ai-chatbot.avif,CHO_KIEM_TRA,URL ảnh từ máy chủ bên ngoài.
ANH-0799,P2,WIKI_BAI_VIET,Loi-Ich-Khi-Trien-Khai-AI-Chatbot-300x169.jpg,jpg,1,src/_content/wiki-live-details.json:1,https://image.homenest.com.vn/wp-content/uploads/2026/01/22121526/Loi-Ich-Khi-Trien-Khai-AI-Chatbot-300x169.jpg,public/images/wiki_bai_viet/loi-ich-khi-trien-khai-ai-chatbot-300x169.jpg,CHO_KIEM_TRA,URL ảnh từ máy chủ bên ngoài.
ANH-0800,P2,WIKI_BAI_VIET,Loi-Ich-Khi-Trien-Khai-AI-Chatbot-768x432.jpg,jpg,1,src/_content/wiki-live-details.json:1,https://image.homenest.com.vn/wp-content/uploads/2026/01/22121526/Loi-Ich-Khi-Trien-Khai-AI-Chatbot-768x432.jpg,public/images/wiki_bai_viet/loi-ich-khi-trien-khai-ai-chatbot-768x432.jpg,CHO_KIEM_TRA,URL ảnh từ máy chủ bên ngoài.
ANH-0801,P2,WIKI_BAI_VIET,Loi-Ich-Khi-Trien-Khai-AI-Chatbot.jpg,jpg,2,src/_content/wiki-live-details.json:1,https://image.homenest.com.vn/wp-content/uploads/2026/01/22121526/Loi-Ich-Khi-Trien-Khai-AI-Chatbot.jpg,public/images/wiki_bai_viet/loi-ich-khi-trien-khai-ai-chatbot.jpg,CHO_KIEM_TRA,URL ảnh từ máy chủ bên ngoài.
ANH-0802,P2,WIKI_BAI_VIET,AI-Chatbot-Hoat-Dong-Nhu-The-Nao-300x169.jpg,jpg,1,src/_content/wiki-live-details.json:1,https://image.homenest.com.vn/wp-content/uploads/2026/01/22121527/AI-Chatbot-Hoat-Dong-Nhu-The-Nao-300x169.jpg,public/images/wiki_bai_viet/ai-chatbot-hoat-dong-nhu-the-nao-300x169.jpg,CHO_KIEM_TRA,URL ảnh từ máy chủ bên ngoài.
ANH-0803,P2,WIKI_BAI_VIET,AI-Chatbot-Hoat-Dong-Nhu-The-Nao-768x432.jpg,jpg,1,src/_content/wiki-live-details.json:1,https://image.homenest.com.vn/wp-content/uploads/2026/01/22121527/AI-Chatbot-Hoat-Dong-Nhu-The-Nao-768x432.jpg,public/images/wiki_bai_viet/ai-chatbot-hoat-dong-nhu-the-nao-768x432.jpg,CHO_KIEM_TRA,URL ảnh từ máy chủ bên ngoài.
ANH-0804,P2,WIKI_BAI_VIET,AI-Chatbot-Hoat-Dong-Nhu-The-Nao.jpg,jpg,2,src/_content/wiki-live-details.json:1,https://image.homenest.com.vn/wp-content/uploads/2026/01/22121527/AI-Chatbot-Hoat-Dong-Nhu-The-Nao.jpg,public/images/wiki_bai_viet/ai-chatbot-hoat-dong-nhu-the-nao.jpg,CHO_KIEM_TRA,URL ảnh từ máy chủ bên ngoài.
ANH-0805,P2,WIKI_BAI_VIET,Lo-trinh-nghe-nghiep-Software-Engineer.jpg,jpg,25,src/components/sections/wiki/WorkLifeRawPage.tsx:47; src/lib/site-data.json:128|139|150|161|172|183|194|205|216|227|238|249|749|756|760|771|778|782|793|804|812,https://image.homenest.com.vn/wp-content/uploads/2026/03/22115909/Lo-trinh-nghe-nghiep-Software-Engineer.jpg,public/images/wiki_bai_viet/lo-trinh-nghe-nghiep-software-engineer.jpg,CHO_KIEM_TRA,URL ảnh từ máy chủ bên ngoài.
ANH-0806,P2,WIKI_BAI_VIET,Ngay-lam-viec-cua-mot-Backend.jpg,jpg,12,src/components/sections/wiki/WorkLifeRawPage.tsx:40; src/lib/site-data.json:749|760|771|782|789|793|804,https://image.homenest.com.vn/wp-content/uploads/2026/03/22115915/Ngay-lam-viec-cua-mot-Backend.jpg,public/images/wiki_bai_viet/ngay-lam-viec-cua-mot-backend.jpg,CHO_KIEM_TRA,URL ảnh từ máy chủ bên ngoài.
ANH-0807,P2,WIKI_BAI_VIET,Flutter-so-voi-React-Native-va-Xamarin-Nen-chon-framework-nao-cho-phat-trien-Mobile.webp,webp,9,src/components/sections/wiki/WorkLifeRawPage.tsx:38; src/lib/site-data.json:760|767|771|782|793,https://image.homenest.com.vn/wp-content/uploads/2026/03/22115935/Flutter-so-voi-React-Native-va-Xamarin-Nen-chon-framework-nao-cho-phat-trien-Mobile.webp,public/images/wiki_bai_viet/flutter-so-voi-react-native-va-xamarin-nen-chon-framework-nao-cho-phat-trien-mobile.webp,CHO_KIEM_TRA,URL ảnh từ máy chủ bên ngoài.
ANH-0808,P2,WIKI_BAI_VIET,Top-10-Khoa-Hoc-Back-End-Developer-Tot-Nhat.png,png,5,src/components/sections/wiki/WorkLifeRawPage.tsx:39; src/lib/site-data.json:760|771|782|793,https://image.homenest.com.vn/wp-content/uploads/2026/03/22115940/Top-10-Khoa-Hoc-Back-End-Developer-Tot-Nhat.png,public/images/wiki_bai_viet/top-10-khoa-hoc-back-end-developer-tot-nhat.png,CHO_KIEM_TRA,URL ảnh từ máy chủ bên ngoài.
ANH-0809,P2,WIKI_BAI_VIET,React-Native-Developer-la-gi.png,png,2,src/components/sections/wiki/WorkLifeRawPage.tsx:41; src/lib/site-data.json:760,https://image.homenest.com.vn/wp-content/uploads/2026/03/22115956/React-Native-Developer-la-gi.png,public/images/wiki_bai_viet/react-native-developer-la-gi.png,CHO_KIEM_TRA,URL ảnh từ máy chủ bên ngoài.
ANH-0810,P2,WIKI_BAI_VIET,ui-ux-la-gi.jpg,jpg,3,src/_content/wiki-live-details.json:1; src/components/sections/wiki/WorkLifeRawPage.tsx:37; src/lib/site-data.json:760,https://image.homenest.com.vn/wp-content/uploads/2026/03/22120006/ui-ux-la-gi.jpg,public/images/wiki_bai_viet/ui-ux-la-gi.jpg,CHO_KIEM_TRA,URL ảnh từ máy chủ bên ngoài.
ANH-0811,P2,WIKI_BAI_VIET,ICON-ZALO-CALL-BUTTON-HOMENEST.png,png,2,src/_content/wiki-live-details.json:1; src/components/chrome/FloatingButtons.tsx:8,https://image.homenest.com.vn/wp-content/uploads/2026/04/ICON-ZALO-CALL-BUTTON-HOMENEST.png,public/images/wiki_bai_viet/icon-zalo-call-button-homenest.png,CHO_KIEM_TRA,URL ảnh từ máy chủ bên ngoài.
ANH-0812,P2,WIKI_BAI_VIET,Logo-HomeNest-Media.png,png,2,src/_content/wiki-live-details.json:1; src/components/chrome/Footer.tsx:47,https://image.homenest.com.vn/wp-content/uploads/2026/04/Logo-HomeNest-Media.png,public/images/wiki_bai_viet/logo-homenest-media.png,CHO_KIEM_TRA,URL ảnh từ máy chủ bên ngoài.
ANH-0813,P2,WIKI_BAI_VIET,Logo-HomeNest-Software.png,png,2,src/_content/wiki-live-details.json:1; src/components/chrome/Footer.tsx:45,https://image.homenest.com.vn/wp-content/uploads/2026/04/Logo-HomeNest-Software.png,public/images/wiki_bai_viet/logo-homenest-software.png,CHO_KIEM_TRA,URL ảnh từ máy chủ bên ngoài.
ANH-0814,P2,WIKI_BAI_VIET,Logo-HomeNest-Tech.png,png,2,src/_content/wiki-live-details.json:1; src/components/chrome/Footer.tsx:46,https://image.homenest.com.vn/wp-content/uploads/2026/04/Logo-HomeNest-Tech.png,public/images/wiki_bai_viet/logo-homenest-tech.png,CHO_KIEM_TRA,URL ảnh từ máy chủ bên ngoài.
ANH-0815,P2,WIKI_BAI_VIET,Logo-HomeNest-Viet-Nam.png,png,9,src/_content/wiki-live-details.json:1; src/app/lien-he/page.tsx:8; src/components/chrome/FloatingHeader.tsx:9; src/components/chrome/Footer.tsx:44; src/components/chrome/Logo.tsx:4; src/lib/site-data.json:834|1259,https://image.homenest.com.vn/wp-content/uploads/2026/04/Logo-HomeNest-Viet-Nam.png,public/images/wiki_bai_viet/logo-homenest-viet-nam.png,CHO_KIEM_TRA,URL ảnh từ máy chủ bên ngoài.
ANH-0816,P2,WIKI_BAI_VIET,Bao-Gia-Phat-Trien-Phan-Mem-Theo-Yeu-Cau-Moi-Nhat.png,png,1,src/components/sections/wiki/WikiArticle.tsx:42,https://image.homenest.com.vn/wp-content/uploads/2026/05/Bao-Gia-Phat-Trien-Phan-Mem-Theo-Yeu-Cau-Moi-Nhat.png,public/images/wiki_bai_viet/bao-gia-phat-trien-phan-mem-theo-yeu-cau-moi-nhat.png,CHO_KIEM_TRA,URL ảnh từ máy chủ bên ngoài.
ANH-0817,P2,WIKI_BAI_VIET,Thiet-ke-app-cho-cong-ty-khoi-nghiep.jpg,jpg,1,src/_content/wiki-live-details.json:1,https://image.homenest.com.vn/wp-content/uploads/2026/05/Thiet-ke-app-cho-cong-ty-khoi-nghiep.jpg,public/images/wiki_bai_viet/thiet-ke-app-cho-cong-ty-khoi-nghiep.jpg,CHO_KIEM_TRA,URL ảnh từ máy chủ bên ngoài.
ANH-0818,P2,WIKI_BAI_VIET,Top-10-cong-ty-lap-trinh-phan-mem-lon-nhat-Viet-Nam.jpg,jpg,1,src/components/sections/wiki/WikiArticle.tsx:51,https://image.homenest.com.vn/wp-content/uploads/2026/05/Top-10-cong-ty-lap-trinh-phan-mem-lon-nhat-Viet-Nam.jpg,public/images/wiki_bai_viet/top-10-cong-ty-lap-trinh-phan-mem-lon-nhat-viet-nam.jpg,CHO_KIEM_TRA,URL ảnh từ máy chủ bên ngoài.
ANH-0819,P2,WIKI_BAI_VIET,Top-10-Cong-Ty-Phat-Trien-Web-App-Hang-Dau-Viet-Nam.png,png,1,src/components/sections/wiki/WikiArticle.tsx:52,https://image.homenest.com.vn/wp-content/uploads/2026/05/Top-10-Cong-Ty-Phat-Trien-Web-App-Hang-Dau-Viet-Nam.png,public/images/wiki_bai_viet/top-10-cong-ty-phat-trien-web-app-hang-dau-viet-nam.png,CHO_KIEM_TRA,URL ảnh từ máy chủ bên ngoài.
ANH-0820,P2,WIKI_BAI_VIET,HomeNest-Viet-Nam-–-Doi-tac-chien-luoc-dong-hanh-cung-hanh-trinh-chuyen-doi-so-1024x576.png,png,1,src/_content/wiki-live-details.json:1,https://image.homenest.com.vn/wp-content/uploads/2026/06/HomeNest-Viet-Nam-%E2%80%93-Doi-tac-chien-luoc-dong-hanh-cung-hanh-trinh-chuyen-doi-so-1024x576.png,public/images/wiki_bai_viet/homenest-viet-nam-doi-tac-chien-luoc-dong-hanh-cung-hanh-trinh-chuyen-doi-so-1024x576.png,CHO_KIEM_TRA,URL ảnh từ máy chủ bên ngoài.
ANH-0821,P2,WIKI_BAI_VIET,HomeNest-Viet-Nam-–-Doi-tac-chien-luoc-dong-hanh-cung-hanh-trinh-chuyen-doi-so-1536x864.png,png,1,src/_content/wiki-live-details.json:1,https://image.homenest.com.vn/wp-content/uploads/2026/06/HomeNest-Viet-Nam-%E2%80%93-Doi-tac-chien-luoc-dong-hanh-cung-hanh-trinh-chuyen-doi-so-1536x864.png,public/images/wiki_bai_viet/homenest-viet-nam-doi-tac-chien-luoc-dong-hanh-cung-hanh-trinh-chuyen-doi-so-1536x864.png,CHO_KIEM_TRA,URL ảnh từ máy chủ bên ngoài.
ANH-0822,P2,WIKI_BAI_VIET,HomeNest-Viet-Nam-–-Doi-tac-chien-luoc-dong-hanh-cung-hanh-trinh-chuyen-doi-so-300x169.png,png,1,src/_content/wiki-live-details.json:1,https://image.homenest.com.vn/wp-content/uploads/2026/06/HomeNest-Viet-Nam-%E2%80%93-Doi-tac-chien-luoc-dong-hanh-cung-hanh-trinh-chuyen-doi-so-300x169.png,public/images/wiki_bai_viet/homenest-viet-nam-doi-tac-chien-luoc-dong-hanh-cung-hanh-trinh-chuyen-doi-so-300x169.png,CHO_KIEM_TRA,URL ảnh từ máy chủ bên ngoài.
ANH-0823,P2,WIKI_BAI_VIET,HomeNest-Viet-Nam-–-Doi-tac-chien-luoc-dong-hanh-cung-hanh-trinh-chuyen-doi-so-768x432.png,png,1,src/_content/wiki-live-details.json:1,https://image.homenest.com.vn/wp-content/uploads/2026/06/HomeNest-Viet-Nam-%E2%80%93-Doi-tac-chien-luoc-dong-hanh-cung-hanh-trinh-chuyen-doi-so-768x432.png,public/images/wiki_bai_viet/homenest-viet-nam-doi-tac-chien-luoc-dong-hanh-cung-hanh-trinh-chuyen-doi-so-768x432.png,CHO_KIEM_TRA,URL ảnh từ máy chủ bên ngoài.
ANH-0824,P2,WIKI_BAI_VIET,HomeNest-Viet-Nam-–-Doi-tac-chien-luoc-dong-hanh-cung-hanh-trinh-chuyen-doi-so.png,png,2,src/_content/wiki-live-details.json:1,https://image.homenest.com.vn/wp-content/uploads/2026/06/HomeNest-Viet-Nam-%E2%80%93-Doi-tac-chien-luoc-dong-hanh-cung-hanh-trinh-chuyen-doi-so.png,public/images/wiki_bai_viet/homenest-viet-nam-doi-tac-chien-luoc-dong-hanh-cung-hanh-trinh-chuyen-doi-so.png,CHO_KIEM_TRA,URL ảnh từ máy chủ bên ngoài.
ANH-0825,P2,WIKI_BAI_VIET,10-Ung-Dung-AI-Trong-Y-Te-Dang-Thay-Doi-Nganh-Cham-Soc-Suc-Khoe.png,png,3,src/_content/wiki-live-details.json:1; src/components/sections/wiki/WikiArticle.tsx:44,https://image.homenest.com.vn/wp-content/uploads/2026/07/10-Ung-Dung-AI-Trong-Y-Te-Dang-Thay-Doi-Nganh-Cham-Soc-Suc-Khoe.png,public/images/wiki_bai_viet/10-ung-dung-ai-trong-y-te-dang-thay-doi-nganh-cham-soc-suc-khoe.png,CHO_KIEM_TRA,URL ảnh từ máy chủ bên ngoài.
ANH-0826,P2,WIKI_BAI_VIET,AI-Bias-Trong-Healthcare.png,png,3,src/_content/wiki-live-details.json:1; src/components/sections/wiki/WikiArticle.tsx:43,https://image.homenest.com.vn/wp-content/uploads/2026/07/AI-Bias-Trong-Healthcare.png,public/images/wiki_bai_viet/ai-bias-trong-healthcare.png,CHO_KIEM_TRA,URL ảnh từ máy chủ bên ngoài.
ANH-0827,P2,WIKI_BAI_VIET,app-logistic.jpeg,jpeg,1,src/components/sections/wiki/WikiArticle.tsx:49,https://image.homenest.com.vn/wp-content/uploads/2026/07/app-logistic.jpeg,public/images/wiki_bai_viet/app-logistic.jpeg,CHO_KIEM_TRA,URL ảnh từ máy chủ bên ngoài.
ANH-0828,P2,WIKI_BAI_VIET,Boi-canh-lap-trinh-AI-1024x576.jpg,jpg,1,src/_content/wiki-live-details.json:1,https://image.homenest.com.vn/wp-content/uploads/2026/07/Boi-canh-lap-trinh-AI-1024x576.jpg,public/images/wiki_bai_viet/boi-canh-lap-trinh-ai-1024x576.jpg,CHO_KIEM_TRA,URL ảnh từ máy chủ bên ngoài.
ANH-0829,P2,WIKI_BAI_VIET,Boi-canh-lap-trinh-AI-1536x864.jpg,jpg,1,src/_content/wiki-live-details.json:1,https://image.homenest.com.vn/wp-content/uploads/2026/07/Boi-canh-lap-trinh-AI-1536x864.jpg,public/images/wiki_bai_viet/boi-canh-lap-trinh-ai-1536x864.jpg,CHO_KIEM_TRA,URL ảnh từ máy chủ bên ngoài.
ANH-0830,P2,WIKI_BAI_VIET,Boi-canh-lap-trinh-AI-300x169.jpg,jpg,1,src/_content/wiki-live-details.json:1,https://image.homenest.com.vn/wp-content/uploads/2026/07/Boi-canh-lap-trinh-AI-300x169.jpg,public/images/wiki_bai_viet/boi-canh-lap-trinh-ai-300x169.jpg,CHO_KIEM_TRA,URL ảnh từ máy chủ bên ngoài.
ANH-0831,P2,WIKI_BAI_VIET,Boi-canh-lap-trinh-AI-768x432.jpg,jpg,1,src/_content/wiki-live-details.json:1,https://image.homenest.com.vn/wp-content/uploads/2026/07/Boi-canh-lap-trinh-AI-768x432.jpg,public/images/wiki_bai_viet/boi-canh-lap-trinh-ai-768x432.jpg,CHO_KIEM_TRA,URL ảnh từ máy chủ bên ngoài.
ANH-0832,P2,WIKI_BAI_VIET,Boi-canh-lap-trinh-AI.jpg,jpg,2,src/_content/wiki-live-details.json:1,https://image.homenest.com.vn/wp-content/uploads/2026/07/Boi-canh-lap-trinh-AI.jpg,public/images/wiki_bai_viet/boi-canh-lap-trinh-ai.jpg,CHO_KIEM_TRA,URL ảnh từ máy chủ bên ngoài.
ANH-0833,P2,WIKI_BAI_VIET,Can-chuan-bi-gi-de-xay-dung-he-thong-Chatbot-1024x571.jpg,jpg,2,src/_content/wiki-live-details.json:1,https://image.homenest.com.vn/wp-content/uploads/2026/07/Can-chuan-bi-gi-de-xay-dung-he-thong-Chatbot-1024x571.jpg,public/images/wiki_bai_viet/can-chuan-bi-gi-de-xay-dung-he-thong-chatbot-1024x571.jpg,CHO_KIEM_TRA,URL ảnh từ máy chủ bên ngoài.
ANH-0834,P2,WIKI_BAI_VIET,Can-chuan-bi-gi-de-xay-dung-he-thong-Chatbot-1536x857.jpg,jpg,1,src/_content/wiki-live-details.json:1,https://image.homenest.com.vn/wp-content/uploads/2026/07/Can-chuan-bi-gi-de-xay-dung-he-thong-Chatbot-1536x857.jpg,public/images/wiki_bai_viet/can-chuan-bi-gi-de-xay-dung-he-thong-chatbot-1536x857.jpg,CHO_KIEM_TRA,URL ảnh từ máy chủ bên ngoài.
ANH-0835,P2,WIKI_BAI_VIET,Can-chuan-bi-gi-de-xay-dung-he-thong-Chatbot-300x167.jpg,jpg,1,src/_content/wiki-live-details.json:1,https://image.homenest.com.vn/wp-content/uploads/2026/07/Can-chuan-bi-gi-de-xay-dung-he-thong-Chatbot-300x167.jpg,public/images/wiki_bai_viet/can-chuan-bi-gi-de-xay-dung-he-thong-chatbot-300x167.jpg,CHO_KIEM_TRA,URL ảnh từ máy chủ bên ngoài.
ANH-0836,P2,WIKI_BAI_VIET,Can-chuan-bi-gi-de-xay-dung-he-thong-Chatbot-768x428.jpg,jpg,1,src/_content/wiki-live-details.json:1,https://image.homenest.com.vn/wp-content/uploads/2026/07/Can-chuan-bi-gi-de-xay-dung-he-thong-Chatbot-768x428.jpg,public/images/wiki_bai_viet/can-chuan-bi-gi-de-xay-dung-he-thong-chatbot-768x428.jpg,CHO_KIEM_TRA,URL ảnh từ máy chủ bên ngoài.
ANH-0837,P2,WIKI_BAI_VIET,Can-chuan-bi-gi-de-xay-dung-he-thong-Chatbot.jpg,jpg,1,src/_content/wiki-live-details.json:1,https://image.homenest.com.vn/wp-content/uploads/2026/07/Can-chuan-bi-gi-de-xay-dung-he-thong-Chatbot.jpg,public/images/wiki_bai_viet/can-chuan-bi-gi-de-xay-dung-he-thong-chatbot.jpg,CHO_KIEM_TRA,URL ảnh từ máy chủ bên ngoài.
ANH-0838,P2,WIKI_BAI_VIET,Chatbot-dinh-huong-tac-vu-la-gi-1.jpg,jpg,4,src/_content/wiki-live-details.json:1; src/lib/wiki-live.ts:70,https://image.homenest.com.vn/wp-content/uploads/2026/07/Chatbot-dinh-huong-tac-vu-la-gi-1.jpg,public/images/wiki_bai_viet/chatbot-dinh-huong-tac-vu-la-gi-1.jpg,CHO_KIEM_TRA,URL ảnh từ máy chủ bên ngoài.
ANH-0839,P2,WIKI_BAI_VIET,Chatbot-truy-xuat-du-lieu.jpg,jpg,4,src/_content/wiki-live-details.json:1; src/lib/wiki-live.ts:84,https://image.homenest.com.vn/wp-content/uploads/2026/07/Chatbot-truy-xuat-du-lieu.jpg,public/images/wiki_bai_viet/chatbot-truy-xuat-du-lieu.jpg,CHO_KIEM_TRA,URL ảnh từ máy chủ bên ngoài.
ANH-0840,P2,WIKI_BAI_VIET,Chatbot-truy-xuat-dua-tren-du-lieu-1024x572.jpg,jpg,2,src/_content/wiki-live-details.json:1,https://image.homenest.com.vn/wp-content/uploads/2026/07/Chatbot-truy-xuat-dua-tren-du-lieu-1024x572.jpg,public/images/wiki_bai_viet/chatbot-truy-xuat-dua-tren-du-lieu-1024x572.jpg,CHO_KIEM_TRA,URL ảnh từ máy chủ bên ngoài.
ANH-0841,P2,WIKI_BAI_VIET,Chatbot-truy-xuat-dua-tren-du-lieu-1536x857.jpg,jpg,1,src/_content/wiki-live-details.json:1,https://image.homenest.com.vn/wp-content/uploads/2026/07/Chatbot-truy-xuat-dua-tren-du-lieu-1536x857.jpg,public/images/wiki_bai_viet/chatbot-truy-xuat-dua-tren-du-lieu-1536x857.jpg,CHO_KIEM_TRA,URL ảnh từ máy chủ bên ngoài.
ANH-0842,P2,WIKI_BAI_VIET,Chatbot-truy-xuat-dua-tren-du-lieu-300x167.jpg,jpg,1,src/_content/wiki-live-details.json:1,https://image.homenest.com.vn/wp-content/uploads/2026/07/Chatbot-truy-xuat-dua-tren-du-lieu-300x167.jpg,public/images/wiki_bai_viet/chatbot-truy-xuat-dua-tren-du-lieu-300x167.jpg,CHO_KIEM_TRA,URL ảnh từ máy chủ bên ngoài.
ANH-0843,P2,WIKI_BAI_VIET,Chatbot-truy-xuat-dua-tren-du-lieu-768x429.jpg,jpg,1,src/_content/wiki-live-details.json:1,https://image.homenest.com.vn/wp-content/uploads/2026/07/Chatbot-truy-xuat-dua-tren-du-lieu-768x429.jpg,public/images/wiki_bai_viet/chatbot-truy-xuat-dua-tren-du-lieu-768x429.jpg,CHO_KIEM_TRA,URL ảnh từ máy chủ bên ngoài.
ANH-0844,P2,WIKI_BAI_VIET,Chatbot-truy-xuat-dua-tren-du-lieu.jpg,jpg,1,src/_content/wiki-live-details.json:1,https://image.homenest.com.vn/wp-content/uploads/2026/07/Chatbot-truy-xuat-dua-tren-du-lieu.jpg,public/images/wiki_bai_viet/chatbot-truy-xuat-dua-tren-du-lieu.jpg,CHO_KIEM_TRA,URL ảnh từ máy chủ bên ngoài.
ANH-0845,P2,WIKI_BAI_VIET,Co-che-hoat-dong-cua-AI-truy-xuat-du-lieu-1024x571.jpg,jpg,2,src/_content/wiki-live-details.json:1,https://image.homenest.com.vn/wp-content/uploads/2026/07/Co-che-hoat-dong-cua-AI-truy-xuat-du-lieu-1024x571.jpg,public/images/wiki_bai_viet/co-che-hoat-dong-cua-ai-truy-xuat-du-lieu-1024x571.jpg,CHO_KIEM_TRA,URL ảnh từ máy chủ bên ngoài.
ANH-0846,P2,WIKI_BAI_VIET,Co-che-hoat-dong-cua-AI-truy-xuat-du-lieu-1536x857.jpg,jpg,1,src/_content/wiki-live-details.json:1,https://image.homenest.com.vn/wp-content/uploads/2026/07/Co-che-hoat-dong-cua-AI-truy-xuat-du-lieu-1536x857.jpg,public/images/wiki_bai_viet/co-che-hoat-dong-cua-ai-truy-xuat-du-lieu-1536x857.jpg,CHO_KIEM_TRA,URL ảnh từ máy chủ bên ngoài.
ANH-0847,P2,WIKI_BAI_VIET,Co-che-hoat-dong-cua-AI-truy-xuat-du-lieu-300x167.jpg,jpg,1,src/_content/wiki-live-details.json:1,https://image.homenest.com.vn/wp-content/uploads/2026/07/Co-che-hoat-dong-cua-AI-truy-xuat-du-lieu-300x167.jpg,public/images/wiki_bai_viet/co-che-hoat-dong-cua-ai-truy-xuat-du-lieu-300x167.jpg,CHO_KIEM_TRA,URL ảnh từ máy chủ bên ngoài.
ANH-0848,P2,WIKI_BAI_VIET,Co-che-hoat-dong-cua-AI-truy-xuat-du-lieu-768x428.jpg,jpg,1,src/_content/wiki-live-details.json:1,https://image.homenest.com.vn/wp-content/uploads/2026/07/Co-che-hoat-dong-cua-AI-truy-xuat-du-lieu-768x428.jpg,public/images/wiki_bai_viet/co-che-hoat-dong-cua-ai-truy-xuat-du-lieu-768x428.jpg,CHO_KIEM_TRA,URL ảnh từ máy chủ bên ngoài.
ANH-0849,P2,WIKI_BAI_VIET,Co-che-hoat-dong-cua-AI-truy-xuat-du-lieu.jpg,jpg,1,src/_content/wiki-live-details.json:1,https://image.homenest.com.vn/wp-content/uploads/2026/07/Co-che-hoat-dong-cua-AI-truy-xuat-du-lieu.jpg,public/images/wiki_bai_viet/co-che-hoat-dong-cua-ai-truy-xuat-du-lieu.jpg,CHO_KIEM_TRA,URL ảnh từ máy chủ bên ngoài.
ANH-0850,P2,WIKI_BAI_VIET,Co-che-hoat-dong-cua-Chatbot-dinh-huong-tac-vu-1024x572.jpg,jpg,2,src/_content/wiki-live-details.json:1,https://image.homenest.com.vn/wp-content/uploads/2026/07/Co-che-hoat-dong-cua-Chatbot-dinh-huong-tac-vu-1024x572.jpg,public/images/wiki_bai_viet/co-che-hoat-dong-cua-chatbot-dinh-huong-tac-vu-1024x572.jpg,CHO_KIEM_TRA,URL ảnh từ máy chủ bên ngoài.
ANH-0851,P2,WIKI_BAI_VIET,Co-che-hoat-dong-cua-Chatbot-dinh-huong-tac-vu-1536x857.jpg,jpg,1,src/_content/wiki-live-details.json:1,https://image.homenest.com.vn/wp-content/uploads/2026/07/Co-che-hoat-dong-cua-Chatbot-dinh-huong-tac-vu-1536x857.jpg,public/images/wiki_bai_viet/co-che-hoat-dong-cua-chatbot-dinh-huong-tac-vu-1536x857.jpg,CHO_KIEM_TRA,URL ảnh từ máy chủ bên ngoài.
ANH-0852,P2,WIKI_BAI_VIET,Co-che-hoat-dong-cua-Chatbot-dinh-huong-tac-vu-300x167.jpg,jpg,1,src/_content/wiki-live-details.json:1,https://image.homenest.com.vn/wp-content/uploads/2026/07/Co-che-hoat-dong-cua-Chatbot-dinh-huong-tac-vu-300x167.jpg,public/images/wiki_bai_viet/co-che-hoat-dong-cua-chatbot-dinh-huong-tac-vu-300x167.jpg,CHO_KIEM_TRA,URL ảnh từ máy chủ bên ngoài.
ANH-0853,P2,WIKI_BAI_VIET,Co-che-hoat-dong-cua-Chatbot-dinh-huong-tac-vu-768x429.jpg,jpg,1,src/_content/wiki-live-details.json:1,https://image.homenest.com.vn/wp-content/uploads/2026/07/Co-che-hoat-dong-cua-Chatbot-dinh-huong-tac-vu-768x429.jpg,public/images/wiki_bai_viet/co-che-hoat-dong-cua-chatbot-dinh-huong-tac-vu-768x429.jpg,CHO_KIEM_TRA,URL ảnh từ máy chủ bên ngoài.
ANH-0854,P2,WIKI_BAI_VIET,Co-che-hoat-dong-cua-Chatbot-dinh-huong-tac-vu.jpg,jpg,1,src/_content/wiki-live-details.json:1,https://image.homenest.com.vn/wp-content/uploads/2026/07/Co-che-hoat-dong-cua-Chatbot-dinh-huong-tac-vu.jpg,public/images/wiki_bai_viet/co-che-hoat-dong-cua-chatbot-dinh-huong-tac-vu.jpg,CHO_KIEM_TRA,URL ảnh từ máy chủ bên ngoài.
ANH-0855,P2,WIKI_BAI_VIET,Cong-Nghe-Blockchain-Trong-Y-Te-2-1024x576.png,png,2,src/_content/wiki-live-details.json:1,https://image.homenest.com.vn/wp-content/uploads/2026/07/Cong-Nghe-Blockchain-Trong-Y-Te-2-1024x576.png,public/images/wiki_bai_viet/cong-nghe-blockchain-trong-y-te-2-1024x576.png,CHO_KIEM_TRA,URL ảnh từ máy chủ bên ngoài.
ANH-0856,P2,WIKI_BAI_VIET,Cong-Nghe-Blockchain-Trong-Y-Te-2-1536x864.png,png,1,src/_content/wiki-live-details.json:1,https://image.homenest.com.vn/wp-content/uploads/2026/07/Cong-Nghe-Blockchain-Trong-Y-Te-2-1536x864.png,public/images/wiki_bai_viet/cong-nghe-blockchain-trong-y-te-2-1536x864.png,CHO_KIEM_TRA,URL ảnh từ máy chủ bên ngoài.
ANH-0857,P2,WIKI_BAI_VIET,Cong-Nghe-Blockchain-Trong-Y-Te-2-300x169.png,png,1,src/_content/wiki-live-details.json:1,https://image.homenest.com.vn/wp-content/uploads/2026/07/Cong-Nghe-Blockchain-Trong-Y-Te-2-300x169.png,public/images/wiki_bai_viet/cong-nghe-blockchain-trong-y-te-2-300x169.png,CHO_KIEM_TRA,URL ảnh từ máy chủ bên ngoài.
ANH-0858,P2,WIKI_BAI_VIET,Cong-Nghe-Blockchain-Trong-Y-Te-2-768x432.png,png,1,src/_content/wiki-live-details.json:1,https://image.homenest.com.vn/wp-content/uploads/2026/07/Cong-Nghe-Blockchain-Trong-Y-Te-2-768x432.png,public/images/wiki_bai_viet/cong-nghe-blockchain-trong-y-te-2-768x432.png,CHO_KIEM_TRA,URL ảnh từ máy chủ bên ngoài.
ANH-0859,P2,WIKI_BAI_VIET,Cong-Nghe-Blockchain-Trong-Y-Te-2.png,png,1,src/_content/wiki-live-details.json:1,https://image.homenest.com.vn/wp-content/uploads/2026/07/Cong-Nghe-Blockchain-Trong-Y-Te-2.png,public/images/wiki_bai_viet/cong-nghe-blockchain-trong-y-te-2.png,CHO_KIEM_TRA,URL ảnh từ máy chủ bên ngoài.
ANH-0860,P2,WIKI_BAI_VIET,Cong-Nghe-Blockchain-Trong-Y-Te-3-1024x576.png,png,2,src/_content/wiki-live-details.json:1,https://image.homenest.com.vn/wp-content/uploads/2026/07/Cong-Nghe-Blockchain-Trong-Y-Te-3-1024x576.png,public/images/wiki_bai_viet/cong-nghe-blockchain-trong-y-te-3-1024x576.png,CHO_KIEM_TRA,URL ảnh từ máy chủ bên ngoài.
ANH-0861,P2,WIKI_BAI_VIET,Cong-Nghe-Blockchain-Trong-Y-Te-3-1536x864.png,png,1,src/_content/wiki-live-details.json:1,https://image.homenest.com.vn/wp-content/uploads/2026/07/Cong-Nghe-Blockchain-Trong-Y-Te-3-1536x864.png,public/images/wiki_bai_viet/cong-nghe-blockchain-trong-y-te-3-1536x864.png,CHO_KIEM_TRA,URL ảnh từ máy chủ bên ngoài.
ANH-0862,P2,WIKI_BAI_VIET,Cong-Nghe-Blockchain-Trong-Y-Te-3-300x169.png,png,1,src/_content/wiki-live-details.json:1,https://image.homenest.com.vn/wp-content/uploads/2026/07/Cong-Nghe-Blockchain-Trong-Y-Te-3-300x169.png,public/images/wiki_bai_viet/cong-nghe-blockchain-trong-y-te-3-300x169.png,CHO_KIEM_TRA,URL ảnh từ máy chủ bên ngoài.
ANH-0863,P2,WIKI_BAI_VIET,Cong-Nghe-Blockchain-Trong-Y-Te-3-768x432.png,png,1,src/_content/wiki-live-details.json:1,https://image.homenest.com.vn/wp-content/uploads/2026/07/Cong-Nghe-Blockchain-Trong-Y-Te-3-768x432.png,public/images/wiki_bai_viet/cong-nghe-blockchain-trong-y-te-3-768x432.png,CHO_KIEM_TRA,URL ảnh từ máy chủ bên ngoài.
ANH-0864,P2,WIKI_BAI_VIET,Cong-Nghe-Blockchain-Trong-Y-Te-3.png,png,1,src/_content/wiki-live-details.json:1,https://image.homenest.com.vn/wp-content/uploads/2026/07/Cong-Nghe-Blockchain-Trong-Y-Te-3.png,public/images/wiki_bai_viet/cong-nghe-blockchain-trong-y-te-3.png,CHO_KIEM_TRA,URL ảnh từ máy chủ bên ngoài.
ANH-0865,P2,WIKI_BAI_VIET,Cong-Nghe-Blockchain-Trong-Y-Te-4-1024x576.png,png,2,src/_content/wiki-live-details.json:1,https://image.homenest.com.vn/wp-content/uploads/2026/07/Cong-Nghe-Blockchain-Trong-Y-Te-4-1024x576.png,public/images/wiki_bai_viet/cong-nghe-blockchain-trong-y-te-4-1024x576.png,CHO_KIEM_TRA,URL ảnh từ máy chủ bên ngoài.
ANH-0866,P2,WIKI_BAI_VIET,Cong-Nghe-Blockchain-Trong-Y-Te-4-1536x864.png,png,1,src/_content/wiki-live-details.json:1,https://image.homenest.com.vn/wp-content/uploads/2026/07/Cong-Nghe-Blockchain-Trong-Y-Te-4-1536x864.png,public/images/wiki_bai_viet/cong-nghe-blockchain-trong-y-te-4-1536x864.png,CHO_KIEM_TRA,URL ảnh từ máy chủ bên ngoài.
ANH-0867,P2,WIKI_BAI_VIET,Cong-Nghe-Blockchain-Trong-Y-Te-4-300x169.png,png,1,src/_content/wiki-live-details.json:1,https://image.homenest.com.vn/wp-content/uploads/2026/07/Cong-Nghe-Blockchain-Trong-Y-Te-4-300x169.png,public/images/wiki_bai_viet/cong-nghe-blockchain-trong-y-te-4-300x169.png,CHO_KIEM_TRA,URL ảnh từ máy chủ bên ngoài.
ANH-0868,P2,WIKI_BAI_VIET,Cong-Nghe-Blockchain-Trong-Y-Te-4-768x432.png,png,1,src/_content/wiki-live-details.json:1,https://image.homenest.com.vn/wp-content/uploads/2026/07/Cong-Nghe-Blockchain-Trong-Y-Te-4-768x432.png,public/images/wiki_bai_viet/cong-nghe-blockchain-trong-y-te-4-768x432.png,CHO_KIEM_TRA,URL ảnh từ máy chủ bên ngoài.
ANH-0869,P2,WIKI_BAI_VIET,Cong-Nghe-Blockchain-Trong-Y-Te-4.png,png,1,src/_content/wiki-live-details.json:1,https://image.homenest.com.vn/wp-content/uploads/2026/07/Cong-Nghe-Blockchain-Trong-Y-Te-4.png,public/images/wiki_bai_viet/cong-nghe-blockchain-trong-y-te-4.png,CHO_KIEM_TRA,URL ảnh từ máy chủ bên ngoài.
ANH-0870,P2,WIKI_BAI_VIET,Cong-Nghe-Blockchain-Trong-Y-Te-5-1024x576.png,png,2,src/_content/wiki-live-details.json:1,https://image.homenest.com.vn/wp-content/uploads/2026/07/Cong-Nghe-Blockchain-Trong-Y-Te-5-1024x576.png,public/images/wiki_bai_viet/cong-nghe-blockchain-trong-y-te-5-1024x576.png,CHO_KIEM_TRA,URL ảnh từ máy chủ bên ngoài.
ANH-0871,P2,WIKI_BAI_VIET,Cong-Nghe-Blockchain-Trong-Y-Te-5-1536x864.png,png,1,src/_content/wiki-live-details.json:1,https://image.homenest.com.vn/wp-content/uploads/2026/07/Cong-Nghe-Blockchain-Trong-Y-Te-5-1536x864.png,public/images/wiki_bai_viet/cong-nghe-blockchain-trong-y-te-5-1536x864.png,CHO_KIEM_TRA,URL ảnh từ máy chủ bên ngoài.
ANH-0872,P2,WIKI_BAI_VIET,Cong-Nghe-Blockchain-Trong-Y-Te-5-300x169.png,png,1,src/_content/wiki-live-details.json:1,https://image.homenest.com.vn/wp-content/uploads/2026/07/Cong-Nghe-Blockchain-Trong-Y-Te-5-300x169.png,public/images/wiki_bai_viet/cong-nghe-blockchain-trong-y-te-5-300x169.png,CHO_KIEM_TRA,URL ảnh từ máy chủ bên ngoài.
ANH-0873,P2,WIKI_BAI_VIET,Cong-Nghe-Blockchain-Trong-Y-Te-5-768x432.png,png,1,src/_content/wiki-live-details.json:1,https://image.homenest.com.vn/wp-content/uploads/2026/07/Cong-Nghe-Blockchain-Trong-Y-Te-5-768x432.png,public/images/wiki_bai_viet/cong-nghe-blockchain-trong-y-te-5-768x432.png,CHO_KIEM_TRA,URL ảnh từ máy chủ bên ngoài.
ANH-0874,P2,WIKI_BAI_VIET,Cong-Nghe-Blockchain-Trong-Y-Te-5.png,png,1,src/_content/wiki-live-details.json:1,https://image.homenest.com.vn/wp-content/uploads/2026/07/Cong-Nghe-Blockchain-Trong-Y-Te-5.png,public/images/wiki_bai_viet/cong-nghe-blockchain-trong-y-te-5.png,CHO_KIEM_TRA,URL ảnh từ máy chủ bên ngoài.
ANH-0875,P2,WIKI_BAI_VIET,Cong-Nghe-Blockchain-Trong-Y-Te-6-1024x576.png,png,2,src/_content/wiki-live-details.json:1,https://image.homenest.com.vn/wp-content/uploads/2026/07/Cong-Nghe-Blockchain-Trong-Y-Te-6-1024x576.png,public/images/wiki_bai_viet/cong-nghe-blockchain-trong-y-te-6-1024x576.png,CHO_KIEM_TRA,URL ảnh từ máy chủ bên ngoài.
ANH-0876,P2,WIKI_BAI_VIET,Cong-Nghe-Blockchain-Trong-Y-Te-6-1536x864.png,png,1,src/_content/wiki-live-details.json:1,https://image.homenest.com.vn/wp-content/uploads/2026/07/Cong-Nghe-Blockchain-Trong-Y-Te-6-1536x864.png,public/images/wiki_bai_viet/cong-nghe-blockchain-trong-y-te-6-1536x864.png,CHO_KIEM_TRA,URL ảnh từ máy chủ bên ngoài.
ANH-0877,P2,WIKI_BAI_VIET,Cong-Nghe-Blockchain-Trong-Y-Te-6-300x169.png,png,1,src/_content/wiki-live-details.json:1,https://image.homenest.com.vn/wp-content/uploads/2026/07/Cong-Nghe-Blockchain-Trong-Y-Te-6-300x169.png,public/images/wiki_bai_viet/cong-nghe-blockchain-trong-y-te-6-300x169.png,CHO_KIEM_TRA,URL ảnh từ máy chủ bên ngoài.
ANH-0878,P2,WIKI_BAI_VIET,Cong-Nghe-Blockchain-Trong-Y-Te-6-768x432.png,png,1,src/_content/wiki-live-details.json:1,https://image.homenest.com.vn/wp-content/uploads/2026/07/Cong-Nghe-Blockchain-Trong-Y-Te-6-768x432.png,public/images/wiki_bai_viet/cong-nghe-blockchain-trong-y-te-6-768x432.png,CHO_KIEM_TRA,URL ảnh từ máy chủ bên ngoài.
ANH-0879,P2,WIKI_BAI_VIET,Cong-Nghe-Blockchain-Trong-Y-Te-6.png,png,1,src/_content/wiki-live-details.json:1,https://image.homenest.com.vn/wp-content/uploads/2026/07/Cong-Nghe-Blockchain-Trong-Y-Te-6.png,public/images/wiki_bai_viet/cong-nghe-blockchain-trong-y-te-6.png,CHO_KIEM_TRA,URL ảnh từ máy chủ bên ngoài.
ANH-0880,P2,WIKI_BAI_VIET,Cong-Nghe-Blockchain-Trong-Y-Te-7-1024x576.png,png,2,src/_content/wiki-live-details.json:1,https://image.homenest.com.vn/wp-content/uploads/2026/07/Cong-Nghe-Blockchain-Trong-Y-Te-7-1024x576.png,public/images/wiki_bai_viet/cong-nghe-blockchain-trong-y-te-7-1024x576.png,CHO_KIEM_TRA,URL ảnh từ máy chủ bên ngoài.
ANH-0881,P2,WIKI_BAI_VIET,Cong-Nghe-Blockchain-Trong-Y-Te-7-1536x864.png,png,1,src/_content/wiki-live-details.json:1,https://image.homenest.com.vn/wp-content/uploads/2026/07/Cong-Nghe-Blockchain-Trong-Y-Te-7-1536x864.png,public/images/wiki_bai_viet/cong-nghe-blockchain-trong-y-te-7-1536x864.png,CHO_KIEM_TRA,URL ảnh từ máy chủ bên ngoài.
ANH-0882,P2,WIKI_BAI_VIET,Cong-Nghe-Blockchain-Trong-Y-Te-7-300x169.png,png,1,src/_content/wiki-live-details.json:1,https://image.homenest.com.vn/wp-content/uploads/2026/07/Cong-Nghe-Blockchain-Trong-Y-Te-7-300x169.png,public/images/wiki_bai_viet/cong-nghe-blockchain-trong-y-te-7-300x169.png,CHO_KIEM_TRA,URL ảnh từ máy chủ bên ngoài.
ANH-0883,P2,WIKI_BAI_VIET,Cong-Nghe-Blockchain-Trong-Y-Te-7-768x432.png,png,1,src/_content/wiki-live-details.json:1,https://image.homenest.com.vn/wp-content/uploads/2026/07/Cong-Nghe-Blockchain-Trong-Y-Te-7-768x432.png,public/images/wiki_bai_viet/cong-nghe-blockchain-trong-y-te-7-768x432.png,CHO_KIEM_TRA,URL ảnh từ máy chủ bên ngoài.
ANH-0884,P2,WIKI_BAI_VIET,Cong-Nghe-Blockchain-Trong-Y-Te-7.png,png,1,src/_content/wiki-live-details.json:1,https://image.homenest.com.vn/wp-content/uploads/2026/07/Cong-Nghe-Blockchain-Trong-Y-Te-7.png,public/images/wiki_bai_viet/cong-nghe-blockchain-trong-y-te-7.png,CHO_KIEM_TRA,URL ảnh từ máy chủ bên ngoài.
ANH-0885,P2,WIKI_BAI_VIET,Cong-Nghe-Blockchain-Trong-Y-Te.png,png,6,src/_content/wiki-live-details.json:1; src/lib/site-data.json:1523|2292; src/lib/wiki-live.ts:56,https://image.homenest.com.vn/wp-content/uploads/2026/07/Cong-Nghe-Blockchain-Trong-Y-Te.png,public/images/wiki_bai_viet/cong-nghe-blockchain-trong-y-te.png,CHO_KIEM_TRA,URL ảnh từ máy chủ bên ngoài.
ANH-0886,P2,WIKI_BAI_VIET,Dien-toan-dam-may-trong-y-te.png,png,1,src/_content/wiki-live-details.json:1,https://image.homenest.com.vn/wp-content/uploads/2026/07/Dien-toan-dam-may-trong-y-te.png,public/images/wiki_bai_viet/dien-toan-dam-may-trong-y-te.png,CHO_KIEM_TRA,URL ảnh từ máy chủ bên ngoài.
ANH-0887,P2,WIKI_BAI_VIET,Gemini-3.6-Flash-va-Google-Antigravity.jpg,jpg,6,src/_content/wiki-live-details.json:1; src/lib/site-data.json:1512|2280; src/lib/wiki-live.ts:49,https://image.homenest.com.vn/wp-content/uploads/2026/07/Gemini-3.6-Flash-va-Google-Antigravity.jpg,public/images/wiki_bai_viet/gemini-3-6-flash-va-google-antigravity.jpg,CHO_KIEM_TRA,URL ảnh từ máy chủ bên ngoài.
ANH-0888,P2,WIKI_BAI_VIET,Gioi-thieu-phan-mem-quan-ly-doanh-nghiep-Go-Office.jpeg,jpeg,1,src/components/sections/wiki/WikiArticle.tsx:40,https://image.homenest.com.vn/wp-content/uploads/2026/07/Gioi-thieu-phan-mem-quan-ly-doanh-nghiep-Go-Office.jpeg,public/images/wiki_bai_viet/gioi-thieu-phan-mem-quan-ly-doanh-nghiep-go-office.jpeg,CHO_KIEM_TRA,URL ảnh từ máy chủ bên ngoài.
ANH-0889,P2,WIKI_BAI_VIET,He-thong-chatbot-ho-tro-tu-van-dich-vu-1024x571.jpg,jpg,2,src/_content/wiki-live-details.json:1,https://image.homenest.com.vn/wp-content/uploads/2026/07/He-thong-chatbot-ho-tro-tu-van-dich-vu-1024x571.jpg,public/images/wiki_bai_viet/he-thong-chatbot-ho-tro-tu-van-dich-vu-1024x571.jpg,CHO_KIEM_TRA,URL ảnh từ máy chủ bên ngoài.
ANH-0890,P2,WIKI_BAI_VIET,He-thong-chatbot-ho-tro-tu-van-dich-vu-1536x857.jpg,jpg,1,src/_content/wiki-live-details.json:1,https://image.homenest.com.vn/wp-content/uploads/2026/07/He-thong-chatbot-ho-tro-tu-van-dich-vu-1536x857.jpg,public/images/wiki_bai_viet/he-thong-chatbot-ho-tro-tu-van-dich-vu-1536x857.jpg,CHO_KIEM_TRA,URL ảnh từ máy chủ bên ngoài.
ANH-0891,P2,WIKI_BAI_VIET,He-thong-chatbot-ho-tro-tu-van-dich-vu-300x167.jpg,jpg,1,src/_content/wiki-live-details.json:1,https://image.homenest.com.vn/wp-content/uploads/2026/07/He-thong-chatbot-ho-tro-tu-van-dich-vu-300x167.jpg,public/images/wiki_bai_viet/he-thong-chatbot-ho-tro-tu-van-dich-vu-300x167.jpg,CHO_KIEM_TRA,URL ảnh từ máy chủ bên ngoài.
ANH-0892,P2,WIKI_BAI_VIET,He-thong-chatbot-ho-tro-tu-van-dich-vu-768x428.jpg,jpg,1,src/_content/wiki-live-details.json:1,https://image.homenest.com.vn/wp-content/uploads/2026/07/He-thong-chatbot-ho-tro-tu-van-dich-vu-768x428.jpg,public/images/wiki_bai_viet/he-thong-chatbot-ho-tro-tu-van-dich-vu-768x428.jpg,CHO_KIEM_TRA,URL ảnh từ máy chủ bên ngoài.
ANH-0893,P2,WIKI_BAI_VIET,He-thong-chatbot-ho-tro-tu-van-dich-vu.jpg,jpg,1,src/_content/wiki-live-details.json:1,https://image.homenest.com.vn/wp-content/uploads/2026/07/He-thong-chatbot-ho-tro-tu-van-dich-vu.jpg,public/images/wiki_bai_viet/he-thong-chatbot-ho-tro-tu-van-dich-vu.jpg,CHO_KIEM_TRA,URL ảnh từ máy chủ bên ngoài.
ANH-0894,P2,WIKI_BAI_VIET,Huong-dan-xay-dung-Chatbot-dinh-huong-tac-vu-chuan-1024x572.jpg,jpg,2,src/_content/wiki-live-details.json:1,https://image.homenest.com.vn/wp-content/uploads/2026/07/Huong-dan-xay-dung-Chatbot-dinh-huong-tac-vu-chuan-1024x572.jpg,public/images/wiki_bai_viet/huong-dan-xay-dung-chatbot-dinh-huong-tac-vu-chuan-1024x572.jpg,CHO_KIEM_TRA,URL ảnh từ máy chủ bên ngoài.
ANH-0895,P2,WIKI_BAI_VIET,Huong-dan-xay-dung-Chatbot-dinh-huong-tac-vu-chuan-1536x857.jpg,jpg,1,src/_content/wiki-live-details.json:1,https://image.homenest.com.vn/wp-content/uploads/2026/07/Huong-dan-xay-dung-Chatbot-dinh-huong-tac-vu-chuan-1536x857.jpg,public/images/wiki_bai_viet/huong-dan-xay-dung-chatbot-dinh-huong-tac-vu-chuan-1536x857.jpg,CHO_KIEM_TRA,URL ảnh từ máy chủ bên ngoài.
ANH-0896,P2,WIKI_BAI_VIET,Huong-dan-xay-dung-Chatbot-dinh-huong-tac-vu-chuan-300x167.jpg,jpg,1,src/_content/wiki-live-details.json:1,https://image.homenest.com.vn/wp-content/uploads/2026/07/Huong-dan-xay-dung-Chatbot-dinh-huong-tac-vu-chuan-300x167.jpg,public/images/wiki_bai_viet/huong-dan-xay-dung-chatbot-dinh-huong-tac-vu-chuan-300x167.jpg,CHO_KIEM_TRA,URL ảnh từ máy chủ bên ngoài.
ANH-0897,P2,WIKI_BAI_VIET,Huong-dan-xay-dung-Chatbot-dinh-huong-tac-vu-chuan-768x429.jpg,jpg,1,src/_content/wiki-live-details.json:1,https://image.homenest.com.vn/wp-content/uploads/2026/07/Huong-dan-xay-dung-Chatbot-dinh-huong-tac-vu-chuan-768x429.jpg,public/images/wiki_bai_viet/huong-dan-xay-dung-chatbot-dinh-huong-tac-vu-chuan-768x429.jpg,CHO_KIEM_TRA,URL ảnh từ máy chủ bên ngoài.
ANH-0898,P2,WIKI_BAI_VIET,Huong-dan-xay-dung-Chatbot-dinh-huong-tac-vu-chuan.jpg,jpg,1,src/_content/wiki-live-details.json:1,https://image.homenest.com.vn/wp-content/uploads/2026/07/Huong-dan-xay-dung-Chatbot-dinh-huong-tac-vu-chuan.jpg,public/images/wiki_bai_viet/huong-dan-xay-dung-chatbot-dinh-huong-tac-vu-chuan.jpg,CHO_KIEM_TRA,URL ảnh từ máy chủ bên ngoài.
ANH-0899,P2,WIKI_BAI_VIET,Loi-Ich-Cua-App-Y-Te-Doi-Voi-Benh-Nhan-Va-Bac-Si.png,png,6,src/_content/wiki-live-details.json:1; src/lib/wiki-live.ts:77,https://image.homenest.com.vn/wp-content/uploads/2026/07/Loi-Ich-Cua-App-Y-Te-Doi-Voi-Benh-Nhan-Va-Bac-Si.png,public/images/wiki_bai_viet/loi-ich-cua-app-y-te-doi-voi-benh-nhan-va-bac-si.png,CHO_KIEM_TRA,URL ảnh từ máy chủ bên ngoài.
ANH-0900,P2,WIKI_BAI_VIET,Loi-Ich-Cua-Ung-Dung-Y-Te-Doi-Voi-Benh-Nhan-Va-Bac-Si-1024x683.png,png,2,src/_content/wiki-live-details.json:1,https://image.homenest.com.vn/wp-content/uploads/2026/07/Loi-Ich-Cua-Ung-Dung-Y-Te-Doi-Voi-Benh-Nhan-Va-Bac-Si-1024x683.png,public/images/wiki_bai_viet/loi-ich-cua-ung-dung-y-te-doi-voi-benh-nhan-va-bac-si-1024x683.png,CHO_KIEM_TRA,URL ảnh từ máy chủ bên ngoài.
ANH-0901,P2,WIKI_BAI_VIET,Loi-Ich-Cua-Ung-Dung-Y-Te-Doi-Voi-Benh-Nhan-Va-Bac-Si-300x200.png,png,1,src/_content/wiki-live-details.json:1,https://image.homenest.com.vn/wp-content/uploads/2026/07/Loi-Ich-Cua-Ung-Dung-Y-Te-Doi-Voi-Benh-Nhan-Va-Bac-Si-300x200.png,public/images/wiki_bai_viet/loi-ich-cua-ung-dung-y-te-doi-voi-benh-nhan-va-bac-si-300x200.png,CHO_KIEM_TRA,URL ảnh từ máy chủ bên ngoài.
ANH-0902,P2,WIKI_BAI_VIET,Loi-Ich-Cua-Ung-Dung-Y-Te-Doi-Voi-Benh-Nhan-Va-Bac-Si-768x512.png,png,1,src/_content/wiki-live-details.json:1,https://image.homenest.com.vn/wp-content/uploads/2026/07/Loi-Ich-Cua-Ung-Dung-Y-Te-Doi-Voi-Benh-Nhan-Va-Bac-Si-768x512.png,public/images/wiki_bai_viet/loi-ich-cua-ung-dung-y-te-doi-voi-benh-nhan-va-bac-si-768x512.png,CHO_KIEM_TRA,URL ảnh từ máy chủ bên ngoài.
ANH-0903,P2,WIKI_BAI_VIET,Loi-Ich-Cua-Ung-Dung-Y-Te-Doi-Voi-Benh-Nhan-Va-Bac-Si.png,png,1,src/_content/wiki-live-details.json:1,https://image.homenest.com.vn/wp-content/uploads/2026/07/Loi-Ich-Cua-Ung-Dung-Y-Te-Doi-Voi-Benh-Nhan-Va-Bac-Si.png,public/images/wiki_bai_viet/loi-ich-cua-ung-dung-y-te-doi-voi-benh-nhan-va-bac-si.png,CHO_KIEM_TRA,URL ảnh từ máy chủ bên ngoài.
ANH-0904,P2,WIKI_BAI_VIET,Loi-ich-khi-ung-dung-Chatbot-dinh-huong-tac-vu-1024x572.jpg,jpg,2,src/_content/wiki-live-details.json:1,https://image.homenest.com.vn/wp-content/uploads/2026/07/Loi-ich-khi-ung-dung-Chatbot-dinh-huong-tac-vu-1024x572.jpg,public/images/wiki_bai_viet/loi-ich-khi-ung-dung-chatbot-dinh-huong-tac-vu-1024x572.jpg,CHO_KIEM_TRA,URL ảnh từ máy chủ bên ngoài.
ANH-0905,P2,WIKI_BAI_VIET,Loi-ich-khi-ung-dung-Chatbot-dinh-huong-tac-vu-1536x857.jpg,jpg,1,src/_content/wiki-live-details.json:1,https://image.homenest.com.vn/wp-content/uploads/2026/07/Loi-ich-khi-ung-dung-Chatbot-dinh-huong-tac-vu-1536x857.jpg,public/images/wiki_bai_viet/loi-ich-khi-ung-dung-chatbot-dinh-huong-tac-vu-1536x857.jpg,CHO_KIEM_TRA,URL ảnh từ máy chủ bên ngoài.
ANH-0906,P2,WIKI_BAI_VIET,Loi-ich-khi-ung-dung-Chatbot-dinh-huong-tac-vu-300x167.jpg,jpg,1,src/_content/wiki-live-details.json:1,https://image.homenest.com.vn/wp-content/uploads/2026/07/Loi-ich-khi-ung-dung-Chatbot-dinh-huong-tac-vu-300x167.jpg,public/images/wiki_bai_viet/loi-ich-khi-ung-dung-chatbot-dinh-huong-tac-vu-300x167.jpg,CHO_KIEM_TRA,URL ảnh từ máy chủ bên ngoài.
ANH-0907,P2,WIKI_BAI_VIET,Loi-ich-khi-ung-dung-Chatbot-dinh-huong-tac-vu-768x429.jpg,jpg,1,src/_content/wiki-live-details.json:1,https://image.homenest.com.vn/wp-content/uploads/2026/07/Loi-ich-khi-ung-dung-Chatbot-dinh-huong-tac-vu-768x429.jpg,public/images/wiki_bai_viet/loi-ich-khi-ung-dung-chatbot-dinh-huong-tac-vu-768x429.jpg,CHO_KIEM_TRA,URL ảnh từ máy chủ bên ngoài.
ANH-0908,P2,WIKI_BAI_VIET,Loi-ich-khi-ung-dung-Chatbot-dinh-huong-tac-vu.jpg,jpg,1,src/_content/wiki-live-details.json:1,https://image.homenest.com.vn/wp-content/uploads/2026/07/Loi-ich-khi-ung-dung-Chatbot-dinh-huong-tac-vu.jpg,public/images/wiki_bai_viet/loi-ich-khi-ung-dung-chatbot-dinh-huong-tac-vu.jpg,CHO_KIEM_TRA,URL ảnh từ máy chủ bên ngoài.
ANH-0909,P2,WIKI_BAI_VIET,Mo-hinh-Gemini-3.6-Flash-trong-Antigravity-1024x576.jpg,jpg,1,src/_content/wiki-live-details.json:1,https://image.homenest.com.vn/wp-content/uploads/2026/07/Mo-hinh-Gemini-3.6-Flash-trong-Antigravity-1024x576.jpg,public/images/wiki_bai_viet/mo-hinh-gemini-3-6-flash-trong-antigravity-1024x576.jpg,CHO_KIEM_TRA,URL ảnh từ máy chủ bên ngoài.
ANH-0910,P2,WIKI_BAI_VIET,Mo-hinh-Gemini-3.6-Flash-trong-Antigravity-1536x864.jpg,jpg,1,src/_content/wiki-live-details.json:1,https://image.homenest.com.vn/wp-content/uploads/2026/07/Mo-hinh-Gemini-3.6-Flash-trong-Antigravity-1536x864.jpg,public/images/wiki_bai_viet/mo-hinh-gemini-3-6-flash-trong-antigravity-1536x864.jpg,CHO_KIEM_TRA,URL ảnh từ máy chủ bên ngoài.
ANH-0911,P2,WIKI_BAI_VIET,Mo-hinh-Gemini-3.6-Flash-trong-Antigravity-300x169.jpg,jpg,1,src/_content/wiki-live-details.json:1,https://image.homenest.com.vn/wp-content/uploads/2026/07/Mo-hinh-Gemini-3.6-Flash-trong-Antigravity-300x169.jpg,public/images/wiki_bai_viet/mo-hinh-gemini-3-6-flash-trong-antigravity-300x169.jpg,CHO_KIEM_TRA,URL ảnh từ máy chủ bên ngoài.
ANH-0912,P2,WIKI_BAI_VIET,Mo-hinh-Gemini-3.6-Flash-trong-Antigravity-768x432.jpg,jpg,1,src/_content/wiki-live-details.json:1,https://image.homenest.com.vn/wp-content/uploads/2026/07/Mo-hinh-Gemini-3.6-Flash-trong-Antigravity-768x432.jpg,public/images/wiki_bai_viet/mo-hinh-gemini-3-6-flash-trong-antigravity-768x432.jpg,CHO_KIEM_TRA,URL ảnh từ máy chủ bên ngoài.
ANH-0913,P2,WIKI_BAI_VIET,Mo-hinh-Gemini-3.6-Flash-trong-Antigravity.jpg,jpg,2,src/_content/wiki-live-details.json:1,https://image.homenest.com.vn/wp-content/uploads/2026/07/Mo-hinh-Gemini-3.6-Flash-trong-Antigravity.jpg,public/images/wiki_bai_viet/mo-hinh-gemini-3-6-flash-trong-antigravity.jpg,CHO_KIEM_TRA,URL ảnh từ máy chủ bên ngoài.
ANH-0914,P2,WIKI_BAI_VIET,Phan-Mem-Benh-Vien-Thiet-Ke-Rieng-Hay-Phan-Mem-Y-Te-Co-San.png,png,1,src/components/sections/wiki/WikiArticle.tsx:48,https://image.homenest.com.vn/wp-content/uploads/2026/07/Phan-Mem-Benh-Vien-Thiet-Ke-Rieng-Hay-Phan-Mem-Y-Te-Co-San.png,public/images/wiki_bai_viet/phan-mem-benh-vien-thiet-ke-rieng-hay-phan-mem-y-te-co-san.png,CHO_KIEM_TRA,URL ảnh từ máy chủ bên ngoài.
ANH-0915,P2,WIKI_BAI_VIET,Quy-trinh-xu-ly-Gemini-3.6-Flash-1024x576.jpg,jpg,1,src/_content/wiki-live-details.json:1,https://image.homenest.com.vn/wp-content/uploads/2026/07/Quy-trinh-xu-ly-Gemini-3.6-Flash-1024x576.jpg,public/images/wiki_bai_viet/quy-trinh-xu-ly-gemini-3-6-flash-1024x576.jpg,CHO_KIEM_TRA,URL ảnh từ máy chủ bên ngoài.
ANH-0916,P2,WIKI_BAI_VIET,Quy-trinh-xu-ly-Gemini-3.6-Flash-1536x864.jpg,jpg,1,src/_content/wiki-live-details.json:1,https://image.homenest.com.vn/wp-content/uploads/2026/07/Quy-trinh-xu-ly-Gemini-3.6-Flash-1536x864.jpg,public/images/wiki_bai_viet/quy-trinh-xu-ly-gemini-3-6-flash-1536x864.jpg,CHO_KIEM_TRA,URL ảnh từ máy chủ bên ngoài.
ANH-0917,P2,WIKI_BAI_VIET,Quy-trinh-xu-ly-Gemini-3.6-Flash-300x169.jpg,jpg,1,src/_content/wiki-live-details.json:1,https://image.homenest.com.vn/wp-content/uploads/2026/07/Quy-trinh-xu-ly-Gemini-3.6-Flash-300x169.jpg,public/images/wiki_bai_viet/quy-trinh-xu-ly-gemini-3-6-flash-300x169.jpg,CHO_KIEM_TRA,URL ảnh từ máy chủ bên ngoài.
ANH-0918,P2,WIKI_BAI_VIET,Quy-trinh-xu-ly-Gemini-3.6-Flash-768x432.jpg,jpg,1,src/_content/wiki-live-details.json:1,https://image.homenest.com.vn/wp-content/uploads/2026/07/Quy-trinh-xu-ly-Gemini-3.6-Flash-768x432.jpg,public/images/wiki_bai_viet/quy-trinh-xu-ly-gemini-3-6-flash-768x432.jpg,CHO_KIEM_TRA,URL ảnh từ máy chủ bên ngoài.
ANH-0919,P2,WIKI_BAI_VIET,Quy-trinh-xu-ly-Gemini-3.6-Flash.jpg,jpg,2,src/_content/wiki-live-details.json:1,https://image.homenest.com.vn/wp-content/uploads/2026/07/Quy-trinh-xu-ly-Gemini-3.6-Flash.jpg,public/images/wiki_bai_viet/quy-trinh-xu-ly-gemini-3-6-flash.jpg,CHO_KIEM_TRA,URL ảnh từ máy chủ bên ngoài.
ANH-0920,P2,WIKI_BAI_VIET,Thanh-phan-cau-tao-nen-he-thong-Chatbot-dinh-huong-1024x572.jpg,jpg,2,src/_content/wiki-live-details.json:1,https://image.homenest.com.vn/wp-content/uploads/2026/07/Thanh-phan-cau-tao-nen-he-thong-Chatbot-dinh-huong-1024x572.jpg,public/images/wiki_bai_viet/thanh-phan-cau-tao-nen-he-thong-chatbot-dinh-huong-1024x572.jpg,CHO_KIEM_TRA,URL ảnh từ máy chủ bên ngoài.
ANH-0921,P2,WIKI_BAI_VIET,Thanh-phan-cau-tao-nen-he-thong-Chatbot-dinh-huong-1536x857.jpg,jpg,1,src/_content/wiki-live-details.json:1,https://image.homenest.com.vn/wp-content/uploads/2026/07/Thanh-phan-cau-tao-nen-he-thong-Chatbot-dinh-huong-1536x857.jpg,public/images/wiki_bai_viet/thanh-phan-cau-tao-nen-he-thong-chatbot-dinh-huong-1536x857.jpg,CHO_KIEM_TRA,URL ảnh từ máy chủ bên ngoài.
ANH-0922,P2,WIKI_BAI_VIET,Thanh-phan-cau-tao-nen-he-thong-Chatbot-dinh-huong-300x167.jpg,jpg,1,src/_content/wiki-live-details.json:1,https://image.homenest.com.vn/wp-content/uploads/2026/07/Thanh-phan-cau-tao-nen-he-thong-Chatbot-dinh-huong-300x167.jpg,public/images/wiki_bai_viet/thanh-phan-cau-tao-nen-he-thong-chatbot-dinh-huong-300x167.jpg,CHO_KIEM_TRA,URL ảnh từ máy chủ bên ngoài.
ANH-0923,P2,WIKI_BAI_VIET,Thanh-phan-cau-tao-nen-he-thong-Chatbot-dinh-huong-768x429.jpg,jpg,1,src/_content/wiki-live-details.json:1,https://image.homenest.com.vn/wp-content/uploads/2026/07/Thanh-phan-cau-tao-nen-he-thong-Chatbot-dinh-huong-768x429.jpg,public/images/wiki_bai_viet/thanh-phan-cau-tao-nen-he-thong-chatbot-dinh-huong-768x429.jpg,CHO_KIEM_TRA,URL ảnh từ máy chủ bên ngoài.
ANH-0924,P2,WIKI_BAI_VIET,Thanh-phan-cau-tao-nen-he-thong-Chatbot-dinh-huong.jpg,jpg,1,src/_content/wiki-live-details.json:1,https://image.homenest.com.vn/wp-content/uploads/2026/07/Thanh-phan-cau-tao-nen-he-thong-Chatbot-dinh-huong.jpg,public/images/wiki_bai_viet/thanh-phan-cau-tao-nen-he-thong-chatbot-dinh-huong.jpg,CHO_KIEM_TRA,URL ảnh từ máy chủ bên ngoài.
ANH-0925,P2,WIKI_BAI_VIET,thiet-ke-phan-mem-ban-hang-la-gi.png,png,1,src/components/sections/wiki/WikiArticle.tsx:41,https://image.homenest.com.vn/wp-content/uploads/2026/07/thiet-ke-phan-mem-ban-hang-la-gi.png,public/images/wiki_bai_viet/thiet-ke-phan-mem-ban-hang-la-gi.png,CHO_KIEM_TRA,URL ảnh từ máy chủ bên ngoài.
ANH-0926,P2,WIKI_BAI_VIET,Top-10-Cong-Cu-AI-Tot-Nhat-Trong-Healthcare.png,png,1,src/components/sections/wiki/WikiArticle.tsx:50,https://image.homenest.com.vn/wp-content/uploads/2026/07/Top-10-Cong-Cu-AI-Tot-Nhat-Trong-Healthcare.png,public/images/wiki_bai_viet/top-10-cong-cu-ai-tot-nhat-trong-healthcare.png,CHO_KIEM_TRA,URL ảnh từ máy chủ bên ngoài.
ANH-0927,P2,WIKI_BAI_VIET,Top-10-Ngon-Ngu-Lap-Trinh-Tot-Nhat-De-Phat-Trien-App.png,png,2,src/_content/wiki-live-details.json:1; src/components/sections/wiki/WikiArticle.tsx:53,https://image.homenest.com.vn/wp-content/uploads/2026/07/Top-10-Ngon-Ngu-Lap-Trinh-Tot-Nhat-De-Phat-Trien-App.png,public/images/wiki_bai_viet/top-10-ngon-ngu-lap-trinh-tot-nhat-de-phat-trien-app.png,CHO_KIEM_TRA,URL ảnh từ máy chủ bên ngoài.
ANH-0928,P2,WIKI_BAI_VIET,Top-10-Phan-Mem-CRM-Y-Te-Tot-Nhat-Cho-Benh-Vien-Va-Phong-Kham-2-1024x683.png,png,2,src/_content/wiki-live-details.json:1,https://image.homenest.com.vn/wp-content/uploads/2026/07/Top-10-Phan-Mem-CRM-Y-Te-Tot-Nhat-Cho-Benh-Vien-Va-Phong-Kham-2-1024x683.png,public/images/wiki_bai_viet/top-10-phan-mem-crm-y-te-tot-nhat-cho-benh-vien-va-phong-kham-2-1024x683.png,CHO_KIEM_TRA,URL ảnh từ máy chủ bên ngoài.
ANH-0929,P2,WIKI_BAI_VIET,Top-10-Phan-Mem-CRM-Y-Te-Tot-Nhat-Cho-Benh-Vien-Va-Phong-Kham-2-300x200.png,png,1,src/_content/wiki-live-details.json:1,https://image.homenest.com.vn/wp-content/uploads/2026/07/Top-10-Phan-Mem-CRM-Y-Te-Tot-Nhat-Cho-Benh-Vien-Va-Phong-Kham-2-300x200.png,public/images/wiki_bai_viet/top-10-phan-mem-crm-y-te-tot-nhat-cho-benh-vien-va-phong-kham-2-300x200.png,CHO_KIEM_TRA,URL ảnh từ máy chủ bên ngoài.
ANH-0930,P2,WIKI_BAI_VIET,Top-10-Phan-Mem-CRM-Y-Te-Tot-Nhat-Cho-Benh-Vien-Va-Phong-Kham-2-768x512.png,png,1,src/_content/wiki-live-details.json:1,https://image.homenest.com.vn/wp-content/uploads/2026/07/Top-10-Phan-Mem-CRM-Y-Te-Tot-Nhat-Cho-Benh-Vien-Va-Phong-Kham-2-768x512.png,public/images/wiki_bai_viet/top-10-phan-mem-crm-y-te-tot-nhat-cho-benh-vien-va-phong-kham-2-768x512.png,CHO_KIEM_TRA,URL ảnh từ máy chủ bên ngoài.
ANH-0931,P2,WIKI_BAI_VIET,Top-10-Phan-Mem-CRM-Y-Te-Tot-Nhat-Cho-Benh-Vien-Va-Phong-Kham-2.png,png,1,src/_content/wiki-live-details.json:1,https://image.homenest.com.vn/wp-content/uploads/2026/07/Top-10-Phan-Mem-CRM-Y-Te-Tot-Nhat-Cho-Benh-Vien-Va-Phong-Kham-2.png,public/images/wiki_bai_viet/top-10-phan-mem-crm-y-te-tot-nhat-cho-benh-vien-va-phong-kham-2.png,CHO_KIEM_TRA,URL ảnh từ máy chủ bên ngoài.
ANH-0932,P2,WIKI_BAI_VIET,Top-10-Phan-Mem-CRM-Y-Te-Tot-Nhat-Cho-Benh-Vien-Va-Phong-Kham-3-1024x576.png,png,2,src/_content/wiki-live-details.json:1,https://image.homenest.com.vn/wp-content/uploads/2026/07/Top-10-Phan-Mem-CRM-Y-Te-Tot-Nhat-Cho-Benh-Vien-Va-Phong-Kham-3-1024x576.png,public/images/wiki_bai_viet/top-10-phan-mem-crm-y-te-tot-nhat-cho-benh-vien-va-phong-kham-3-1024x576.png,CHO_KIEM_TRA,URL ảnh từ máy chủ bên ngoài.
ANH-0933,P2,WIKI_BAI_VIET,Top-10-Phan-Mem-CRM-Y-Te-Tot-Nhat-Cho-Benh-Vien-Va-Phong-Kham-3-1536x864.png,png,1,src/_content/wiki-live-details.json:1,https://image.homenest.com.vn/wp-content/uploads/2026/07/Top-10-Phan-Mem-CRM-Y-Te-Tot-Nhat-Cho-Benh-Vien-Va-Phong-Kham-3-1536x864.png,public/images/wiki_bai_viet/top-10-phan-mem-crm-y-te-tot-nhat-cho-benh-vien-va-phong-kham-3-1536x864.png,CHO_KIEM_TRA,URL ảnh từ máy chủ bên ngoài.
ANH-0934,P2,WIKI_BAI_VIET,Top-10-Phan-Mem-CRM-Y-Te-Tot-Nhat-Cho-Benh-Vien-Va-Phong-Kham-3-300x169.png,png,1,src/_content/wiki-live-details.json:1,https://image.homenest.com.vn/wp-content/uploads/2026/07/Top-10-Phan-Mem-CRM-Y-Te-Tot-Nhat-Cho-Benh-Vien-Va-Phong-Kham-3-300x169.png,public/images/wiki_bai_viet/top-10-phan-mem-crm-y-te-tot-nhat-cho-benh-vien-va-phong-kham-3-300x169.png,CHO_KIEM_TRA,URL ảnh từ máy chủ bên ngoài.
ANH-0935,P2,WIKI_BAI_VIET,Top-10-Phan-Mem-CRM-Y-Te-Tot-Nhat-Cho-Benh-Vien-Va-Phong-Kham-3-768x432.png,png,1,src/_content/wiki-live-details.json:1,https://image.homenest.com.vn/wp-content/uploads/2026/07/Top-10-Phan-Mem-CRM-Y-Te-Tot-Nhat-Cho-Benh-Vien-Va-Phong-Kham-3-768x432.png,public/images/wiki_bai_viet/top-10-phan-mem-crm-y-te-tot-nhat-cho-benh-vien-va-phong-kham-3-768x432.png,CHO_KIEM_TRA,URL ảnh từ máy chủ bên ngoài.
ANH-0936,P2,WIKI_BAI_VIET,Top-10-Phan-Mem-CRM-Y-Te-Tot-Nhat-Cho-Benh-Vien-Va-Phong-Kham-3.png,png,1,src/_content/wiki-live-details.json:1,https://image.homenest.com.vn/wp-content/uploads/2026/07/Top-10-Phan-Mem-CRM-Y-Te-Tot-Nhat-Cho-Benh-Vien-Va-Phong-Kham-3.png,public/images/wiki_bai_viet/top-10-phan-mem-crm-y-te-tot-nhat-cho-benh-vien-va-phong-kham-3.png,CHO_KIEM_TRA,URL ảnh từ máy chủ bên ngoài.
ANH-0937,P2,WIKI_BAI_VIET,Top-10-Phan-Mem-CRM-Y-Te-Tot-Nhat-Cho-Benh-Vien-Va-Phong-Kham-4-1024x576.png,png,2,src/_content/wiki-live-details.json:1,https://image.homenest.com.vn/wp-content/uploads/2026/07/Top-10-Phan-Mem-CRM-Y-Te-Tot-Nhat-Cho-Benh-Vien-Va-Phong-Kham-4-1024x576.png,public/images/wiki_bai_viet/top-10-phan-mem-crm-y-te-tot-nhat-cho-benh-vien-va-phong-kham-4-1024x576.png,CHO_KIEM_TRA,URL ảnh từ máy chủ bên ngoài.
ANH-0938,P2,WIKI_BAI_VIET,Top-10-Phan-Mem-CRM-Y-Te-Tot-Nhat-Cho-Benh-Vien-Va-Phong-Kham-4-1536x864.png,png,1,src/_content/wiki-live-details.json:1,https://image.homenest.com.vn/wp-content/uploads/2026/07/Top-10-Phan-Mem-CRM-Y-Te-Tot-Nhat-Cho-Benh-Vien-Va-Phong-Kham-4-1536x864.png,public/images/wiki_bai_viet/top-10-phan-mem-crm-y-te-tot-nhat-cho-benh-vien-va-phong-kham-4-1536x864.png,CHO_KIEM_TRA,URL ảnh từ máy chủ bên ngoài.
ANH-0939,P2,WIKI_BAI_VIET,Top-10-Phan-Mem-CRM-Y-Te-Tot-Nhat-Cho-Benh-Vien-Va-Phong-Kham-4-300x169.png,png,1,src/_content/wiki-live-details.json:1,https://image.homenest.com.vn/wp-content/uploads/2026/07/Top-10-Phan-Mem-CRM-Y-Te-Tot-Nhat-Cho-Benh-Vien-Va-Phong-Kham-4-300x169.png,public/images/wiki_bai_viet/top-10-phan-mem-crm-y-te-tot-nhat-cho-benh-vien-va-phong-kham-4-300x169.png,CHO_KIEM_TRA,URL ảnh từ máy chủ bên ngoài.
ANH-0940,P2,WIKI_BAI_VIET,Top-10-Phan-Mem-CRM-Y-Te-Tot-Nhat-Cho-Benh-Vien-Va-Phong-Kham-4-768x432.png,png,1,src/_content/wiki-live-details.json:1,https://image.homenest.com.vn/wp-content/uploads/2026/07/Top-10-Phan-Mem-CRM-Y-Te-Tot-Nhat-Cho-Benh-Vien-Va-Phong-Kham-4-768x432.png,public/images/wiki_bai_viet/top-10-phan-mem-crm-y-te-tot-nhat-cho-benh-vien-va-phong-kham-4-768x432.png,CHO_KIEM_TRA,URL ảnh từ máy chủ bên ngoài.
ANH-0941,P2,WIKI_BAI_VIET,Top-10-Phan-Mem-CRM-Y-Te-Tot-Nhat-Cho-Benh-Vien-Va-Phong-Kham-4.png,png,1,src/_content/wiki-live-details.json:1,https://image.homenest.com.vn/wp-content/uploads/2026/07/Top-10-Phan-Mem-CRM-Y-Te-Tot-Nhat-Cho-Benh-Vien-Va-Phong-Kham-4.png,public/images/wiki_bai_viet/top-10-phan-mem-crm-y-te-tot-nhat-cho-benh-vien-va-phong-kham-4.png,CHO_KIEM_TRA,URL ảnh từ máy chủ bên ngoài.
ANH-0942,P2,WIKI_BAI_VIET,Top-10-Phan-Mem-CRM-Y-Te-Tot-Nhat-Cho-Benh-Vien-Va-Phong-Kham-5-1024x576.png,png,2,src/_content/wiki-live-details.json:1,https://image.homenest.com.vn/wp-content/uploads/2026/07/Top-10-Phan-Mem-CRM-Y-Te-Tot-Nhat-Cho-Benh-Vien-Va-Phong-Kham-5-1024x576.png,public/images/wiki_bai_viet/top-10-phan-mem-crm-y-te-tot-nhat-cho-benh-vien-va-phong-kham-5-1024x576.png,CHO_KIEM_TRA,URL ảnh từ máy chủ bên ngoài.
ANH-0943,P2,WIKI_BAI_VIET,Top-10-Phan-Mem-CRM-Y-Te-Tot-Nhat-Cho-Benh-Vien-Va-Phong-Kham-5-1536x864.png,png,1,src/_content/wiki-live-details.json:1,https://image.homenest.com.vn/wp-content/uploads/2026/07/Top-10-Phan-Mem-CRM-Y-Te-Tot-Nhat-Cho-Benh-Vien-Va-Phong-Kham-5-1536x864.png,public/images/wiki_bai_viet/top-10-phan-mem-crm-y-te-tot-nhat-cho-benh-vien-va-phong-kham-5-1536x864.png,CHO_KIEM_TRA,URL ảnh từ máy chủ bên ngoài.
ANH-0944,P2,WIKI_BAI_VIET,Top-10-Phan-Mem-CRM-Y-Te-Tot-Nhat-Cho-Benh-Vien-Va-Phong-Kham-5-300x169.png,png,1,src/_content/wiki-live-details.json:1,https://image.homenest.com.vn/wp-content/uploads/2026/07/Top-10-Phan-Mem-CRM-Y-Te-Tot-Nhat-Cho-Benh-Vien-Va-Phong-Kham-5-300x169.png,public/images/wiki_bai_viet/top-10-phan-mem-crm-y-te-tot-nhat-cho-benh-vien-va-phong-kham-5-300x169.png,CHO_KIEM_TRA,URL ảnh từ máy chủ bên ngoài.
ANH-0945,P2,WIKI_BAI_VIET,Top-10-Phan-Mem-CRM-Y-Te-Tot-Nhat-Cho-Benh-Vien-Va-Phong-Kham-5-768x432.png,png,1,src/_content/wiki-live-details.json:1,https://image.homenest.com.vn/wp-content/uploads/2026/07/Top-10-Phan-Mem-CRM-Y-Te-Tot-Nhat-Cho-Benh-Vien-Va-Phong-Kham-5-768x432.png,public/images/wiki_bai_viet/top-10-phan-mem-crm-y-te-tot-nhat-cho-benh-vien-va-phong-kham-5-768x432.png,CHO_KIEM_TRA,URL ảnh từ máy chủ bên ngoài.
ANH-0946,P2,WIKI_BAI_VIET,Top-10-Phan-Mem-CRM-Y-Te-Tot-Nhat-Cho-Benh-Vien-Va-Phong-Kham-5.png,png,1,src/_content/wiki-live-details.json:1,https://image.homenest.com.vn/wp-content/uploads/2026/07/Top-10-Phan-Mem-CRM-Y-Te-Tot-Nhat-Cho-Benh-Vien-Va-Phong-Kham-5.png,public/images/wiki_bai_viet/top-10-phan-mem-crm-y-te-tot-nhat-cho-benh-vien-va-phong-kham-5.png,CHO_KIEM_TRA,URL ảnh từ máy chủ bên ngoài.
ANH-0947,P2,WIKI_BAI_VIET,Top-10-Phan-Mem-CRM-Y-Te-Tot-Nhat-Cho-Benh-Vien-Va-Phong-Kham-6-1024x576.png,png,2,src/_content/wiki-live-details.json:1,https://image.homenest.com.vn/wp-content/uploads/2026/07/Top-10-Phan-Mem-CRM-Y-Te-Tot-Nhat-Cho-Benh-Vien-Va-Phong-Kham-6-1024x576.png,public/images/wiki_bai_viet/top-10-phan-mem-crm-y-te-tot-nhat-cho-benh-vien-va-phong-kham-6-1024x576.png,CHO_KIEM_TRA,URL ảnh từ máy chủ bên ngoài.
ANH-0948,P2,WIKI_BAI_VIET,Top-10-Phan-Mem-CRM-Y-Te-Tot-Nhat-Cho-Benh-Vien-Va-Phong-Kham-6-1536x864.png,png,1,src/_content/wiki-live-details.json:1,https://image.homenest.com.vn/wp-content/uploads/2026/07/Top-10-Phan-Mem-CRM-Y-Te-Tot-Nhat-Cho-Benh-Vien-Va-Phong-Kham-6-1536x864.png,public/images/wiki_bai_viet/top-10-phan-mem-crm-y-te-tot-nhat-cho-benh-vien-va-phong-kham-6-1536x864.png,CHO_KIEM_TRA,URL ảnh từ máy chủ bên ngoài.
ANH-0949,P2,WIKI_BAI_VIET,Top-10-Phan-Mem-CRM-Y-Te-Tot-Nhat-Cho-Benh-Vien-Va-Phong-Kham-6-300x169.png,png,1,src/_content/wiki-live-details.json:1,https://image.homenest.com.vn/wp-content/uploads/2026/07/Top-10-Phan-Mem-CRM-Y-Te-Tot-Nhat-Cho-Benh-Vien-Va-Phong-Kham-6-300x169.png,public/images/wiki_bai_viet/top-10-phan-mem-crm-y-te-tot-nhat-cho-benh-vien-va-phong-kham-6-300x169.png,CHO_KIEM_TRA,URL ảnh từ máy chủ bên ngoài.
ANH-0950,P2,WIKI_BAI_VIET,Top-10-Phan-Mem-CRM-Y-Te-Tot-Nhat-Cho-Benh-Vien-Va-Phong-Kham-6-768x432.png,png,1,src/_content/wiki-live-details.json:1,https://image.homenest.com.vn/wp-content/uploads/2026/07/Top-10-Phan-Mem-CRM-Y-Te-Tot-Nhat-Cho-Benh-Vien-Va-Phong-Kham-6-768x432.png,public/images/wiki_bai_viet/top-10-phan-mem-crm-y-te-tot-nhat-cho-benh-vien-va-phong-kham-6-768x432.png,CHO_KIEM_TRA,URL ảnh từ máy chủ bên ngoài.
ANH-0951,P2,WIKI_BAI_VIET,Top-10-Phan-Mem-CRM-Y-Te-Tot-Nhat-Cho-Benh-Vien-Va-Phong-Kham-6.png,png,1,src/_content/wiki-live-details.json:1,https://image.homenest.com.vn/wp-content/uploads/2026/07/Top-10-Phan-Mem-CRM-Y-Te-Tot-Nhat-Cho-Benh-Vien-Va-Phong-Kham-6.png,public/images/wiki_bai_viet/top-10-phan-mem-crm-y-te-tot-nhat-cho-benh-vien-va-phong-kham-6.png,CHO_KIEM_TRA,URL ảnh từ máy chủ bên ngoài.
ANH-0952,P2,WIKI_BAI_VIET,Top-10-Phan-Mem-CRM-Y-Te-Tot-Nhat-Cho-Benh-Vien-Va-Phong-Kham-7-1024x576.png,png,2,src/_content/wiki-live-details.json:1,https://image.homenest.com.vn/wp-content/uploads/2026/07/Top-10-Phan-Mem-CRM-Y-Te-Tot-Nhat-Cho-Benh-Vien-Va-Phong-Kham-7-1024x576.png,public/images/wiki_bai_viet/top-10-phan-mem-crm-y-te-tot-nhat-cho-benh-vien-va-phong-kham-7-1024x576.png,CHO_KIEM_TRA,URL ảnh từ máy chủ bên ngoài.
ANH-0953,P2,WIKI_BAI_VIET,Top-10-Phan-Mem-CRM-Y-Te-Tot-Nhat-Cho-Benh-Vien-Va-Phong-Kham-7-1536x864.png,png,1,src/_content/wiki-live-details.json:1,https://image.homenest.com.vn/wp-content/uploads/2026/07/Top-10-Phan-Mem-CRM-Y-Te-Tot-Nhat-Cho-Benh-Vien-Va-Phong-Kham-7-1536x864.png,public/images/wiki_bai_viet/top-10-phan-mem-crm-y-te-tot-nhat-cho-benh-vien-va-phong-kham-7-1536x864.png,CHO_KIEM_TRA,URL ảnh từ máy chủ bên ngoài.
ANH-0954,P2,WIKI_BAI_VIET,Top-10-Phan-Mem-CRM-Y-Te-Tot-Nhat-Cho-Benh-Vien-Va-Phong-Kham-7-300x169.png,png,1,src/_content/wiki-live-details.json:1,https://image.homenest.com.vn/wp-content/uploads/2026/07/Top-10-Phan-Mem-CRM-Y-Te-Tot-Nhat-Cho-Benh-Vien-Va-Phong-Kham-7-300x169.png,public/images/wiki_bai_viet/top-10-phan-mem-crm-y-te-tot-nhat-cho-benh-vien-va-phong-kham-7-300x169.png,CHO_KIEM_TRA,URL ảnh từ máy chủ bên ngoài.
ANH-0955,P2,WIKI_BAI_VIET,Top-10-Phan-Mem-CRM-Y-Te-Tot-Nhat-Cho-Benh-Vien-Va-Phong-Kham-7-768x432.png,png,1,src/_content/wiki-live-details.json:1,https://image.homenest.com.vn/wp-content/uploads/2026/07/Top-10-Phan-Mem-CRM-Y-Te-Tot-Nhat-Cho-Benh-Vien-Va-Phong-Kham-7-768x432.png,public/images/wiki_bai_viet/top-10-phan-mem-crm-y-te-tot-nhat-cho-benh-vien-va-phong-kham-7-768x432.png,CHO_KIEM_TRA,URL ảnh từ máy chủ bên ngoài.
ANH-0956,P2,WIKI_BAI_VIET,Top-10-Phan-Mem-CRM-Y-Te-Tot-Nhat-Cho-Benh-Vien-Va-Phong-Kham-7.png,png,1,src/_content/wiki-live-details.json:1,https://image.homenest.com.vn/wp-content/uploads/2026/07/Top-10-Phan-Mem-CRM-Y-Te-Tot-Nhat-Cho-Benh-Vien-Va-Phong-Kham-7.png,public/images/wiki_bai_viet/top-10-phan-mem-crm-y-te-tot-nhat-cho-benh-vien-va-phong-kham-7.png,CHO_KIEM_TRA,URL ảnh từ máy chủ bên ngoài.
ANH-0957,P2,WIKI_BAI_VIET,Top-10-Phan-Mem-CRM-Y-Te-Tot-Nhat-Cho-Benh-Vien-Va-Phong-Kham.png,png,5,src/_content/wiki-live-details.json:1; src/lib/site-data.json:2304; src/lib/wiki-live.ts:63,https://image.homenest.com.vn/wp-content/uploads/2026/07/Top-10-Phan-Mem-CRM-Y-Te-Tot-Nhat-Cho-Benh-Vien-Va-Phong-Kham.png,public/images/wiki_bai_viet/top-10-phan-mem-crm-y-te-tot-nhat-cho-benh-vien-va-phong-kham.png,CHO_KIEM_TRA,URL ảnh từ máy chủ bên ngoài.
ANH-0958,P2,WIKI_BAI_VIET,Ung-dung-chatbot-trong-thuong-mai-dien-tu-1024x571.jpg,jpg,2,src/_content/wiki-live-details.json:1,https://image.homenest.com.vn/wp-content/uploads/2026/07/Ung-dung-chatbot-trong-thuong-mai-dien-tu-1024x571.jpg,public/images/wiki_bai_viet/ung-dung-chatbot-trong-thuong-mai-dien-tu-1024x571.jpg,CHO_KIEM_TRA,URL ảnh từ máy chủ bên ngoài.
ANH-0959,P2,WIKI_BAI_VIET,Ung-dung-chatbot-trong-thuong-mai-dien-tu-1536x857.jpg,jpg,1,src/_content/wiki-live-details.json:1,https://image.homenest.com.vn/wp-content/uploads/2026/07/Ung-dung-chatbot-trong-thuong-mai-dien-tu-1536x857.jpg,public/images/wiki_bai_viet/ung-dung-chatbot-trong-thuong-mai-dien-tu-1536x857.jpg,CHO_KIEM_TRA,URL ảnh từ máy chủ bên ngoài.
ANH-0960,P2,WIKI_BAI_VIET,Ung-dung-chatbot-trong-thuong-mai-dien-tu-300x167.jpg,jpg,1,src/_content/wiki-live-details.json:1,https://image.homenest.com.vn/wp-content/uploads/2026/07/Ung-dung-chatbot-trong-thuong-mai-dien-tu-300x167.jpg,public/images/wiki_bai_viet/ung-dung-chatbot-trong-thuong-mai-dien-tu-300x167.jpg,CHO_KIEM_TRA,URL ảnh từ máy chủ bên ngoài.
ANH-0961,P2,WIKI_BAI_VIET,Ung-dung-chatbot-trong-thuong-mai-dien-tu-768x428.jpg,jpg,1,src/_content/wiki-live-details.json:1,https://image.homenest.com.vn/wp-content/uploads/2026/07/Ung-dung-chatbot-trong-thuong-mai-dien-tu-768x428.jpg,public/images/wiki_bai_viet/ung-dung-chatbot-trong-thuong-mai-dien-tu-768x428.jpg,CHO_KIEM_TRA,URL ảnh từ máy chủ bên ngoài.
ANH-0962,P2,WIKI_BAI_VIET,Ung-dung-chatbot-trong-thuong-mai-dien-tu.jpg,jpg,1,src/_content/wiki-live-details.json:1,https://image.homenest.com.vn/wp-content/uploads/2026/07/Ung-dung-chatbot-trong-thuong-mai-dien-tu.jpg,public/images/wiki_bai_viet/ung-dung-chatbot-trong-thuong-mai-dien-tu.jpg,CHO_KIEM_TRA,URL ảnh từ máy chủ bên ngoài.
ANH-0963,P2,WIKI_BAI_VIET,Ung-dung-Chatbot-truy-xuat-vao-cham-soc-khach-hang-1024x571.jpg,jpg,2,src/_content/wiki-live-details.json:1,https://image.homenest.com.vn/wp-content/uploads/2026/07/Ung-dung-Chatbot-truy-xuat-vao-cham-soc-khach-hang-1024x571.jpg,public/images/wiki_bai_viet/ung-dung-chatbot-truy-xuat-vao-cham-soc-khach-hang-1024x571.jpg,CHO_KIEM_TRA,URL ảnh từ máy chủ bên ngoài.
ANH-0964,P2,WIKI_BAI_VIET,Ung-dung-Chatbot-truy-xuat-vao-cham-soc-khach-hang-1536x857.jpg,jpg,1,src/_content/wiki-live-details.json:1,https://image.homenest.com.vn/wp-content/uploads/2026/07/Ung-dung-Chatbot-truy-xuat-vao-cham-soc-khach-hang-1536x857.jpg,public/images/wiki_bai_viet/ung-dung-chatbot-truy-xuat-vao-cham-soc-khach-hang-1536x857.jpg,CHO_KIEM_TRA,URL ảnh từ máy chủ bên ngoài.
ANH-0965,P2,WIKI_BAI_VIET,Ung-dung-Chatbot-truy-xuat-vao-cham-soc-khach-hang-300x167.jpg,jpg,1,src/_content/wiki-live-details.json:1,https://image.homenest.com.vn/wp-content/uploads/2026/07/Ung-dung-Chatbot-truy-xuat-vao-cham-soc-khach-hang-300x167.jpg,public/images/wiki_bai_viet/ung-dung-chatbot-truy-xuat-vao-cham-soc-khach-hang-300x167.jpg,CHO_KIEM_TRA,URL ảnh từ máy chủ bên ngoài.
ANH-0966,P2,WIKI_BAI_VIET,Ung-dung-Chatbot-truy-xuat-vao-cham-soc-khach-hang-768x428.jpg,jpg,1,src/_content/wiki-live-details.json:1,https://image.homenest.com.vn/wp-content/uploads/2026/07/Ung-dung-Chatbot-truy-xuat-vao-cham-soc-khach-hang-768x428.jpg,public/images/wiki_bai_viet/ung-dung-chatbot-truy-xuat-vao-cham-soc-khach-hang-768x428.jpg,CHO_KIEM_TRA,URL ảnh từ máy chủ bên ngoài.
ANH-0967,P2,WIKI_BAI_VIET,Ung-dung-Chatbot-truy-xuat-vao-cham-soc-khach-hang.jpg,jpg,1,src/_content/wiki-live-details.json:1,https://image.homenest.com.vn/wp-content/uploads/2026/07/Ung-dung-Chatbot-truy-xuat-vao-cham-soc-khach-hang.jpg,public/images/wiki_bai_viet/ung-dung-chatbot-truy-xuat-vao-cham-soc-khach-hang.jpg,CHO_KIEM_TRA,URL ảnh từ máy chủ bên ngoài.
ANH-0968,P2,WIKI_BAI_VIET,Ung-dung-chatbot-vao-tu-van-dich-vu-1024x571.jpg,jpg,2,src/_content/wiki-live-details.json:1,https://image.homenest.com.vn/wp-content/uploads/2026/07/Ung-dung-chatbot-vao-tu-van-dich-vu-1024x571.jpg,public/images/wiki_bai_viet/ung-dung-chatbot-vao-tu-van-dich-vu-1024x571.jpg,CHO_KIEM_TRA,URL ảnh từ máy chủ bên ngoài.
ANH-0969,P2,WIKI_BAI_VIET,Ung-dung-chatbot-vao-tu-van-dich-vu-1536x857.jpg,jpg,1,src/_content/wiki-live-details.json:1,https://image.homenest.com.vn/wp-content/uploads/2026/07/Ung-dung-chatbot-vao-tu-van-dich-vu-1536x857.jpg,public/images/wiki_bai_viet/ung-dung-chatbot-vao-tu-van-dich-vu-1536x857.jpg,CHO_KIEM_TRA,URL ảnh từ máy chủ bên ngoài.
ANH-0970,P2,WIKI_BAI_VIET,Ung-dung-chatbot-vao-tu-van-dich-vu-300x167.jpg,jpg,1,src/_content/wiki-live-details.json:1,https://image.homenest.com.vn/wp-content/uploads/2026/07/Ung-dung-chatbot-vao-tu-van-dich-vu-300x167.jpg,public/images/wiki_bai_viet/ung-dung-chatbot-vao-tu-van-dich-vu-300x167.jpg,CHO_KIEM_TRA,URL ảnh từ máy chủ bên ngoài.
ANH-0971,P2,WIKI_BAI_VIET,Ung-dung-chatbot-vao-tu-van-dich-vu-768x428.jpg,jpg,1,src/_content/wiki-live-details.json:1,https://image.homenest.com.vn/wp-content/uploads/2026/07/Ung-dung-chatbot-vao-tu-van-dich-vu-768x428.jpg,public/images/wiki_bai_viet/ung-dung-chatbot-vao-tu-van-dich-vu-768x428.jpg,CHO_KIEM_TRA,URL ảnh từ máy chủ bên ngoài.
ANH-0972,P2,WIKI_BAI_VIET,Ung-dung-chatbot-vao-tu-van-dich-vu.jpg,jpg,1,src/_content/wiki-live-details.json:1,https://image.homenest.com.vn/wp-content/uploads/2026/07/Ung-dung-chatbot-vao-tu-van-dich-vu.jpg,public/images/wiki_bai_viet/ung-dung-chatbot-vao-tu-van-dich-vu.jpg,CHO_KIEM_TRA,URL ảnh từ máy chủ bên ngoài.
ANH-0973,P2,WIKI_BAI_VIET,Ung-dung-Gemini-3.6-Flash-trong-phat-trien-AI-1024x576.jpg,jpg,1,src/_content/wiki-live-details.json:1,https://image.homenest.com.vn/wp-content/uploads/2026/07/Ung-dung-Gemini-3.6-Flash-trong-phat-trien-AI-1024x576.jpg,public/images/wiki_bai_viet/ung-dung-gemini-3-6-flash-trong-phat-trien-ai-1024x576.jpg,CHO_KIEM_TRA,URL ảnh từ máy chủ bên ngoài.
ANH-0974,P2,WIKI_BAI_VIET,Ung-dung-Gemini-3.6-Flash-trong-phat-trien-AI-1536x864.jpg,jpg,1,src/_content/wiki-live-details.json:1,https://image.homenest.com.vn/wp-content/uploads/2026/07/Ung-dung-Gemini-3.6-Flash-trong-phat-trien-AI-1536x864.jpg,public/images/wiki_bai_viet/ung-dung-gemini-3-6-flash-trong-phat-trien-ai-1536x864.jpg,CHO_KIEM_TRA,URL ảnh từ máy chủ bên ngoài.
ANH-0975,P2,WIKI_BAI_VIET,Ung-dung-Gemini-3.6-Flash-trong-phat-trien-AI-300x169.jpg,jpg,1,src/_content/wiki-live-details.json:1,https://image.homenest.com.vn/wp-content/uploads/2026/07/Ung-dung-Gemini-3.6-Flash-trong-phat-trien-AI-300x169.jpg,public/images/wiki_bai_viet/ung-dung-gemini-3-6-flash-trong-phat-trien-ai-300x169.jpg,CHO_KIEM_TRA,URL ảnh từ máy chủ bên ngoài.
ANH-0976,P2,WIKI_BAI_VIET,Ung-dung-Gemini-3.6-Flash-trong-phat-trien-AI-768x432.jpg,jpg,1,src/_content/wiki-live-details.json:1,https://image.homenest.com.vn/wp-content/uploads/2026/07/Ung-dung-Gemini-3.6-Flash-trong-phat-trien-AI-768x432.jpg,public/images/wiki_bai_viet/ung-dung-gemini-3-6-flash-trong-phat-trien-ai-768x432.jpg,CHO_KIEM_TRA,URL ảnh từ máy chủ bên ngoài.
ANH-0977,P2,WIKI_BAI_VIET,Ung-dung-Gemini-3.6-Flash-trong-phat-trien-AI.jpg,jpg,2,src/_content/wiki-live-details.json:1,https://image.homenest.com.vn/wp-content/uploads/2026/07/Ung-dung-Gemini-3.6-Flash-trong-phat-trien-AI.jpg,public/images/wiki_bai_viet/ung-dung-gemini-3-6-flash-trong-phat-trien-ai.jpg,CHO_KIEM_TRA,URL ảnh từ máy chủ bên ngoài.
ANH-0978,P2,WIKI_BAI_VIET,homenest-logo-icon.png,png,6,src/_content/wiki-live-details.json:1; src/lib/site-data.json:749|771|782|793|804,https://image.homenest.software/wp-content/uploads/2026/03/homenest-logo-icon.png,public/images/wiki_bai_viet/homenest-logo-icon.png,CHO_KIEM_TRA,URL ảnh từ máy chủ bên ngoài.
ANH-0979,P2,WIKI_BAI_VIET,homenest.gif,gif,2,src/_content/wiki-live-details.json:1; src/components/chrome/FloatingButtons.tsx:9,https://image.homenest.software/wp-content/uploads/2026/03/homenest.gif,public/images/wiki_bai_viet/homenest.gif,CHO_KIEM_TRA,URL ảnh từ máy chủ bên ngoài.
ANH-0980,P2,WIKI_BAI_VIET,HomeNest-Software-main-background.jpg,jpg,13,src/_content/wiki-live-details.json:1; src/app/not-found.tsx:3; src/components/sections/dichvu/ServicesHero.tsx:55; src/lib/site-data.json:124|128|179|183|190|194|201|205|245|249,https://image.homenest.software/wp-content/uploads/2026/04/HomeNest-Software-main-background.jpg,public/images/wiki_bai_viet/homenest-software-main-background.jpg,CHO_KIEM_TRA,URL ảnh từ máy chủ bên ngoài.
ANH-0981,P2,WIKI_BAI_VIET,Questx-logo.jpg,jpg,1,src/_content/wiki-live-details.json:1,https://questx.com.vn/wp-content/uploads/2026/04/Questx-logo.jpg,public/images/wiki_bai_viet/questx-logo.jpg,CHO_KIEM_TRA,URL ảnh từ máy chủ bên ngoài.
ANH-0982,P2,WIKI_BAI_VIET,JavaScript-la-gi-Ly-do-nen-dung-JavaScript-khi-thiet-ke-website.png,png,2,src/_content/wiki-live-details.json:1,https://s3.ap-southeast-1.amazonaws.com/image.homenest.com.vn/wp-content/uploads/2025/07/JavaScript-la-gi-Ly-do-nen-dung-JavaScript-khi-thiet-ke-website.png,public/images/wiki_bai_viet/javascript-la-gi-ly-do-nen-dung-javascript-khi-thiet-ke-website.png,CHO_KIEM_TRA,URL ảnh từ máy chủ bên ngoài.
ANH-0983,P3,LOGO_ICON,favicon.ico,ico,1,src/app/favicon.ico:1,/src/app/favicon.ico,public/images/logo_icon/favicon.ico,CHO_KIEM_TRA,Tệp đang lưu cục bộ.
ANH-0984,P3,LOGO_ICON,Logo_HomeNest-team.webp,webp,1,src/components/chrome/FloatingButtons.tsx:13,https://image.homenest.com.vn/wp-content/uploads/2025/07/22125041/Logo_HomeNest-team.webp,public/images/logo_icon/logo-homenest-team.webp,CHO_KIEM_TRA,URL ảnh từ máy chủ bên ngoài.
ANH-0985,P3,LOGO_ICON,React-Native-300x203.png,png,1,src/lib/site-data.json:771,https://image.homenest.com.vn/wp-content/uploads/2026/03/22115933/React-Native-300x203.png,public/images/logo_icon/react-native-300x203.png,CHO_KIEM_TRA,URL ảnh từ máy chủ bên ngoài.
ANH-0986,P3,LOGO_ICON,React-Native-768x521.png,png,1,src/lib/site-data.json:771,https://image.homenest.com.vn/wp-content/uploads/2026/03/22115933/React-Native-768x521.png,public/images/logo_icon/react-native-768x521.png,CHO_KIEM_TRA,URL ảnh từ máy chủ bên ngoài.
ANH-0987,P3,LOGO_ICON,React-Native.png,png,2,src/lib/site-data.json:771,https://image.homenest.com.vn/wp-content/uploads/2026/03/22115933/React-Native.png,public/images/logo_icon/react-native.png,CHO_KIEM_TRA,URL ảnh từ máy chủ bên ngoài.
ANH-0988,P3,LOGO_ICON,Flutter-so-voi-React-Native-va-Xamarin-Nen-chon-framework-nao-cho-phat-trien-Mobile-300x169.webp,webp,1,src/lib/site-data.json:771,https://image.homenest.com.vn/wp-content/uploads/2026/03/22115935/Flutter-so-voi-React-Native-va-Xamarin-Nen-chon-framework-nao-cho-phat-trien-Mobile-300x169.webp,public/images/logo_icon/flutter-so-voi-react-native-va-xamarin-nen-chon-framework-nao-cho-phat-trien-mobile-300x169.webp,CHO_KIEM_TRA,URL ảnh từ máy chủ bên ngoài.
ANH-0989,P3,LOGO_ICON,Flutter-so-voi-React-Native-va-Xamarin-Nen-chon-framework-nao-cho-phat-trien-Mobile-768x432.webp,webp,1,src/lib/site-data.json:771,https://image.homenest.com.vn/wp-content/uploads/2026/03/22115935/Flutter-so-voi-React-Native-va-Xamarin-Nen-chon-framework-nao-cho-phat-trien-Mobile-768x432.webp,public/images/logo_icon/flutter-so-voi-react-native-va-xamarin-nen-chon-framework-nao-cho-phat-trien-mobile-768x432.webp,CHO_KIEM_TRA,URL ảnh từ máy chủ bên ngoài.
ANH-0990,P3,LOGO_ICON,React-Native-Developer.jpg,jpg,1,src/lib/site-data.json:760,https://image.homenest.com.vn/wp-content/uploads/2026/03/22115944/React-Native-Developer.jpg,public/images/logo_icon/react-native-developer.jpg,CHO_KIEM_TRA,URL ảnh từ máy chủ bên ngoài.
ANH-0991,P3,LOGO_ICON,boldcraft-brand-logo.jpg,jpg,1,src/lib/site-data.json:812,https://image.homenest.com.vn/wp-content/uploads/2026/04/boldcraft-brand-logo.jpg,public/images/logo_icon/boldcraft-brand-logo.jpg,CHO_KIEM_TRA,URL ảnh từ máy chủ bên ngoài.
ANH-0992,P3,LOGO_ICON,figma-icon.svg,svg,5,src/lib/site-data.json:1286|1386|1391|1396|1406,https://image.homenest.com.vn/wp-content/uploads/2026/04/figma-icon.svg,public/images/logo_icon/figma-icon.svg,CHO_KIEM_TRA,URL ảnh từ máy chủ bên ngoài.
ANH-0993,P3,LOGO_ICON,five-stars-rating.svg,svg,1,src/lib/site-data.json:939,https://image.homenest.com.vn/wp-content/uploads/2026/04/five-stars-rating.svg,public/images/logo_icon/five-stars-rating.svg,CHO_KIEM_TRA,URL ảnh từ máy chủ bên ngoài.
ANH-0994,P3,LOGO_ICON,github-icon.svg,svg,6,src/lib/site-data.json:1296|1411|1416|1421|1426|1446,https://image.homenest.com.vn/wp-content/uploads/2026/04/github-icon.svg,public/images/logo_icon/github-icon.svg,CHO_KIEM_TRA,URL ảnh từ máy chủ bên ngoài.
ANH-0995,P3,LOGO_ICON,homenest-icon-logo.svg,svg,1,src/lib/site-data.json:1308,https://image.homenest.com.vn/wp-content/uploads/2026/04/homenest-icon-logo.svg,public/images/logo_icon/homenest-icon-logo.svg,CHO_KIEM_TRA,URL ảnh từ máy chủ bên ngoài.
ANH-0996,P3,LOGO_ICON,notion-icon.svg,svg,2,src/lib/site-data.json:1291|1436,https://image.homenest.com.vn/wp-content/uploads/2026/04/notion-icon.svg,public/images/logo_icon/notion-icon.svg,CHO_KIEM_TRA,URL ảnh từ máy chủ bên ngoài.
ANH-0997,P3,LOGO_ICON,react-icon.svg,svg,2,src/lib/site-data.json:1266|1381,https://image.homenest.com.vn/wp-content/uploads/2026/04/react-icon.svg,public/images/logo_icon/react-icon.svg,CHO_KIEM_TRA,URL ảnh từ máy chủ bên ngoài.
ANH-0998,P3,LOGO_ICON,slack-icon.svg,svg,2,src/lib/site-data.json:1271|1431,https://image.homenest.com.vn/wp-content/uploads/2026/04/slack-icon.svg,public/images/logo_icon/slack-icon.svg,CHO_KIEM_TRA,URL ảnh từ máy chủ bên ngoài.
ANH-0999,P3,LOGO_ICON,why-choose-us-icon-1.svg,svg,1,src/lib/site-data.json:1246,https://image.homenest.com.vn/wp-content/uploads/2026/04/why-choose-us-icon-1.svg,public/images/logo_icon/why-choose-us-icon-1.svg,CHO_KIEM_TRA,URL ảnh từ máy chủ bên ngoài.
ANH-1000,P3,LOGO_ICON,why-choose-us-icon-2.png,png,1,src/lib/site-data.json:1241,https://image.homenest.com.vn/wp-content/uploads/2026/04/why-choose-us-icon-2.png,public/images/logo_icon/why-choose-us-icon-2.png,CHO_KIEM_TRA,URL ảnh từ máy chủ bên ngoài.
ANH-1001,P3,LOGO_ICON,why-choose-us-icon-3.png,png,1,src/lib/site-data.json:1242,https://image.homenest.com.vn/wp-content/uploads/2026/04/why-choose-us-icon-3.png,public/images/logo_icon/why-choose-us-icon-3.png,CHO_KIEM_TRA,URL ảnh từ máy chủ bên ngoài.
ANH-1002,P3,LOGO_ICON,why-choose-us-icon-4.png,png,1,src/lib/site-data.json:1240,https://image.homenest.com.vn/wp-content/uploads/2026/04/why-choose-us-icon-4.png,public/images/logo_icon/why-choose-us-icon-4.png,CHO_KIEM_TRA,URL ảnh từ máy chủ bên ngoài.
ANH-1003,P3,LOGO_ICON,why-choose-us-icon-5.png,png,1,src/lib/site-data.json:1234,https://image.homenest.com.vn/wp-content/uploads/2026/04/why-choose-us-icon-5.png,public/images/logo_icon/why-choose-us-icon-5.png,CHO_KIEM_TRA,URL ảnh từ máy chủ bên ngoài.
ANH-1004,P3,LOGO_ICON,xd-icon.svg,svg,2,src/lib/site-data.json:1276|1401,https://image.homenest.com.vn/wp-content/uploads/2026/04/xd-icon.svg,public/images/logo_icon/xd-icon.svg,CHO_KIEM_TRA,URL ảnh từ máy chủ bên ngoài.
ANH-1005,P3,LOGO_ICON,zapier-icon.svg,svg,2,src/lib/site-data.json:1281|1441,https://image.homenest.com.vn/wp-content/uploads/2026/04/zapier-icon.svg,public/images/logo_icon/zapier-icon.svg,CHO_KIEM_TRA,URL ảnh từ máy chủ bên ngoài.
ANH-1006,P3,LOGO_ICON,destiny-nail-bar-logo-1024x576.jpg,jpg,1,src/lib/case-study-live-details.json:274,https://image.homenest.com.vn/wp-content/uploads/2026/07/destiny-nail-bar-logo-1024x576.jpg,public/images/logo_icon/destiny-nail-bar-logo-1024x576.jpg,CHO_KIEM_TRA,URL ảnh từ máy chủ bên ngoài.
ANH-1007,P3,LOGO_ICON,destiny-nail-bar-logo-1536x864.jpg,jpg,1,src/lib/case-study-live-details.json:274,https://image.homenest.com.vn/wp-content/uploads/2026/07/destiny-nail-bar-logo-1536x864.jpg,public/images/logo_icon/destiny-nail-bar-logo-1536x864.jpg,CHO_KIEM_TRA,URL ảnh từ máy chủ bên ngoài.
ANH-1008,P3,LOGO_ICON,destiny-nail-bar-logo-300x169.jpg,jpg,1,src/lib/case-study-live-details.json:274,https://image.homenest.com.vn/wp-content/uploads/2026/07/destiny-nail-bar-logo-300x169.jpg,public/images/logo_icon/destiny-nail-bar-logo-300x169.jpg,CHO_KIEM_TRA,URL ảnh từ máy chủ bên ngoài.
ANH-1009,P3,LOGO_ICON,destiny-nail-bar-logo-768x432.jpg,jpg,1,src/lib/case-study-live-details.json:274,https://image.homenest.com.vn/wp-content/uploads/2026/07/destiny-nail-bar-logo-768x432.jpg,public/images/logo_icon/destiny-nail-bar-logo-768x432.jpg,CHO_KIEM_TRA,URL ảnh từ máy chủ bên ngoài.
ANH-1010,P3,LOGO_ICON,destiny-nail-bar-logo.jpg,jpg,2,src/lib/case-study-live-details.json:274,https://image.homenest.com.vn/wp-content/uploads/2026/07/destiny-nail-bar-logo.jpg,public/images/logo_icon/destiny-nail-bar-logo.jpg,CHO_KIEM_TRA,URL ảnh từ máy chủ bên ngoài.
ANH-1011,P3,LOGO_ICON,Alltech-Store-Partner-logo-HomeNest.Software.png,png,3,src/lib/site-data.json:812|1628,https://image.homenest.software/wp-content/uploads/2026/04/Alltech-Store-Partner-logo-HomeNest.Software.png,public/images/logo_icon/alltech-store-partner-logo-homenest-software.png,CHO_KIEM_TRA,URL ảnh từ máy chủ bên ngoài.
ANH-1012,P3,LOGO_ICON,Autolink-Vietnam-Partner-logo-HomeNest.Software.png,png,3,src/lib/site-data.json:812|1580,https://image.homenest.software/wp-content/uploads/2026/04/Autolink-Vietnam-Partner-logo-HomeNest.Software.png,public/images/logo_icon/autolink-vietnam-partner-logo-homenest-software.png,CHO_KIEM_TRA,URL ảnh từ máy chủ bên ngoài.
ANH-1013,P3,LOGO_ICON,Bac-si-Sac-Partner-logo-HomeNest.Software.png,png,2,src/lib/site-data.json:812,https://image.homenest.software/wp-content/uploads/2026/04/Bac-si-Sac-Partner-logo-HomeNest.Software.png,public/images/logo_icon/bac-si-sac-partner-logo-homenest-software.png,CHO_KIEM_TRA,URL ảnh từ máy chủ bên ngoài.
ANH-1014,P3,LOGO_ICON,Bao4Road-Partner-logo-HomeNest.Software.png,png,2,src/lib/site-data.json:812,https://image.homenest.software/wp-content/uploads/2026/04/Bao4Road-Partner-logo-HomeNest.Software.png,public/images/logo_icon/bao4road-partner-logo-homenest-software.png,CHO_KIEM_TRA,URL ảnh từ máy chủ bên ngoài.
ANH-1015,P3,LOGO_ICON,Camila-Pink-Partner-logo-HomeNest.Software.png,png,2,src/lib/site-data.json:812,https://image.homenest.software/wp-content/uploads/2026/04/Camila-Pink-Partner-logo-HomeNest.Software.png,public/images/logo_icon/camila-pink-partner-logo-homenest-software.png,CHO_KIEM_TRA,URL ảnh từ máy chủ bên ngoài.
ANH-1016,P3,LOGO_ICON,Camlamonline-Partner-logo-HomeNest.Software.png,png,2,src/lib/site-data.json:812,https://image.homenest.software/wp-content/uploads/2026/04/Camlamonline-Partner-logo-HomeNest.Software.png,public/images/logo_icon/camlamonline-partner-logo-homenest-software.png,CHO_KIEM_TRA,URL ảnh từ máy chủ bên ngoài.
ANH-1017,P3,LOGO_ICON,Chu-Quan-Ca-Phe-Partner-logo-HomeNest.Software.png,png,2,src/lib/site-data.json:812,https://image.homenest.software/wp-content/uploads/2026/04/Chu-Quan-Ca-Phe-Partner-logo-HomeNest.Software.png,public/images/logo_icon/chu-quan-ca-phe-partner-logo-homenest-software.png,CHO_KIEM_TRA,URL ảnh từ máy chủ bên ngoài.
ANH-1018,P3,LOGO_ICON,CNC-Partner-logo-HomeNest.Software.png,png,3,src/lib/site-data.json:812|1636,https://image.homenest.software/wp-content/uploads/2026/04/CNC-Partner-logo-HomeNest.Software.png,public/images/logo_icon/cnc-partner-logo-homenest-software.png,CHO_KIEM_TRA,URL ảnh từ máy chủ bên ngoài.
ANH-1019,P3,LOGO_ICON,Dai-Phat-Partner-logo-HomeNest.Software.png,png,2,src/lib/site-data.json:812,https://image.homenest.software/wp-content/uploads/2026/04/Dai-Phat-Partner-logo-HomeNest.Software.png,public/images/logo_icon/dai-phat-partner-logo-homenest-software.png,CHO_KIEM_TRA,URL ảnh từ máy chủ bên ngoài.
ANH-1020,P3,LOGO_ICON,Daisy-Partner-logo-HomeNest.Software.png,png,2,src/lib/site-data.json:812,https://image.homenest.software/wp-content/uploads/2026/04/Daisy-Partner-logo-HomeNest.Software.png,public/images/logo_icon/daisy-partner-logo-homenest-software.png,CHO_KIEM_TRA,URL ảnh từ máy chủ bên ngoài.
ANH-1021,P3,LOGO_ICON,Dako-Farm-Partner-logo-HomeNest.Software.png,png,3,src/lib/site-data.json:812|1584,https://image.homenest.software/wp-content/uploads/2026/04/Dako-Farm-Partner-logo-HomeNest.Software.png,public/images/logo_icon/dako-farm-partner-logo-homenest-software.png,CHO_KIEM_TRA,URL ảnh từ máy chủ bên ngoài.
ANH-1022,P3,LOGO_ICON,Dava-Partner-logo-HomeNest.Software.png,png,3,src/lib/site-data.json:812|1604,https://image.homenest.software/wp-content/uploads/2026/04/Dava-Partner-logo-HomeNest.Software.png,public/images/logo_icon/dava-partner-logo-homenest-software.png,CHO_KIEM_TRA,URL ảnh từ máy chủ bên ngoài.
ANH-1023,P3,LOGO_ICON,Doan-Ky-Lan-Su-Rong-Partner-logo-HomeNest.Software.png,png,2,src/lib/site-data.json:812,https://image.homenest.software/wp-content/uploads/2026/04/Doan-Ky-Lan-Su-Rong-Partner-logo-HomeNest.Software.png,public/images/logo_icon/doan-ky-lan-su-rong-partner-logo-homenest-software.png,CHO_KIEM_TRA,URL ảnh từ máy chủ bên ngoài.
ANH-1024,P3,LOGO_ICON,Dragon-Pickleball-Partner-logo-HomeNest.Software.png,png,3,src/lib/site-data.json:812|1660,https://image.homenest.software/wp-content/uploads/2026/04/Dragon-Pickleball-Partner-logo-HomeNest.Software.png,public/images/logo_icon/dragon-pickleball-partner-logo-homenest-software.png,CHO_KIEM_TRA,URL ảnh từ máy chủ bên ngoài.
ANH-1025,P3,LOGO_ICON,EAS-School-Partner-logo-HomeNest.Software.png,png,2,src/lib/site-data.json:812,https://image.homenest.software/wp-content/uploads/2026/04/EAS-School-Partner-logo-HomeNest.Software.png,public/images/logo_icon/eas-school-partner-logo-homenest-software.png,CHO_KIEM_TRA,URL ảnh từ máy chủ bên ngoài.
ANH-1026,P3,LOGO_ICON,GB-Partner-logo-HomeNest.Software.png,png,2,src/lib/site-data.json:812,https://image.homenest.software/wp-content/uploads/2026/04/GB-Partner-logo-HomeNest.Software.png,public/images/logo_icon/gb-partner-logo-homenest-software.png,CHO_KIEM_TRA,URL ảnh từ máy chủ bên ngoài.
ANH-1027,P3,LOGO_ICON,Gia-Khang-Home-Partner-logo-HomeNest.Software.png,png,2,src/lib/site-data.json:812,https://image.homenest.software/wp-content/uploads/2026/04/Gia-Khang-Home-Partner-logo-HomeNest.Software.png,public/images/logo_icon/gia-khang-home-partner-logo-homenest-software.png,CHO_KIEM_TRA,URL ảnh từ máy chủ bên ngoài.
ANH-1028,P3,LOGO_ICON,Gleam-Haven-Partner-logo-HomeNest.Software.png,png,3,src/lib/site-data.json:812|1616,https://image.homenest.software/wp-content/uploads/2026/04/Gleam-Haven-Partner-logo-HomeNest.Software.png,public/images/logo_icon/gleam-haven-partner-logo-homenest-software.png,CHO_KIEM_TRA,URL ảnh từ máy chủ bên ngoài.
ANH-1029,P3,LOGO_ICON,GolfChamp-Partner-logo-HomeNest.Software.png,png,3,src/lib/site-data.json:812|1572,https://image.homenest.software/wp-content/uploads/2026/04/GolfChamp-Partner-logo-HomeNest.Software.png,public/images/logo_icon/golfchamp-partner-logo-homenest-software.png,CHO_KIEM_TRA,URL ảnh từ máy chủ bên ngoài.
ANH-1030,P3,LOGO_ICON,Grace-Beaut-Lab-Partner-logo-HomeNest.Software.png,png,2,src/lib/site-data.json:812,https://image.homenest.software/wp-content/uploads/2026/04/Grace-Beaut-Lab-Partner-logo-HomeNest.Software.png,public/images/logo_icon/grace-beaut-lab-partner-logo-homenest-software.png,CHO_KIEM_TRA,URL ảnh từ máy chủ bên ngoài.
ANH-1031,P3,LOGO_ICON,Green-Nutri-Partner-logo-HomeNest.Software.png,png,3,src/lib/site-data.json:812|1588,https://image.homenest.software/wp-content/uploads/2026/04/Green-Nutri-Partner-logo-HomeNest.Software.png,public/images/logo_icon/green-nutri-partner-logo-homenest-software.png,CHO_KIEM_TRA,URL ảnh từ máy chủ bên ngoài.
ANH-1032,P3,LOGO_ICON,Hang-Kenh-Partner-logo-HomeNest.Software.png,png,5,src/lib/site-data.json:812|1537|1552,https://image.homenest.software/wp-content/uploads/2026/04/Hang-Kenh-Partner-logo-HomeNest.Software.png,public/images/logo_icon/hang-kenh-partner-logo-homenest-software.png,CHO_KIEM_TRA,URL ảnh từ máy chủ bên ngoài.
ANH-1033,P3,LOGO_ICON,Hoang-Nhan-Partner-logo-HomeNest.Software.png,png,2,src/lib/site-data.json:812,https://image.homenest.software/wp-content/uploads/2026/04/Hoang-Nhan-Partner-logo-HomeNest.Software.png,public/images/logo_icon/hoang-nhan-partner-logo-homenest-software.png,CHO_KIEM_TRA,URL ảnh từ máy chủ bên ngoài.
ANH-1034,P3,LOGO_ICON,ICHIGO-Partner-logo-HomeNest.Software.png,png,2,src/lib/site-data.json:812,https://image.homenest.software/wp-content/uploads/2026/04/ICHIGO-Partner-logo-HomeNest.Software.png,public/images/logo_icon/ichigo-partner-logo-homenest-software.png,CHO_KIEM_TRA,URL ảnh từ máy chủ bên ngoài.
ANH-1035,P3,LOGO_ICON,Jam-Partner-logo-HomeNest.Software.png,png,2,src/lib/site-data.json:812,https://image.homenest.software/wp-content/uploads/2026/04/Jam-Partner-logo-HomeNest.Software.png,public/images/logo_icon/jam-partner-logo-homenest-software.png,CHO_KIEM_TRA,URL ảnh từ máy chủ bên ngoài.
ANH-1036,P3,LOGO_ICON,Khanh-Phong-Partner-logo-HomeNest.Software.png,png,3,src/lib/site-data.json:812|1568,https://image.homenest.software/wp-content/uploads/2026/04/Khanh-Phong-Partner-logo-HomeNest.Software.png,public/images/logo_icon/khanh-phong-partner-logo-homenest-software.png,CHO_KIEM_TRA,URL ảnh từ máy chủ bên ngoài.
ANH-1037,P3,LOGO_ICON,Kien-Cat-Partner-logo-HomeNest.Software.png,png,2,src/lib/site-data.json:812,https://image.homenest.software/wp-content/uploads/2026/04/Kien-Cat-Partner-logo-HomeNest.Software.png,public/images/logo_icon/kien-cat-partner-logo-homenest-software.png,CHO_KIEM_TRA,URL ảnh từ máy chủ bên ngoài.
ANH-1038,P3,LOGO_ICON,La-Cerise-Dalat-Villas-Partner-logo-HomeNest.Software.png,png,3,src/lib/site-data.json:812|1596,https://image.homenest.software/wp-content/uploads/2026/04/La-Cerise-Dalat-Villas-Partner-logo-HomeNest.Software.png,public/images/logo_icon/la-cerise-dalat-villas-partner-logo-homenest-software.png,CHO_KIEM_TRA,URL ảnh từ máy chủ bên ngoài.
ANH-1039,P3,LOGO_ICON,Lai-Thieu-Partner-logo-HomeNest.Software.png,png,3,src/lib/site-data.json:812|1620,https://image.homenest.software/wp-content/uploads/2026/04/Lai-Thieu-Partner-logo-HomeNest.Software.png,public/images/logo_icon/lai-thieu-partner-logo-homenest-software.png,CHO_KIEM_TRA,URL ảnh từ máy chủ bên ngoài.
ANH-1040,P3,LOGO_ICON,Laixeho-Partner-logo-HomeNest.Software.png,png,2,src/lib/site-data.json:812,https://image.homenest.software/wp-content/uploads/2026/04/Laixeho-Partner-logo-HomeNest.Software.png,public/images/logo_icon/laixeho-partner-logo-homenest-software.png,CHO_KIEM_TRA,URL ảnh từ máy chủ bên ngoài.
ANH-1041,P3,LOGO_ICON,Logo-Khach-Hang-Partner-logo-HomeNest.Software.png,png,2,src/lib/site-data.json:812,https://image.homenest.software/wp-content/uploads/2026/04/Logo-Khach-Hang-Partner-logo-HomeNest.Software.png,public/images/logo_icon/logo-khach-hang-partner-logo-homenest-software.png,CHO_KIEM_TRA,URL ảnh từ máy chủ bên ngoài.
ANH-1042,P3,LOGO_ICON,Lovers-Lawn-Partner-logo-HomeNest.Software.png,png,5,src/lib/site-data.json:812|1536|1548,https://image.homenest.software/wp-content/uploads/2026/04/Lovers-Lawn-Partner-logo-HomeNest.Software.png,public/images/logo_icon/lovers-lawn-partner-logo-homenest-software.png,CHO_KIEM_TRA,URL ảnh từ máy chủ bên ngoài.
ANH-1043,P3,LOGO_ICON,Lushnest-Partner-logo-HomeNest.Software.png,png,2,src/lib/site-data.json:812,https://image.homenest.software/wp-content/uploads/2026/04/Lushnest-Partner-logo-HomeNest.Software.png,public/images/logo_icon/lushnest-partner-logo-homenest-software.png,CHO_KIEM_TRA,URL ảnh từ máy chủ bên ngoài.
ANH-1044,P3,LOGO_ICON,Maico-Partner-logo-HomeNest.Software.png,png,3,src/lib/site-data.json:812|1632,https://image.homenest.software/wp-content/uploads/2026/04/Maico-Partner-logo-HomeNest.Software.png,public/images/logo_icon/maico-partner-logo-homenest-software.png,CHO_KIEM_TRA,URL ảnh từ máy chủ bên ngoài.
ANH-1045,P3,LOGO_ICON,Mekong-Partner-logo-HomeNest.Software.png,png,2,src/lib/site-data.json:812,https://image.homenest.software/wp-content/uploads/2026/04/Mekong-Partner-logo-HomeNest.Software.png,public/images/logo_icon/mekong-partner-logo-homenest-software.png,CHO_KIEM_TRA,URL ảnh từ máy chủ bên ngoài.
ANH-1046,P3,LOGO_ICON,Mida-Nail-Partner-logo-HomeNest.Software.png,png,3,src/lib/site-data.json:812|1656,https://image.homenest.software/wp-content/uploads/2026/04/Mida-Nail-Partner-logo-HomeNest.Software.png,public/images/logo_icon/mida-nail-partner-logo-homenest-software.png,CHO_KIEM_TRA,URL ảnh từ máy chủ bên ngoài.
ANH-1047,P3,LOGO_ICON,Mida-Partner-logo-HomeNest.Software.png,png,3,src/lib/site-data.json:812|1652,https://image.homenest.software/wp-content/uploads/2026/04/Mida-Partner-logo-HomeNest.Software.png,public/images/logo_icon/mida-partner-logo-homenest-software.png,CHO_KIEM_TRA,URL ảnh từ máy chủ bên ngoài.
ANH-1048,P3,LOGO_ICON,Mira-Partner-logo-HomeNest.Software.png,png,3,src/lib/site-data.json:812|1564,https://image.homenest.software/wp-content/uploads/2026/04/Mira-Partner-logo-HomeNest.Software.png,public/images/logo_icon/mira-partner-logo-homenest-software.png,CHO_KIEM_TRA,URL ảnh từ máy chủ bên ngoài.
ANH-1049,P3,LOGO_ICON,Mont-Pine-Realty-Partner-logo-HomeNest.Software.png,png,3,src/lib/site-data.json:812|1600,https://image.homenest.software/wp-content/uploads/2026/04/Mont-Pine-Realty-Partner-logo-HomeNest.Software.png,public/images/logo_icon/mont-pine-realty-partner-logo-homenest-software.png,CHO_KIEM_TRA,URL ảnh từ máy chủ bên ngoài.
ANH-1050,P3,LOGO_ICON,MSC-Partner-logo-HomeNest.Software.png,png,3,src/lib/site-data.json:812|1648,https://image.homenest.software/wp-content/uploads/2026/04/MSC-Partner-logo-HomeNest.Software.png,public/images/logo_icon/msc-partner-logo-homenest-software.png,CHO_KIEM_TRA,URL ảnh từ máy chủ bên ngoài.
ANH-1051,P3,LOGO_ICON,Nam-Anh-Partner-logo-HomeNest.Software.png,png,2,src/lib/site-data.json:812,https://image.homenest.software/wp-content/uploads/2026/04/Nam-Anh-Partner-logo-HomeNest.Software.png,public/images/logo_icon/nam-anh-partner-logo-homenest-software.png,CHO_KIEM_TRA,URL ảnh từ máy chủ bên ngoài.
ANH-1052,P3,LOGO_ICON,Niziko-Partner-logo-HomeNest.Software.png,png,3,src/lib/site-data.json:812|1624,https://image.homenest.software/wp-content/uploads/2026/04/Niziko-Partner-logo-HomeNest.Software.png,public/images/logo_icon/niziko-partner-logo-homenest-software.png,CHO_KIEM_TRA,URL ảnh từ máy chủ bên ngoài.
ANH-1053,P3,LOGO_ICON,Noi-that-Thanh-Tung-Partner-logo-HomeNest.Software.png,png,2,src/lib/site-data.json:812,https://image.homenest.software/wp-content/uploads/2026/04/Noi-that-Thanh-Tung-Partner-logo-HomeNest.Software.png,public/images/logo_icon/noi-that-thanh-tung-partner-logo-homenest-software.png,CHO_KIEM_TRA,URL ảnh từ máy chủ bên ngoài.
ANH-1054,P3,LOGO_ICON,NST-Partner-logo-HomeNest.Software.png,png,3,src/lib/site-data.json:812|1668,https://image.homenest.software/wp-content/uploads/2026/04/NST-Partner-logo-HomeNest.Software.png,public/images/logo_icon/nst-partner-logo-homenest-software.png,CHO_KIEM_TRA,URL ảnh từ máy chủ bên ngoài.
ANH-1055,P3,LOGO_ICON,Oak-Partner-logo-HomeNest.Software.png,png,2,src/lib/site-data.json:812,https://image.homenest.software/wp-content/uploads/2026/04/Oak-Partner-logo-HomeNest.Software.png,public/images/logo_icon/oak-partner-logo-homenest-software.png,CHO_KIEM_TRA,URL ảnh từ máy chủ bên ngoài.
ANH-1056,P3,LOGO_ICON,Onehouse-Partner-logo-HomeNest.Software.png,png,5,src/lib/site-data.json:812|1535|1544,https://image.homenest.software/wp-content/uploads/2026/04/Onehouse-Partner-logo-HomeNest.Software.png,public/images/logo_icon/onehouse-partner-logo-homenest-software.png,CHO_KIEM_TRA,URL ảnh từ máy chủ bên ngoài.
ANH-1057,P3,LOGO_ICON,Peace-Vietnam-Partner-logo-HomeNest.Software.png,png,3,src/lib/site-data.json:812|1576,https://image.homenest.software/wp-content/uploads/2026/04/Peace-Vietnam-Partner-logo-HomeNest.Software.png,public/images/logo_icon/peace-vietnam-partner-logo-homenest-software.png,CHO_KIEM_TRA,URL ảnh từ máy chủ bên ngoài.
ANH-1058,P3,LOGO_ICON,Pera-Lux-Partner-logo-HomeNest.Software.png,png,2,src/lib/site-data.json:812,https://image.homenest.software/wp-content/uploads/2026/04/Pera-Lux-Partner-logo-HomeNest.Software.png,public/images/logo_icon/pera-lux-partner-logo-homenest-software.png,CHO_KIEM_TRA,URL ảnh từ máy chủ bên ngoài.
ANH-1059,P3,LOGO_ICON,Phuc-Thanh-Phat-Partner-logo-HomeNest.Software.png,png,2,src/lib/site-data.json:812,https://image.homenest.software/wp-content/uploads/2026/04/Phuc-Thanh-Phat-Partner-logo-HomeNest.Software.png,public/images/logo_icon/phuc-thanh-phat-partner-logo-homenest-software.png,CHO_KIEM_TRA,URL ảnh từ máy chủ bên ngoài.
ANH-1060,P3,LOGO_ICON,react-native.png,png,11,src/components/sections/technologies/TechnologiesPage.tsx:89; src/lib/site-data.json:262|274|286|298|310|322|334|346|358|2253,https://image.homenest.software/wp-content/uploads/2026/04/react-native.png,public/images/logo_icon/react-native.png,CHO_KIEM_TRA,URL ảnh từ máy chủ bên ngoài.
ANH-1061,P3,LOGO_ICON,react.png,png,11,src/components/sections/technologies/TechnologiesPage.tsx:59; src/lib/site-data.json:262|274|286|298|310|322|334|346|358|2188,https://image.homenest.software/wp-content/uploads/2026/04/react.png,public/images/logo_icon/react.png,CHO_KIEM_TRA,URL ảnh từ máy chủ bên ngoài.
ANH-1062,P3,LOGO_ICON,SIMTU-Partner-logo-HomeNest.Software.png,png,2,src/lib/site-data.json:812,https://image.homenest.software/wp-content/uploads/2026/04/SIMTU-Partner-logo-HomeNest.Software.png,public/images/logo_icon/simtu-partner-logo-homenest-software.png,CHO_KIEM_TRA,URL ảnh từ máy chủ bên ngoài.
ANH-1063,P3,LOGO_ICON,SingapoDent-Partner-logo-HomeNest.Software.png,png,3,src/lib/site-data.json:812|1608,https://image.homenest.software/wp-content/uploads/2026/04/SingapoDent-Partner-logo-HomeNest.Software.png,public/images/logo_icon/singapodent-partner-logo-homenest-software.png,CHO_KIEM_TRA,URL ảnh từ máy chủ bên ngoài.
ANH-1064,P3,LOGO_ICON,Smokeshop-Partner-logo-HomeNest.Software.png,png,2,src/lib/site-data.json:812,https://image.homenest.software/wp-content/uploads/2026/04/Smokeshop-Partner-logo-HomeNest.Software.png,public/images/logo_icon/smokeshop-partner-logo-homenest-software.png,CHO_KIEM_TRA,URL ảnh từ máy chủ bên ngoài.
ANH-1065,P3,LOGO_ICON,Son-Co-Partner-logo-HomeNest.Software.png,png,5,src/lib/site-data.json:812|1539|1560,https://image.homenest.software/wp-content/uploads/2026/04/Son-Co-Partner-logo-HomeNest.Software.png,public/images/logo_icon/son-co-partner-logo-homenest-software.png,CHO_KIEM_TRA,URL ảnh từ máy chủ bên ngoài.
ANH-1066,P3,LOGO_ICON,Song-Quan-Land-Partner-logo-HomeNest.Software.png,png,3,src/lib/site-data.json:812|1592,https://image.homenest.software/wp-content/uploads/2026/04/Song-Quan-Land-Partner-logo-HomeNest.Software.png,public/images/logo_icon/song-quan-land-partner-logo-homenest-software.png,CHO_KIEM_TRA,URL ảnh từ máy chủ bên ngoài.
ANH-1067,P3,LOGO_ICON,Spack-Partner-logo-HomeNest.Software.png,png,3,src/lib/site-data.json:812|1664,https://image.homenest.software/wp-content/uploads/2026/04/Spack-Partner-logo-HomeNest.Software.png,public/images/logo_icon/spack-partner-logo-homenest-software.png,CHO_KIEM_TRA,URL ảnh từ máy chủ bên ngoài.
ANH-1068,P3,LOGO_ICON,ST-Car-Service-Partner-logo-HomeNest.Software.png,png,2,src/lib/site-data.json:812,https://image.homenest.software/wp-content/uploads/2026/04/ST-Car-Service-Partner-logo-HomeNest.Software.png,public/images/logo_icon/st-car-service-partner-logo-homenest-software.png,CHO_KIEM_TRA,URL ảnh từ máy chủ bên ngoài.
ANH-1069,P3,LOGO_ICON,SugarFree-Partner-logo-HomeNest.Software.png,png,2,src/lib/site-data.json:812,https://image.homenest.software/wp-content/uploads/2026/04/SugarFree-Partner-logo-HomeNest.Software.png,public/images/logo_icon/sugarfree-partner-logo-homenest-software.png,CHO_KIEM_TRA,URL ảnh từ máy chủ bên ngoài.
ANH-1070,P3,LOGO_ICON,The-Gioi-Nuoc-Hoa-Partner-logo-HomeNest.Software.png,png,2,src/lib/site-data.json:812,https://image.homenest.software/wp-content/uploads/2026/04/The-Gioi-Nuoc-Hoa-Partner-logo-HomeNest.Software.png,public/images/logo_icon/the-gioi-nuoc-hoa-partner-logo-homenest-software.png,CHO_KIEM_TRA,URL ảnh từ máy chủ bên ngoài.
ANH-1071,P3,LOGO_ICON,The-Sun-Cosmetics-Partner-logo-HomeNest.Software.png,png,2,src/lib/site-data.json:812,https://image.homenest.software/wp-content/uploads/2026/04/The-Sun-Cosmetics-Partner-logo-HomeNest.Software.png,public/images/logo_icon/the-sun-cosmetics-partner-logo-homenest-software.png,CHO_KIEM_TRA,URL ảnh từ máy chủ bên ngoài.
ANH-1072,P3,LOGO_ICON,Tri-Duc-Partner-logo-HomeNest.Software.png,png,2,src/lib/site-data.json:812,https://image.homenest.software/wp-content/uploads/2026/04/Tri-Duc-Partner-logo-HomeNest.Software.png,public/images/logo_icon/tri-duc-partner-logo-homenest-software.png,CHO_KIEM_TRA,URL ảnh từ máy chủ bên ngoài.
ANH-1073,P3,LOGO_ICON,Van-Phuc-Partner-logo-HomeNest.Software.png,png,3,src/lib/site-data.json:812|1644,https://image.homenest.software/wp-content/uploads/2026/04/Van-Phuc-Partner-logo-HomeNest.Software.png,public/images/logo_icon/van-phuc-partner-logo-homenest-software.png,CHO_KIEM_TRA,URL ảnh từ máy chủ bên ngoài.
ANH-1074,P3,LOGO_ICON,Viet-Plus-Partner-logo-HomeNest.Software.png,png,5,src/lib/site-data.json:812|1538|1556,https://image.homenest.software/wp-content/uploads/2026/04/Viet-Plus-Partner-logo-HomeNest.Software.png,public/images/logo_icon/viet-plus-partner-logo-homenest-software.png,CHO_KIEM_TRA,URL ảnh từ máy chủ bên ngoài.
ANH-1075,P3,LOGO_ICON,Winwin-Partner-logo-HomeNest.Software.png,png,3,src/lib/site-data.json:812|1640,https://image.homenest.software/wp-content/uploads/2026/04/Winwin-Partner-logo-HomeNest.Software.png,public/images/logo_icon/winwin-partner-logo-homenest-software.png,CHO_KIEM_TRA,URL ảnh từ máy chủ bên ngoài.
ANH-1076,P3,LOGO_ICON,Xay-Dung-Hai-Minh-Partner-logo-HomeNest.Software.png,png,2,src/lib/site-data.json:812,https://image.homenest.software/wp-content/uploads/2026/04/Xay-Dung-Hai-Minh-Partner-logo-HomeNest.Software.png,public/images/logo_icon/xay-dung-hai-minh-partner-logo-homenest-software.png,CHO_KIEM_TRA,URL ảnh từ máy chủ bên ngoài.
ANH-1077,P3,LOGO_ICON,Xuan-Hoang-Auto-Partner-logo-HomeNest.Software.png,png,2,src/lib/site-data.json:812,https://image.homenest.software/wp-content/uploads/2026/04/Xuan-Hoang-Auto-Partner-logo-HomeNest.Software.png,public/images/logo_icon/xuan-hoang-auto-partner-logo-homenest-software.png,CHO_KIEM_TRA,URL ảnh từ máy chủ bên ngoài.
ANH-1078,P3,LOGO_ICON,Yen-Tam-Partner-logo-HomeNest.Software.png,png,2,src/lib/site-data.json:812,https://image.homenest.software/wp-content/uploads/2026/04/Yen-Tam-Partner-logo-HomeNest.Software.png,public/images/logo_icon/yen-tam-partner-logo-homenest-software.png,CHO_KIEM_TRA,URL ảnh từ máy chủ bên ngoài.
ANH-1079,P3,LOGO_ICON,Zappa-Partner-logo-HomeNest.Software.png,png,3,src/lib/site-data.json:812|1612,https://image.homenest.software/wp-content/uploads/2026/04/Zappa-Partner-logo-HomeNest.Software.png,public/images/logo_icon/zappa-partner-logo-homenest-software.png,CHO_KIEM_TRA,URL ảnh từ máy chủ bên ngoài.
ANH-1080,P3,LOGO_ICON,Flutter-so-voi-React-Native-va-Xamarin-Nen-chon-framework-nao-cho-phat-trien-Mobile.webp,webp,1,src/lib/site-data.json:768,https://s3.ap-southeast-1.amazonaws.com/image.homenest.com.vn/wp-content/uploads/2026/03/22115935/Flutter-so-voi-React-Native-va-Xamarin-Nen-chon-framework-nao-cho-phat-trien-Mobile.webp,public/images/logo_icon/flutter-so-voi-react-native-va-xamarin-nen-chon-framework-nao-cho-phat-trien-mobile.webp,CHO_KIEM_TRA,URL ảnh từ máy chủ bên ngoài.
ANH-1081,P3,TRANG_TRI_KHUNG,Flutter-Framework-1024x683.webp,webp,2,src/lib/site-data.json:771,https://image.homenest.com.vn/wp-content/uploads/2026/03/22115934/Flutter-Framework-1024x683.webp,public/images/trang_tri_khung/flutter-framework-1024x683.webp,CHO_KIEM_TRA,URL ảnh từ máy chủ bên ngoài.
ANH-1082,P3,TRANG_TRI_KHUNG,Flutter-Framework-1536x1024.webp,webp,1,src/lib/site-data.json:771,https://image.homenest.com.vn/wp-content/uploads/2026/03/22115934/Flutter-Framework-1536x1024.webp,public/images/trang_tri_khung/flutter-framework-1536x1024.webp,CHO_KIEM_TRA,URL ảnh từ máy chủ bên ngoài.
ANH-1083,P3,TRANG_TRI_KHUNG,Flutter-Framework-300x200.webp,webp,1,src/lib/site-data.json:771,https://image.homenest.com.vn/wp-content/uploads/2026/03/22115934/Flutter-Framework-300x200.webp,public/images/trang_tri_khung/flutter-framework-300x200.webp,CHO_KIEM_TRA,URL ảnh từ máy chủ bên ngoài.
ANH-1084,P3,TRANG_TRI_KHUNG,Flutter-Framework-768x512.webp,webp,1,src/lib/site-data.json:771,https://image.homenest.com.vn/wp-content/uploads/2026/03/22115934/Flutter-Framework-768x512.webp,public/images/trang_tri_khung/flutter-framework-768x512.webp,CHO_KIEM_TRA,URL ảnh từ máy chủ bên ngoài.
ANH-1085,P3,TRANG_TRI_KHUNG,Flutter-Framework.webp,webp,1,src/lib/site-data.json:771,https://image.homenest.com.vn/wp-content/uploads/2026/03/22115934/Flutter-Framework.webp,public/images/trang_tri_khung/flutter-framework.webp,CHO_KIEM_TRA,URL ảnh từ máy chủ bên ngoài.
ANH-1086,P3,TRANG_TRI_KHUNG,about-hero-graphic.svg,svg,2,src/lib/site-data.json:812|1786,https://image.homenest.com.vn/wp-content/uploads/2026/04/about-hero-graphic.svg,public/images/trang_tri_khung/about-hero-graphic.svg,CHO_KIEM_TRA,URL ảnh từ máy chủ bên ngoài.
ANH-1087,P3,TRANG_TRI_KHUNG,campaign-background.png,png,2,src/lib/site-data.json:812|1314,https://image.homenest.com.vn/wp-content/uploads/2026/04/campaign-background.png,public/images/trang_tri_khung/campaign-background.png,CHO_KIEM_TRA,URL ảnh từ máy chủ bên ngoài.
ANH-1088,P3,TRANG_TRI_KHUNG,decoration-pattern.png,png,1,src/lib/site-data.json:1309,https://image.homenest.com.vn/wp-content/uploads/2026/04/decoration-pattern.png,public/images/trang_tri_khung/decoration-pattern.png,CHO_KIEM_TRA,URL ảnh từ máy chủ bên ngoài.
ANH-1089,P3,TRANG_TRI_KHUNG,hero-section-graphic.png,png,4,src/components/sections/AboutPageHero.tsx:5; src/lib/site-data.json:812,https://image.homenest.com.vn/wp-content/uploads/2026/04/hero-section-graphic.png,public/images/trang_tri_khung/hero-section-graphic.png,CHO_KIEM_TRA,URL ảnh từ máy chủ bên ngoài.
ANH-1090,P3,TRANG_TRI_KHUNG,HomeNest-Viet-Nam-main-background.jpg,jpg,1,src/components/sections/IndustriesIndex.module.css:8,https://image.homenest.com.vn/wp-content/uploads/2026/04/HomeNest-Viet-Nam-main-background.jpg,public/images/trang_tri_khung/homenest-viet-nam-main-background.jpg,CHO_KIEM_TRA,URL ảnh từ máy chủ bên ngoài.
ANH-1091,P3,TRANG_TRI_KHUNG,Main-background-page-HomeNest-Viet-Nam.jpg,jpg,5,src/components/sections/CompanyOverview.module.css:2; src/components/sections/FAQAccordion.module.css:3; src/components/sections/Testimonials.module.css:2; src/components/sections/dichvu-detail/Faq.module.css:3; src/components/sections/technologies/TechnologiesPage.module.css:111,https://image.homenest.com.vn/wp-content/uploads/2026/04/Main-background-page-HomeNest-Viet-Nam.jpg,public/images/trang_tri_khung/main-background-page-homenest-viet-nam.jpg,CHO_KIEM_TRA,URL ảnh từ máy chủ bên ngoài.
ANH-1092,P3,TRANG_TRI_KHUNG,Khung-dien-thoai-Casestudy-scaled.png,png,1,src/components/sections/CaseStudyShowcase.tsx:81,https://image.homenest.com.vn/wp-content/uploads/2026/06/Khung-dien-thoai-Casestudy-scaled.png,public/images/trang_tri_khung/khung-dien-thoai-casestudy-scaled.png,CHO_KIEM_TRA,URL ảnh từ máy chủ bên ngoài.
